vendor_id,vendor_name,parent_company_group,year,total_spend_inr,po_count,avg_po_value_inr,category_count,plant_count,spend_rank,cumulative_spend_pct,is_tail,tail_tier
0000014652,Prime Marketing,GRP-013,2023,5658403910.27,27,64300044.43,4,6,1,7.4,False,Strategic
0000015001,National Agencies,IND-0000015001,2023,2724771807.27,9,71704521.24,1,2,2,10.96,False,Strategic
0000013867,Global Industrial,IND-0000013867,2023,2466248503.21,18,37942284.66,1,2,3,14.18,False,Strategic
0000014585,Techno Bearings & Sons,IND-0000014585,2023,2162897731.33,9,60080492.54,1,1,4,17.01,False,Strategic
0000013637,Deccan Engineering,IND-0000013637,2023,1445003679.14,17,24913856.54,1,2,5,18.89,False,Strategic
0000013109,Northern Corporation Corporation,IND-0000013109,2023,1317014249.72,24,14161443.55,1,3,6,20.62,False,Managed
0000012470,Weir Minerals Netherlands,IND-0000012470,2023,1284526235.01,22,18091918.8,2,6,7,22.29,False,Managed
0000012479,BASF SE,IND-0000012479,2023,1262487072.81,2,315621768.2,2,2,8,23.94,False,Managed
0000014642,National Packaging,IND-0000014642,2023,1231661792.28,25,13996156.73,2,3,9,25.55,False,Managed
0000013717,United Polymers & Co,IND-0000013717,2023,1158031860.56,52,6328042.95,1,6,10,27.07,False,Managed
0000012852,New Safety India Pvt Ltd,IND-0000012852,2023,1137283332.86,19,14040534.97,2,6,11,28.55,False,Managed
0000013995,Universal Fabricators Pvt Ltd,IND-0000013995,2023,1127433235.63,16,20498786.1,2,6,12,30.03,False,Managed
0000014138,Sai Agencies Industries,IND-0000014138,2023,1087472185.03,41,7154422.27,2,5,13,31.45,False,Managed
0000015057,Krishna Automation,GRP-016,2023,1080150391.55,26,11614520.34,4,6,14,32.86,False,Managed
0000014885,Universal Refractories Pvt Ltd,IND-0000014885,2023,1071552993.58,42,7096377.44,1,6,15,34.26,False,Managed
0000012914,Amar Steel & Co,IND-0000012914,2023,1059413982.89,18,16816094.97,2,6,16,35.65,False,Managed
0000013682,Balaji Automation Pvt Ltd,IND-0000013682,2023,1057351403.22,9,28577064.95,1,2,17,37.03,False,Managed
0000012826,National Rubber & Co,GRP-001,2023,1041002290.16,18,15537347.61,4,6,18,38.39,False,Managed
0000014242,Laxmi Industrial Ltd,IND-0000014242,2023,1040247075.18,22,12842556.48,1,4,19,39.75,False,Managed
0000013342,Hindustan Packaging,IND-0000013342,2023,1019115380.35,18,15210677.32,1,3,20,41.08,False,Managed
0000013456,Amar Marketing Pvt Ltd,IND-0000013456,2023,969470990.37,34,8430182.52,2,7,21,42.35,False,Managed
0000013501,Sri Marketing,IND-0000013501,2023,921510143.79,31,9500104.58,1,3,22,43.55,False,Managed
0000012390,ABB Power Products India,ABB GROUP,2023,913112023.63,15,13835030.66,2,5,23,44.74,False,Managed
0000013965,Sri Safety,IND-0000013965,2023,889808510.23,12,22815602.83,1,1,24,45.91,False,Managed
0000013131,Deccan Packaging Industries,GRP-004,2023,887449767.43,56,4797025.77,3,7,25,47.07,False,Managed
0000012348,Tata Steel BSL Ltd,TATA GROUP,2023,833863534.63,75,2936139.21,5,7,26,48.16,False,Managed
0000013568,United Safety,IND-0000013568,2023,805914058.48,18,14391322.47,2,5,27,49.21,False,Managed
0000014740,Standard Traders,GRP-014,2023,801151458.11,27,8614531.81,2,6,28,50.26,False,Monitored
0000013550,Sai Engineering & Sons,IND-0000013550,2023,771408094.0,14,16071001.96,1,6,29,51.27,False,Monitored
0000012838,Global Electricals,IND-0000012838,2023,755041319.85,11,22880040.0,1,1,30,52.25,False,Monitored
0000014186,Northern Hydraulics,IND-0000014186,2023,728539586.19,31,6504817.73,2,4,31,53.2,False,Monitored
0000013149,Universal Lubricants Industries,IND-0000013149,2023,708911808.93,27,7089118.09,1,6,32,54.13,False,Monitored
0000013120,Modern Hydraulics Pvt Ltd,IND-0000013120,2023,683978875.66,16,11592862.3,1,4,33,55.02,False,Monitored
0000014303,Balaji Automation,IND-0000014303,2023,661098629.66,15,13772888.12,2,4,34,55.89,False,Monitored
0000015105,Northern Agencies & Co,IND-0000015105,2023,653100144.53,16,11069493.98,1,2,35,56.74,False,Monitored
0000014406,Standard Lubricants Pvt Ltd,IND-0000014406,2023,638285359.63,25,7421922.79,1,1,36,57.58,False,Monitored
0000014942,Rajesh Alloys & Sons,IND-0000014942,2023,621527042.26,38,4316160.02,2,5,37,58.39,False,Monitored
0000014516,Om Fabricators Industries,IND-0000014516,2023,600490024.26,17,9238308.07,2,5,38,59.17,False,Monitored
0000012527,Voltas Ltd,IND-0000012527,2023,597687515.09,14,12716755.64,1,3,39,59.95,False,Monitored
0000012871,Prime Chemicals Pvt Ltd,IND-0000012871,2023,588170215.59,12,14004052.75,1,2,40,60.72,False,Monitored
0000013793,Western Rubber & Sons,IND-0000013793,2023,560972450.32,17,11686926.05,1,2,41,61.46,False,Monitored
0000013646,Ganga Agencies,IND-0000013646,2023,555468070.96,23,7823493.96,2,6,42,62.18,False,Monitored
0000014331,Krishna Enterprises & Co,IND-0000014331,2023,542569083.31,25,6383165.69,1,4,43,62.89,False,Monitored
0000013250,Northern Bearings Corporation,IND-0000013250,2023,491100956.52,4,30693809.78,1,2,44,63.53,False,Monitored
0000013615,Shree Steel,GRP-008,2023,488581362.9,21,7292259.15,2,5,45,64.17,False,Monitored
0000013544,Om Marketing,IND-0000013544,2023,484007924.14,10,13828797.83,1,3,46,64.8,False,Monitored
0000013481,Prime Industrial,IND-0000013481,2023,482896834.74,26,5888985.79,3,6,47,65.44,False,Monitored
0000013043,Indo Equipments,IND-0000013043,2023,468733294.68,17,7560214.43,2,5,48,66.05,False,Monitored
0000012345,Tata Steel Ltd,TATA GROUP,2023,461344266.82,46,2995741.99,4,7,49,66.65,False,Monitored
0000013031,Vijay Enterprises & Co,IND-0000013031,2023,453006842.01,15,7947488.46,2,4,50,67.24,False,Monitored
0000014672,Ganesh Alloys,IND-0000014672,2023,449076684.87,37,3564100.67,2,7,51,67.83,False,Monitored
0000014410,Rajesh Engineering & Co,IND-0000014410,2023,437029391.63,31,3468487.24,2,7,52,68.4,False,Monitored
0000012421,Kirloskar Brothers Ltd,KIRLOSKAR GROUP,2023,414341079.53,27,4143410.8,3,5,53,68.94,False,Monitored
0000013698,Reliable Electricals,IND-0000013698,2023,409123170.74,23,5245168.86,2,6,54,69.48,False,Monitored
0000013670,Modern Safety Ltd,IND-0000013670,2023,403780285.48,23,5047253.57,2,7,55,70.01,False,Monitored
0000012692,Sri Systems & Sons,GRP-001,2023,400955673.98,35,3233513.5,5,7,56,70.53,False,Monitored
0000014909,Perfect Enterprises India Pvt Ltd,IND-0000014909,2023,393852395.27,6,19692619.76,1,4,57,71.04,False,Monitored
0000013848,Western Traders & Sons,IND-0000013848,2023,385348375.81,13,7706967.52,2,3,58,71.55,False,Monitored
0000013186,Maa Bearings,GRP-004,2023,373857694.92,32,3115480.79,4,7,59,72.04,False,Monitored
0000014560,Ashok Metals India Pvt Ltd,IND-0000014560,2023,361194791.6,6,19010252.19,1,3,60,72.51,False,Monitored
0000014111,Vijay Polymers & Co,IND-0000014111,2023,358265366.22,10,8738179.66,2,3,61,72.98,False,Monitored
0000013415,Sai Engineering,IND-0000013415,2023,355632311.22,14,6585783.54,1,6,62,73.44,False,Monitored
0000014856,Prime Minerals Pvt Ltd,IND-0000014856,2023,351671332.27,14,7992530.28,1,3,63,73.9,False,Monitored
0000013631,Ganesh Marketing Ltd,IND-0000013631,2023,351550894.14,7,11718363.14,1,2,64,74.36,False,Monitored
0000014677,National Alloys Corporation,IND-0000014677,2023,344815696.65,13,7336504.18,2,6,65,74.81,False,Monitored
0000012359,Larsen & Toubro Ltd,L&T GROUP,2023,330807759.44,14,5423078.02,3,5,66,75.24,False,Monitored
0000013395,Northern Corporation,IND-0000013395,2023,323422675.0,12,6468453.5,2,2,67,75.67,False,Monitored
0000012832,United Industrial & Co,IND-0000012832,2023,321032679.02,5,17835148.83,1,3,68,76.09,False,Monitored
0000014079,Northern Lubricants & Co,IND-0000014079,2023,309444497.83,3,34382721.98,1,1,69,76.49,False,Monitored
0000012977,Rajesh Packaging Corporation,IND-0000012977,2023,304583561.31,2,33842617.92,1,1,70,76.89,False,Monitored
0000012879,Amar Enterprises,IND-0000012879,2023,303373822.73,19,4272870.74,2,6,71,77.28,False,Monitored
0000013336,National Automation Industries,GRP-006,2023,297401260.6,54,1643100.89,7,7,72,77.67,False,Monitored
0000013709,Super Systems Pvt Ltd,GRP-008,2023,294088936.73,17,4668078.36,2,5,73,78.06,False,Monitored
0000012488,Bharat Petroleum Corp Ltd,IND-0000012488,2023,278426738.32,10,11601114.1,1,3,74,78.42,False,Monitored
0000014494,Vijay Instruments Ltd,IND-0000014494,2023,272381286.26,18,5558801.76,2,4,75,78.78,False,Monitored
0000012364,L&T Construction,L&T GROUP,2023,268127072.98,9,7660773.51,1,5,76,79.13,False,Monitored
0000014495,Perfect Agencies India Pvt Ltd,IND-0000014495,2023,267155902.88,13,5238351.04,2,4,77,79.48,False,Monitored
0000013227,Precision Electricals India Pvt Ltd,IND-0000013227,2023,265822445.27,10,9493658.76,1,3,78,79.82,False,Monitored
0000014208,Bharat Refractories India Pvt Ltd,IND-0000014208,2023,261077542.1,27,2837799.37,2,4,79,80.17,True,Tail
0000014901,Amar Agencies Pvt Ltd,IND-0000014901,2023,260584194.26,20,3889316.33,2,7,80,80.51,True,Tail
0000014051,Om Instruments India Pvt Ltd,IND-0000014051,2023,258188402.33,11,9562533.42,1,5,81,80.84,True,Tail
0000013302,Eastern Corporation India Pvt Ltd,GRP-005,2023,257846887.22,21,2772547.17,4,6,82,81.18,True,Tail
0000012876,Universal Industrial Ltd,GRP-002,2023,255672121.73,46,1469380.01,7,7,83,81.51,True,Tail
0000013741,Reliable Bearings,IND-0000013741,2023,254055011.98,5,12702750.6,2,3,84,81.85,True,Tail
0000014721,Precision Systems,IND-0000014721,2023,241296102.92,6,12699794.89,2,1,85,82.16,True,Tail
0000013428,Modern Hydraulics Ltd,IND-0000013428,2023,239180806.09,14,4348741.93,2,6,86,82.47,True,Tail
0000012369,L&T Valves Ltd,L&T GROUP,2023,238949287.19,18,3676142.88,2,7,87,82.79,True,Tail
0000012666,Ganga Packaging Corporation,IND-0000012666,2023,227064842.19,11,6136887.63,1,3,88,83.08,True,Tail
0000015041,Western Fabricators India Pvt Ltd,IND-0000015041,2023,224787863.39,20,3355042.74,2,6,89,83.38,True,Tail
0000013598,Continental Enterprises,IND-0000013598,2023,223724796.34,8,7457493.21,1,3,90,83.67,True,Tail
0000013840,Techno Rubber,GRP-010,2023,220573642.13,60,1060450.2,2,5,91,83.96,True,Tail
0000012408,Saint-Gobain India,SAINT-GOBAIN,2023,218566831.35,14,3768393.64,1,3,92,84.24,True,Tail
0000013527,Universal Traders,IND-0000013527,2023,215497374.97,8,5670983.55,2,5,93,84.53,True,Tail
0000012885,Ganga Chemicals Pvt Ltd,IND-0000012885,2023,213089607.06,6,9685891.23,1,5,94,84.8,True,Tail
0000014418,Ashok Instruments & Co,IND-0000014418,2023,212120864.06,27,2256604.94,2,7,95,85.08,True,Tail
0000014989,United Lubricants & Co,IND-0000014989,2023,211887173.85,8,7062905.8,1,6,96,85.36,True,Tail
0000013210,Western Traders Pvt Ltd,IND-0000013210,2023,205942130.79,4,15841702.37,1,3,97,85.63,True,Tail
0000013188,Vijay Safety,GRP-004,2023,205514782.75,14,3736632.41,4,7,98,85.9,True,Tail
0000013047,Bharat Lubricants Pvt Ltd,GRP-003,2023,203935238.33,29,1999365.08,2,7,99,86.16,True,Tail
0000014045,Continental Electricals & Sons,IND-0000014045,2023,203237953.49,14,3225999.26,1,2,100,86.43,True,Tail
0000013241,Deccan Minerals Pvt Ltd,IND-0000013241,2023,201409634.12,17,3006113.94,1,6,101,86.69,True,Tail
0000014488,Prime Traders India Pvt Ltd,IND-0000014488,2023,194928820.62,4,8860400.94,1,3,102,86.95,True,Tail
0000012443,Metso India Pvt Ltd,METSO GROUP,2023,193447329.18,11,4718227.54,2,4,103,87.2,True,Tail
0000013382,Ganga Polymers Corporation,IND-0000013382,2023,188305751.7,8,8966940.56,1,2,104,87.45,True,Tail
0000015089,Reliable Steel India Pvt Ltd,GRP-016,2023,184539240.71,8,6590687.17,2,4,105,87.69,True,Tail
0000013285,Sri Metals,IND-0000013285,2023,179774971.07,13,3595499.42,3,6,106,87.92,True,Tail
0000012556,Tech Mahindra Ltd,IND-0000012556,2023,177032812.69,16,2810044.65,1,4,107,88.15,True,Tail
0000014286,Sri Enterprises,IND-0000014286,2023,173171341.95,12,3607736.29,1,4,108,88.38,True,Tail
0000012807,Shree Steel Ltd,GRP-001,2023,172839643.79,28,1600367.07,3,5,109,88.6,True,Tail
0000014948,Rajesh Electricals,IND-0000014948,2023,171473316.18,24,2041349.0,2,7,110,88.83,True,Tail
0000012817,New Alloys Corporation,IND-0000012817,2023,170641925.54,11,3482488.28,2,5,111,89.05,True,Tail
0000014054,Shree Automation,IND-0000014054,2023,169165557.22,2,33833111.44,2,2,112,89.27,True,Tail
0000013726,Amar Corporation,IND-0000013726,2023,168171362.5,8,6006120.09,1,3,113,89.49,True,Tail
0000014529,Eastern Steel Industries,IND-0000014529,2023,156908832.5,8,5811438.24,1,5,114,89.7,True,Tail
0000014843,Deccan Equipments & Sons,GRP-014,2023,155618102.33,4,7780905.12,3,3,115,89.9,True,Tail
0000014369,Standard Safety,IND-0000014369,2023,154501671.73,15,2809121.3,1,6,116,90.1,True,Tail
0000013753,Ashok Automation Corporation,IND-0000013753,2023,153624661.89,16,2560411.03,1,6,117,90.3,True,Tail
0000013847,Ganga Instruments,IND-0000013847,2023,153500672.92,5,6395861.37,1,3,118,90.5,True,Tail
0000014956,Hindustan Steel India Pvt Ltd,IND-0000014956,2023,150097254.62,6,10006483.64,1,3,119,90.7,True,Tail
0000012435,Epiroc Mining India,ATLAS COPCO,2023,141880093.61,10,3637951.12,2,4,120,90.89,True,Tail
0000012506,Grasim Industries Ltd,IND-0000012506,2023,136546443.77,14,2786662.12,1,2,121,91.06,True,Tail
0000014106,Shree Automation India Pvt Ltd,IND-0000014106,2023,135719598.95,6,4523986.63,1,3,122,91.24,True,Tail
0000014699,Precision Minerals Pvt Ltd,IND-0000014699,2023,134757515.5,39,852895.67,3,6,123,91.42,True,Tail
0000013531,Techno Alloys Corporation,IND-0000013531,2023,134613593.71,10,3638205.24,1,4,124,91.59,True,Tail
0000013951,United Metals Ltd,IND-0000013951,2023,131186730.62,2,21864455.1,1,2,125,91.77,True,Tail
0000013086,Southern Packaging & Co,GRP-004,2023,131123685.53,27,1260804.67,6,7,126,91.94,True,Tail
0000013353,Krishna Marketing & Sons,IND-0000013353,2023,125852845.3,17,2568425.41,1,4,127,92.1,True,Tail
0000013084,Laxmi Instruments India Pvt Ltd,IND-0000013084,2023,123065638.66,7,5350679.94,2,3,128,92.26,True,Tail
0000014615,Krishna Engineering,GRP-013,2023,120480998.19,8,4154517.18,2,4,129,92.42,True,Tail
0000014444,Eastern Enterprises Corporation,IND-0000014444,2023,118219777.39,13,2515314.41,1,3,130,92.57,True,Tail
0000013142,Reliable Engineering,IND-0000013142,2023,114238339.58,6,4231049.61,1,3,131,92.72,True,Tail
0000013537,Prime Alloys India Pvt Ltd,IND-0000013537,2023,113422759.27,7,4200842.94,1,5,132,92.87,True,Tail
0000012874,Techno Minerals,IND-0000012874,2023,111619889.92,7,5580994.5,2,4,133,93.02,True,Tail
0000012354,Tata Bearings,TATA GROUP,2023,107955128.93,25,1101582.95,6,6,134,93.16,True,Tail
0000014548,Reliable Bearings & Co,IND-0000014548,2023,105532060.07,3,7538004.29,1,2,135,93.3,True,Tail
0000014171,National Metals & Sons,IND-0000014171,2023,104161415.65,12,2170029.49,1,5,136,93.43,True,Tail
0000014924,Eastern Equipments,IND-0000014924,2023,103549288.2,20,1278386.27,1,4,137,93.57,True,Tail
0000014258,Perfect Steel & Co,IND-0000014258,2023,99959476.69,5,4759975.08,1,3,138,93.7,True,Tail
0000012646,Sai Traders Industries,IND-0000012646,2023,98783687.49,15,2147471.47,1,5,139,93.83,True,Tail
0000014760,Continental Fabricators India Pvt Ltd,IND-0000014760,2023,98286620.38,22,1585268.07,1,5,140,93.96,True,Tail
0000014555,Southern Rubber,IND-0000014555,2023,97894550.6,26,1138308.73,4,6,141,94.08,True,Tail
0000014022,Universal Systems Pvt Ltd,IND-0000014022,2023,97072488.31,26,933389.31,1,7,142,94.21,True,Tail
0000013318,Prime Marketing & Sons,IND-0000013318,2023,96043367.33,6,4001806.97,1,4,143,94.34,True,Tail
0000014333,Prime Fabricators & Sons,IND-0000014333,2023,93153049.65,11,2217929.75,2,4,144,94.46,True,Tail
0000014354,Super Bearings Ltd,IND-0000014354,2023,92900655.31,24,1308459.93,3,6,145,94.58,True,Tail
0000013005,Shree Fabricators,IND-0000013005,2023,91658486.0,4,5092138.11,1,1,146,94.7,True,Tail
0000014454,Prime Systems Ltd,IND-0000014454,2023,89481371.37,2,14913561.9,1,2,147,94.82,True,Tail
0000013279,Indo Industrial Industries,IND-0000013279,2023,88797673.52,7,3415295.14,1,4,148,94.93,True,Tail
0000012684,Modern Polymers,IND-0000012684,2023,81834172.21,19,1258987.26,1,3,149,95.04,True,Deep Tail
0000013489,Global Instruments Pvt Ltd,IND-0000013489,2023,81225355.41,10,2030633.89,1,4,150,95.15,True,Deep Tail
0000012419,Cummins Sales & Service,CUMMINS GROUP,2023,80060818.53,5,6158524.5,1,4,151,95.25,True,Deep Tail
0000013972,Southern Industrial & Sons,IND-0000013972,2023,77046038.65,16,1351684.89,1,4,152,95.35,True,Deep Tail
0000014523,Ganga Lubricants Industries,IND-0000014523,2023,76816905.84,21,1052286.38,1,5,153,95.45,True,Deep Tail
0000015058,Western Chemicals Corporation,IND-0000015058,2023,76472723.76,23,840359.6,2,7,154,95.55,True,Deep Tail
0000012724,Laxmi Lubricants & Sons,IND-0000012724,2023,73341279.71,5,4889418.65,1,2,155,95.65,True,Deep Tail
0000014041,Eastern Marketing Industries,IND-0000014041,2023,68115302.51,15,1174401.77,2,6,156,95.74,True,Deep Tail
0000013057,Indo Marketing,IND-0000013057,2023,62911767.72,7,2995798.46,1,3,157,95.82,True,Deep Tail
0000013291,Eastern Instruments Industries,IND-0000013291,2023,62598914.85,10,1691862.56,1,5,158,95.9,True,Deep Tail
0000014690,Western Equipments,IND-0000014690,2023,61892243.32,7,2947249.68,1,3,159,95.98,True,Deep Tail
0000013403,Continental Refractories & Sons,IND-0000013403,2023,61247595.34,9,1424362.68,1,3,160,96.06,True,Deep Tail
0000012935,Western Metals & Sons,GRP-002,2023,61045846.74,30,540228.73,5,6,161,96.14,True,Deep Tail
0000012716,Techno Fabricators,IND-0000012716,2023,59384275.97,2,19794758.66,1,2,162,96.22,True,Deep Tail
0000014951,Maa Refractories Industries,GRP-015,2023,59349511.83,35,453049.71,3,6,163,96.3,True,Deep Tail
0000013492,Amar Alloys,GRP-007,2023,58565499.43,43,370667.72,2,5,164,96.37,True,Deep Tail
0000015095,Standard Steel & Sons,IND-0000015095,2023,55369411.76,20,692117.65,1,7,165,96.44,True,Deep Tail
0000013308,Prime Steel,GRP-005,2023,55189820.79,8,2044067.44,2,3,166,96.52,True,Deep Tail
0000015031,New Enterprises & Sons,IND-0000015031,2023,52838236.9,4,5283823.69,2,2,167,96.59,True,Deep Tail
0000014088,Super Marketing,IND-0000014088,2023,52264723.0,16,871078.72,1,4,168,96.65,True,Deep Tail
0000014646,Perfect Hydraulics India Pvt Ltd,IND-0000014646,2023,49764467.73,7,1990578.71,2,5,169,96.72,True,Deep Tail
0000014806,Indo Enterprises & Co,IND-0000014806,2023,49650195.85,7,2158704.17,1,4,170,96.78,True,Deep Tail
0000012955,Ganga Electricals Corporation,GRP-002,2023,49447354.05,57,276242.2,6,6,171,96.85,True,Deep Tail
0000014845,Amar Metals,IND-0000014845,2023,47996136.94,15,1021194.4,2,7,172,96.91,True,Deep Tail
0000012457,Sandvik Mining India,SANDVIK GROUP,2023,47076294.75,2,6725184.96,1,2,173,96.97,True,Deep Tail
0000013164,Sai Instruments & Co,IND-0000013164,2023,46646904.22,11,1110640.58,1,4,174,97.03,True,Deep Tail
0000015046,Om Steel & Co,IND-0000015046,2023,46187033.09,7,2008131.87,1,3,175,97.09,True,Deep Tail
0000014655,Krishna Agencies & Sons,GRP-013,2023,45304853.39,24,509043.3,3,6,176,97.15,True,Deep Tail
0000014194,Ashok Hydraulics,IND-0000014194,2023,45160022.28,27,531294.38,1,5,177,97.21,True,Deep Tail
0000012902,Reliable Marketing Pvt Ltd,GRP-002,2023,43201217.73,65,196369.17,7,7,178,97.27,True,Deep Tail
0000014144,Perfect Refractories,IND-0000014144,2023,41578411.18,2,5939773.03,1,1,179,97.32,True,Deep Tail
0000012786,Ganesh Polymers Pvt Ltd,IND-0000012786,2023,41031838.26,15,854829.96,1,7,180,97.38,True,Deep Tail
0000012593,United Instruments Ltd,IND-0000012593,2023,40230108.1,13,773655.92,1,6,181,97.43,True,Deep Tail
0000013137,Hindustan Enterprises,IND-0000013137,2023,40019757.56,24,588525.85,1,7,182,97.48,True,Deep Tail
0000012647,Krishna Marketing,GRP-000,2023,39739251.41,11,1018955.16,2,5,183,97.53,True,Deep Tail
0000013685,Reliable Fabricators Ltd,GRP-008,2023,39323128.77,11,1092309.13,2,7,184,97.59,True,Deep Tail
0000012672,Super Packaging Pvt Ltd,GRP-000,2023,38965372.0,36,360790.48,2,6,185,97.64,True,Deep Tail
0000013082,Amar Agencies,IND-0000013082,2023,38611649.8,7,1544465.99,1,4,186,97.69,True,Deep Tail
0000014061,Eastern Metals & Sons,IND-0000014061,2023,38306259.17,2,6384376.53,1,2,187,97.74,True,Deep Tail
0000013312,Northern Systems Pvt Ltd,GRP-005,2023,37527359.96,7,1705789.09,2,5,188,97.79,True,Deep Tail
0000013360,Amar Minerals,IND-0000013360,2023,35678901.29,4,2378593.42,1,3,189,97.83,True,Deep Tail
0000014032,Laxmi Alloys Corporation,IND-0000014032,2023,35146166.83,18,627610.12,1,3,190,97.88,True,Deep Tail
0000014465,Reliable Fabricators,GRP-012,2023,34827008.76,24,400310.45,3,7,191,97.92,True,Deep Tail
0000013247,Balaji Refractories Corporation,IND-0000013247,2023,34529639.64,12,803014.88,1,3,192,97.97,True,Deep Tail
0000014411,Universal Corporation Pvt Ltd,GRP-012,2023,34138356.03,24,359351.12,3,6,193,98.01,True,Deep Tail
0000014394,Standard Electricals & Co,IND-0000014394,2023,33943932.96,18,640451.57,2,7,194,98.06,True,Deep Tail
0000012753,Super Lubricants,GRP-001,2023,33883903.42,18,584205.23,4,6,195,98.1,True,Deep Tail
0000013854,Western Industrial Pvt Ltd,IND-0000013854,2023,32931364.25,11,784080.1,1,5,196,98.15,True,Deep Tail
0000013470,Precision Agencies,IND-0000013470,2023,32655960.49,11,933027.44,2,5,197,98.19,True,Deep Tail
0000014766,Eastern Traders,GRP-014,2023,32409856.19,12,753717.59,2,4,198,98.23,True,Deep Tail
0000013824,Precision Packaging Ltd,GRP-009,2023,31448941.08,9,849971.38,2,4,199,98.27,True,Deep Tail
0000013200,National Chemicals,IND-0000013200,2023,31020821.98,11,838400.59,2,5,200,98.31,True,Deep Tail
0000013405,Ashok Bearings Corporation,GRP-006,2023,30259252.39,41,201728.35,4,6,201,98.35,True,Deep Tail
0000013183,Eastern Minerals,GRP-004,2023,29416759.35,8,1050598.55,3,4,202,98.39,True,Deep Tail
0000013762,Standard Electricals Corporation,IND-0000013762,2023,29046370.59,7,1210265.44,1,4,203,98.43,True,Deep Tail
0000014751,Eastern Safety India Pvt Ltd,IND-0000014751,2023,29001192.55,9,906287.27,1,5,204,98.47,True,Deep Tail
0000013239,Southern Fabricators & Co,GRP-004,2023,27646504.59,9,1256659.3,2,4,205,98.5,True,Deep Tail
0000012812,Techno Bearings,IND-0000012812,2023,27223539.36,6,1701471.21,1,3,206,98.54,True,Deep Tail
0000014445,Hindustan Agencies & Sons,IND-0000014445,2023,26956433.59,5,2450584.87,1,4,207,98.57,True,Deep Tail
0000014415,Indo Enterprises India Pvt Ltd,GRP-012,2023,26776231.2,18,399645.24,5,7,208,98.61,True,Deep Tail
0000013999,Modern Bearings & Co,IND-0000013999,2023,26487451.28,10,945980.4,1,6,209,98.64,True,Deep Tail
0000013074,Eastern Chemicals Corporation,IND-0000013074,2023,26135192.07,2,8711730.69,1,2,210,98.68,True,Deep Tail
0000012401,Thermax Chemicals,THERMAX GROUP,2023,25843970.94,4,1722931.4,1,3,211,98.71,True,Deep Tail
0000014163,Om Refractories India Pvt Ltd,IND-0000014163,2023,24690973.61,5,1646064.91,1,3,212,98.74,True,Deep Tail
0000013330,Balaji Lubricants India Pvt Ltd,IND-0000013330,2023,23276553.21,20,347411.24,1,3,213,98.77,True,Deep Tail
0000014570,Ashok Bearings,GRP-012,2023,22010921.79,25,275136.52,3,7,214,98.8,True,Deep Tail
0000014783,Sri Rubber Corporation,IND-0000014783,2023,21515744.58,5,1536838.9,1,3,215,98.83,True,Deep Tail
0000012689,Perfect Rubber Ltd,GRP-000,2023,21291008.43,37,139156.92,3,5,216,98.86,True,Deep Tail
0000012700,Balaji Marketing,IND-0000012700,2023,21154324.2,4,1511023.16,1,2,217,98.89,True,Deep Tail
0000014385,United Agencies & Co,GRP-011,2023,20976011.05,20,304000.16,3,6,218,98.91,True,Deep Tail
0000014279,Deccan Traders & Co,IND-0000014279,2023,20907117.13,11,475161.75,1,3,219,98.94,True,Deep Tail
0000014621,Precision Rubber,IND-0000014621,2023,20573063.38,10,501782.03,1,3,220,98.97,True,Deep Tail
0000014424,Eastern Automation Corporation,GRP-012,2023,20435200.3,45,138075.68,4,6,221,98.99,True,Deep Tail
0000012915,United Fabricators,GRP-002,2023,20045938.57,32,157842.04,7,6,222,99.02,True,Deep Tail
0000014460,Rajesh Lubricants & Sons,IND-0000014460,2023,19880663.58,4,1420047.4,1,3,223,99.05,True,Deep Tail
0000014686,Hindustan Industrial India Pvt Ltd,GRP-013,2023,19574048.94,11,724964.78,2,5,224,99.07,True,Deep Tail
0000014972,Ganga Steel,IND-0000014972,2023,19314270.26,4,1931427.03,1,2,225,99.1,True,Deep Tail
0000012738,Western Marketing,IND-0000012738,2023,18743089.43,10,646313.43,1,5,226,99.12,True,Deep Tail
0000012446,FLSmidth A/S,FLSMIDTH GROUP,2023,18147649.43,18,307587.28,1,3,227,99.15,True,Deep Tail
0000014957,Maa Marketing,IND-0000014957,2023,17850593.13,7,1115662.07,1,3,228,99.17,True,Deep Tail
0000014527,Bharat Equipments Pvt Ltd,GRP-012,2023,17539672.53,19,243606.56,3,7,229,99.19,True,Deep Tail
0000012630,Rajesh Instruments,GRP-000,2023,17380433.35,48,98752.46,3,7,230,99.21,True,Deep Tail
0000012890,New Safety,IND-0000012890,2023,17041928.22,2,2130241.03,1,2,231,99.24,True,Deep Tail
0000013253,Reliable Metals Ltd,IND-0000013253,2023,16734358.6,28,199218.55,2,7,232,99.26,True,Deep Tail
0000015067,Krishna Refractories Ltd,GRP-016,2023,16643376.57,38,117206.88,2,5,233,99.28,True,Deep Tail
0000012466,Komatsu India Pvt Ltd,KOMATSU GROUP,2023,16405063.25,12,349043.9,1,4,234,99.3,True,Deep Tail
0000012473,Flottweg SE,IND-0000012473,2023,16148041.97,35,149518.91,3,7,235,99.32,True,Deep Tail
0000014140,Standard Bearings,IND-0000014140,2023,15575769.26,5,1297980.77,3,3,236,99.34,True,Deep Tail
0000013610,Bharat Instruments & Sons,IND-0000013610,2023,15488672.38,9,673420.54,1,4,237,99.36,True,Deep Tail
0000012601,Western Engineering Corporation,GRP-000,2023,15474306.52,16,309486.13,5,6,238,99.38,True,Deep Tail
0000013062,Precision Electricals,IND-0000013062,2023,14088964.9,7,587040.2,1,5,239,99.4,True,Deep Tail
0000013706,United Enterprises,IND-0000013706,2023,14012782.34,5,636944.65,1,3,240,99.42,True,Deep Tail
0000013107,Krishna Refractories & Sons,IND-0000013107,2023,13784778.84,13,353455.87,1,5,241,99.44,True,Deep Tail
0000013219,Maa Minerals India Pvt Ltd,IND-0000013219,2023,13782420.85,17,233600.35,1,4,242,99.46,True,Deep Tail
0000013024,Bharat Engineering,GRP-003,2023,13726541.65,27,159610.95,1,4,243,99.47,True,Deep Tail
0000015083,Universal Electricals Pvt Ltd,IND-0000015083,2023,13137413.3,7,656870.66,2,4,244,99.49,True,Deep Tail
0000013495,Ashok Corporation Pvt Ltd,IND-0000013495,2023,12956603.1,2,1439622.57,1,2,245,99.51,True,Deep Tail
0000012805,Bharat Instruments,IND-0000012805,2023,12747417.25,28,135610.82,2,5,246,99.52,True,Deep Tail
0000014741,National Minerals India Pvt Ltd,GRP-014,2023,12213607.52,9,436200.27,2,5,247,99.54,True,Deep Tail
0000012543,Bharat Heavy Electricals Ltd,IND-0000012543,2023,12136925.92,5,577948.85,1,4,248,99.56,True,Deep Tail
0000014341,Maa Lubricants,GRP-011,2023,11683760.71,23,126997.4,1,5,249,99.57,True,Deep Tail
0000014514,Shree Traders Pvt Ltd,IND-0000014514,2023,11040623.64,10,334564.35,1,4,250,99.59,True,Deep Tail
0000014020,Techno Marketing,GRP-010,2023,10737192.59,14,233417.23,3,5,251,99.6,True,Deep Tail
0000012620,Universal Packaging Industries,IND-0000012620,2023,10513988.44,3,1051398.84,1,2,252,99.61,True,Deep Tail
0000012579,Yokogawa India Ltd,IND-0000012579,2023,10357120.21,5,609242.37,1,3,253,99.63,True,Deep Tail
0000013407,Balaji Fabricators,IND-0000013407,2023,10241875.76,18,157567.32,1,3,254,99.64,True,Deep Tail
0000014755,Reliable Instruments Ltd,GRP-014,2023,10086572.11,7,347812.83,2,4,255,99.65,True,Deep Tail
0000013385,Universal Automation,GRP-006,2023,10020184.99,16,204493.57,4,6,256,99.67,True,Deep Tail
0000013642,Modern Agencies India Pvt Ltd,IND-0000013642,2023,9568380.47,1,1594730.08,1,1,257,99.68,True,Deep Tail
0000014263,Om Rubber,IND-0000014263,2023,8715425.19,8,348617.01,2,4,258,99.69,True,Deep Tail
0000012863,Northern Fabricators,IND-0000012863,2023,8500171.83,11,250005.05,1,3,259,99.7,True,Deep Tail
0000013888,New Equipments Pvt Ltd,IND-0000013888,2023,8290148.53,3,552676.57,1,3,260,99.71,True,Deep Tail
0000013728,Bharat Polymers & Sons,IND-0000013728,2023,8217173.22,7,265070.1,1,4,261,99.72,True,Deep Tail
0000013140,Bharat Automation,IND-0000013140,2023,7972244.28,16,153312.39,2,6,262,99.73,True,Deep Tail
0000013645,Prime Systems Pvt Ltd,GRP-008,2023,7791956.23,9,311678.25,2,5,263,99.74,True,Deep Tail
0000014283,United Minerals Industries,IND-0000014283,2023,7718660.51,11,192966.51,2,5,264,99.75,True,Deep Tail
0000014848,Northern Refractories,GRP-014,2023,6923661.17,3,865457.65,2,2,265,99.76,True,Deep Tail
0000014246,Sri Agencies,IND-0000014246,2023,6750724.59,4,562560.38,1,2,266,99.77,True,Deep Tail
0000012664,Techno Packaging,IND-0000012664,2023,6697746.23,1,3348873.12,1,1,267,99.78,True,Deep Tail
0000012769,Sri Chemicals & Co,IND-0000012769,2023,6624367.43,7,331218.37,1,4,268,99.79,True,Deep Tail
0000013712,Ashok Marketing Pvt Ltd,IND-0000013712,2023,6572487.47,6,298749.43,1,4,269,99.8,True,Deep Tail
0000013063,Laxmi Agencies,GRP-003,2023,6558767.9,15,139548.25,1,4,270,99.81,True,Deep Tail
0000013588,Eastern Safety Pvt Ltd,IND-0000013588,2023,6422002.33,2,583818.39,1,2,271,99.82,True,Deep Tail
0000014971,Sri Metals India Pvt Ltd,IND-0000014971,2023,6261786.57,8,184170.19,1,5,272,99.82,True,Deep Tail
0000012770,Om Polymers Industries,IND-0000012770,2023,6138994.22,7,236115.16,1,5,273,99.83,True,Deep Tail
0000014852,Shree Marketing Industries,IND-0000014852,2023,6111183.08,3,763897.88,1,2,274,99.84,True,Deep Tail
0000013368,Southern Industrial & Co,GRP-006,2023,5763975.42,11,130999.44,2,5,275,99.85,True,Deep Tail
0000014172,Hindustan Marketing & Co,IND-0000014172,2023,5715684.95,2,816526.42,1,2,276,99.85,True,Deep Tail
0000013101,Ganga Minerals Pvt Ltd,IND-0000013101,2023,5687134.98,3,406223.93,1,2,277,99.86,True,Deep Tail
0000015071,Vijay Fabricators Corporation,IND-0000015071,2023,5205407.28,2,1301351.82,2,2,278,99.87,True,Deep Tail
0000012537,Polycab India Ltd,IND-0000012537,2023,4371696.18,10,93014.81,2,4,279,99.87,True,Deep Tail
0000014938,Super Agencies & Co,GRP-015,2023,3893038.76,8,129767.96,2,3,280,99.88,True,Deep Tail
0000014125,Southern Bearings,IND-0000014125,2023,3870209.12,4,241888.07,1,3,281,99.88,True,Deep Tail
0000014360,Indo Lubricants,GRP-011,2023,3826893.37,12,85042.07,1,5,282,99.89,True,Deep Tail
0000013506,Perfect Packaging & Sons,GRP-007,2023,3807300.0,23,61408.06,2,5,283,99.89,True,Deep Tail
0000013776,Universal Lubricants Pvt Ltd,IND-0000013776,2023,3653239.06,7,140509.19,1,2,284,99.9,True,Deep Tail
0000013844,Deccan Traders,GRP-010,2023,3594082.45,7,156264.45,2,4,285,99.9,True,Deep Tail
0000014704,Ganga Lubricants,GRP-013,2023,3582119.2,3,447764.9,1,2,286,99.91,True,Deep Tail
0000012783,Indo Hydraulics Ltd,IND-0000012783,2023,3534108.92,3,294509.08,1,3,287,99.91,True,Deep Tail
0000013677,Modern Refractories,IND-0000013677,2023,3195105.15,5,122888.66,2,3,288,99.92,True,Deep Tail
0000012979,Hindustan Agencies Pvt Ltd,GRP-003,2023,3103210.6,5,134922.2,2,2,289,99.92,True,Deep Tail
0000013181,Hindustan Refractories,IND-0000013181,2023,3093098.52,2,386637.31,1,2,290,99.93,True,Deep Tail
0000014154,Amar Automation Ltd,GRP-011,2023,3021869.16,14,73704.13,2,5,291,99.93,True,Deep Tail
0000013772,Western Steel Industries,GRP-009,2023,2700942.09,6,142154.85,1,3,292,99.93,True,Deep Tail
0000012450,FLSmidth Pvt Ltd,FLSMIDTH GROUP,2023,2643613.23,3,440602.2,1,2,293,99.94,True,Deep Tail
0000013324,Western Corporation Ltd,GRP-006,2023,2592589.53,12,68226.04,4,6,294,99.94,True,Deep Tail
0000013452,Amar Lubricants,IND-0000013452,2023,2578825.28,6,122801.2,1,4,295,99.94,True,Deep Tail
0000012718,Shree Marketing & Sons,IND-0000012718,2023,2411992.19,8,92768.93,1,5,296,99.95,True,Deep Tail
0000012696,Deccan Alloys,IND-0000012696,2023,2305255.45,20,32468.39,1,7,297,99.95,True,Deep Tail
0000014543,Modern Alloys,IND-0000014543,2023,2132662.08,3,304666.01,1,3,298,99.95,True,Deep Tail
0000015023,Rajesh Automation,GRP-016,2023,2128600.37,3,163738.49,1,2,299,99.96,True,Deep Tail
0000013694,Rajesh Enterprises,IND-0000013694,2023,2070236.36,3,230026.26,1,3,300,99.96,True,Deep Tail
0000013071,Bharat Automation Ltd,IND-0000013071,2023,2031047.58,9,59736.69,1,4,301,99.96,True,Deep Tail
0000014661,Indo Traders Industries,IND-0000014661,2023,1980933.74,2,198093.37,1,2,302,99.96,True,Deep Tail
0000013977,New Electricals,IND-0000013977,2023,1787129.95,10,55847.81,1,4,303,99.97,True,Deep Tail
0000014866,Amar Agencies & Co,GRP-015,2023,1786836.5,7,85087.45,1,3,304,99.97,True,Deep Tail
0000013565,Northern Safety,IND-0000013565,2023,1355927.53,1,677963.76,1,1,305,99.97,True,Deep Tail
0000014542,Deccan Chemicals India Pvt Ltd,IND-0000014542,2023,1329187.32,4,102245.18,1,3,306,99.97,True,Deep Tail
0000012454,Sandvik AB,SANDVIK GROUP,2023,1301545.35,1,325386.34,1,1,307,99.97,True,Deep Tail
0000013273,Indo Traders Ltd,GRP-005,2023,1279482.23,10,38772.19,1,5,308,99.97,True,Deep Tail
0000014400,Vijay Alloys,IND-0000014400,2023,1207373.96,2,120737.4,2,2,309,99.98,True,Deep Tail
0000012706,Super Electricals & Co,IND-0000012706,2023,1177254.46,7,43602.02,1,6,310,99.98,True,Deep Tail
0000014827,Deccan Chemicals Corporation,IND-0000014827,2023,1007642.42,1,503821.21,1,1,311,99.98,True,Deep Tail
0000014790,Eastern Bearings India Pvt Ltd,IND-0000014790,2023,922093.91,5,70930.3,1,2,312,99.98,True,Deep Tail
0000014666,Southern Chemicals Ltd,GRP-013,2023,853269.3,2,94807.7,1,1,313,99.98,True,Deep Tail
0000013859,Northern Equipments Industries,IND-0000013859,2023,839996.78,15,19999.92,1,7,314,99.98,True,Deep Tail
0000013929,Maa Fabricators & Sons,IND-0000013929,2023,833170.37,4,52073.15,1,3,315,99.98,True,Deep Tail
0000013424,Modern Industrial & Co,IND-0000013424,2023,803501.47,2,114785.92,1,2,316,99.98,True,Deep Tail
0000014645,United Metals Corporation,IND-0000014645,2023,765672.64,1,255224.21,1,1,317,99.99,True,Deep Tail
0000012439,Metso Outotec Oyj,METSO GROUP,2023,755442.54,2,94430.32,1,1,318,99.99,True,Deep Tail
0000012476,Orica Ltd,IND-0000012476,2023,744166.34,5,74416.63,1,3,319,99.99,True,Deep Tail
0000013681,Eastern Industrial,IND-0000013681,2023,706779.72,2,100968.53,1,2,320,99.99,True,Deep Tail
0000013375,Ganesh Bearings Corporation,IND-0000013375,2023,689523.73,1,114920.62,1,1,321,99.99,True,Deep Tail
0000015006,Prime Packaging & Sons,GRP-015,2023,660013.92,11,18857.54,2,4,322,99.99,True,Deep Tail
0000012843,Continental Alloys Ltd,IND-0000012843,2023,649881.24,1,216627.08,1,1,323,99.99,True,Deep Tail
0000012743,Universal Instruments Corporation,IND-0000012743,2023,558120.5,11,17441.27,1,2,324,99.99,True,Deep Tail
0000014987,Ganesh Instruments,IND-0000014987,2023,539604.7,2,67450.59,1,1,325,99.99,True,Deep Tail
0000013144,Ashok Automation,IND-0000013144,2023,475389.44,4,25020.5,1,2,326,99.99,True,Deep Tail
0000012731,Techno Instruments Pvt Ltd,IND-0000012731,2023,465490.16,1,116372.54,1,1,327,99.99,True,Deep Tail
0000014913,Indo Hydraulics India Pvt Ltd,IND-0000014913,2023,459130.96,1,114782.74,1,1,328,99.99,True,Deep Tail
0000012981,Modern Electricals,GRP-003,2023,456090.03,4,41462.73,1,3,329,99.99,True,Deep Tail
0000013878,Vijay Enterprises Pvt Ltd,IND-0000013878,2023,304827.84,1,50804.64,1,1,330,100.0,True,Deep Tail
0000013175,Om Traders & Co,IND-0000013175,2023,300010.34,2,100003.45,1,1,331,100.0,True,Deep Tail
0000012868,National Instruments & Sons,IND-0000012868,2023,273731.94,4,30414.66,1,3,332,100.0,True,Deep Tail
0000013780,Southern Alloys India Pvt Ltd,IND-0000013780,2023,268547.59,5,14134.08,1,3,333,100.0,True,Deep Tail
0000014272,Southern Chemicals Industries,IND-0000014272,2023,257291.13,1,85763.71,1,1,334,100.0,True,Deep Tail
0000014087,Amar Industrial,IND-0000014087,2023,246477.16,2,61619.29,1,2,335,100.0,True,Deep Tail
0000014057,Northern Electricals India Pvt Ltd,GRP-011,2023,237938.26,3,19828.19,1,3,336,100.0,True,Deep Tail
0000013511,United Instruments & Sons,IND-0000013511,2023,211549.13,1,52887.28,1,1,337,100.0,True,Deep Tail
0000015075,Techno Engineering Ltd,IND-0000015075,2023,200041.36,3,25005.17,1,2,338,100.0,True,Deep Tail
0000014898,Krishna Agencies & Co,GRP-015,2023,174257.8,2,24893.97,1,2,339,100.0,True,Deep Tail
0000013520,Indo Minerals Pvt Ltd,GRP-007,2023,166809.06,2,27801.51,1,1,340,100.0,True,Deep Tail
0000013523,Eastern Automation Pvt Ltd,IND-0000013523,2023,150942.97,1,50314.32,1,1,341,100.0,True,Deep Tail
0000014312,Universal Alloys,IND-0000014312,2023,150801.53,3,13709.23,1,3,342,100.0,True,Deep Tail
0000013960,Universal Engineering Pvt Ltd,IND-0000013960,2023,140516.67,2,20073.81,1,1,343,100.0,True,Deep Tail
0000014167,Super Engineering,IND-0000014167,2023,126519.23,1,21086.54,1,1,344,100.0,True,Deep Tail
0000014520,Sai Minerals India Pvt Ltd,IND-0000014520,2023,125341.36,1,25068.27,1,1,345,100.0,True,Deep Tail
0000013720,Continental Electricals India Pvt Ltd,IND-0000013720,2023,115154.06,1,23030.81,1,1,346,100.0,True,Deep Tail
0000014844,Northern Chemicals,IND-0000014844,2023,100000.23,1,100000.23,1,1,347,100.0,True,Deep Tail
0000014027,Modern Systems Pvt Ltd,IND-0000014027,2023,98200.43,4,8183.37,1,3,348,100.0,True,Deep Tail
0000014869,Hindustan Engineering & Co,IND-0000014869,2023,63847.7,2,15961.92,1,2,349,100.0,True,Deep Tail
0000012511,Gujarat Fluorochemicals,IND-0000012511,2023,51413.3,1,10282.66,1,1,350,100.0,True,Deep Tail
0000013335,Super Equipments Ltd,IND-0000013335,2023,49629.94,1,9925.99,1,1,351,100.0,True,Deep Tail
0000013396,Standard Fabricators,IND-0000013396,2023,41594.66,1,6932.44,1,1,352,100.0,True,Deep Tail
0000014337,Ashok Equipments India Pvt Ltd,IND-0000014337,2023,20516.47,1,5129.12,1,1,353,100.0,True,Deep Tail
0000014974,Ashok Minerals Ltd,IND-0000014974,2023,14904.68,1,14904.68,1,1,354,100.0,True,Deep Tail
0000013867,Global Industrial,IND-0000013867,2024,6669782861.98,13,141910273.66,1,2,1,7.77,False,Strategic
0000012871,Prime Chemicals Pvt Ltd,IND-0000012871,2024,4638710977.74,14,98695978.25,1,2,2,13.17,False,Strategic
0000013682,Balaji Automation Pvt Ltd,IND-0000013682,2024,4210094854.11,11,113786347.41,1,2,3,18.07,False,Strategic
0000014721,Precision Systems,IND-0000014721,2024,3396568659.53,7,102926323.02,1,1,4,22.02,False,Managed
0000012470,Weir Minerals Netherlands,IND-0000012470,2024,2929409376.12,22,39586613.19,2,6,5,25.43,False,Managed
0000014652,Prime Marketing,GRP-013,2024,2163216494.5,30,19314432.99,5,4,6,27.95,False,Managed
0000014901,Amar Agencies Pvt Ltd,IND-0000014901,2024,2105358330.6,38,17544652.76,2,7,7,30.4,False,Managed
0000015001,National Agencies,IND-0000015001,2024,2047898506.12,9,58511385.89,1,2,8,32.79,False,Managed
0000014585,Techno Bearings & Sons,IND-0000014585,2024,2033215821.36,10,67773860.71,1,1,9,35.15,False,Managed
0000013501,Sri Marketing,IND-0000013501,2024,1701453768.03,30,16518968.62,1,3,10,37.14,False,Managed
0000014061,Eastern Metals & Sons,IND-0000014061,2024,1315673757.84,4,77392573.99,1,2,11,38.67,False,Managed
0000013109,Northern Corporation Corporation,IND-0000013109,2024,1268622307.6,30,11226746.08,1,3,12,40.14,False,Managed
0000014242,Laxmi Industrial Ltd,IND-0000014242,2024,1233842175.52,19,23280041.05,1,4,13,41.58,False,Managed
0000012506,Grasim Industries Ltd,IND-0000012506,2024,1189036758.89,15,22434655.83,1,2,14,42.97,False,Managed
0000014740,Standard Traders,GRP-014,2024,1113277232.4,30,9939975.29,3,7,15,44.26,False,Managed
0000012390,ABB Power Products India,ABB GROUP,2024,962808921.96,23,13189163.31,1,6,16,45.38,False,Managed
0000014140,Standard Bearings,IND-0000014140,2024,949590177.27,9,33913934.9,3,4,17,46.49,False,Managed
0000012527,Voltas Ltd,IND-0000012527,2024,919124557.05,19,13926129.65,1,3,18,47.56,False,Managed
0000013709,Super Systems Pvt Ltd,GRP-008,2024,891809139.98,18,11734330.79,3,5,19,48.6,False,Managed
0000014957,Maa Marketing,IND-0000014957,2024,829258358.67,9,31894552.26,1,3,20,49.56,False,Managed
0000014331,Krishna Enterprises & Co,IND-0000014331,2024,809771698.02,15,13274945.87,1,4,21,50.5,False,Monitored
0000014488,Prime Traders India Pvt Ltd,IND-0000014488,2024,805929731.74,8,23703815.64,1,2,22,51.44,False,Monitored
0000014942,Rajesh Alloys & Sons,IND-0000014942,2024,781210826.86,44,5278451.53,4,5,23,52.35,False,Monitored
0000013186,Maa Bearings,GRP-004,2024,772307511.83,42,5516482.23,5,7,24,53.25,False,Monitored
0000012348,Tata Steel BSL Ltd,TATA GROUP,2024,769846956.39,66,3483470.39,5,6,25,54.15,False,Monitored
0000013342,Hindustan Packaging,IND-0000013342,2024,759038826.91,25,9487985.34,1,3,26,55.03,False,Monitored
0000013481,Prime Industrial,IND-0000013481,2024,695971881.09,42,4349824.26,3,7,27,55.84,False,Monitored
0000012488,Bharat Petroleum Corp Ltd,IND-0000012488,2024,678453338.49,14,15076740.86,1,3,28,56.63,False,Monitored
0000013741,Reliable Bearings,IND-0000013741,2024,653557671.33,10,22536471.43,2,5,29,57.39,False,Monitored
0000013382,Ganga Polymers Corporation,IND-0000013382,2024,599532890.89,10,16203591.65,1,2,30,58.09,False,Monitored
0000012435,Epiroc Mining India,ATLAS COPCO,2024,590742723.44,11,16409520.1,2,3,31,58.78,False,Monitored
0000013637,Deccan Engineering,IND-0000013637,2024,581051368.68,12,17607617.23,1,2,32,59.46,False,Monitored
0000013717,United Polymers & Co,IND-0000013717,2024,579344294.45,43,4355972.14,1,6,33,60.13,False,Monitored
0000014885,Universal Refractories Pvt Ltd,IND-0000014885,2024,564243202.97,33,4587343.11,1,6,34,60.79,False,Monitored
0000014051,Om Instruments India Pvt Ltd,IND-0000014051,2024,545057707.3,10,13626442.68,1,5,35,61.42,False,Monitored
0000013550,Sai Engineering & Sons,IND-0000013550,2024,539222776.3,19,8839717.64,1,6,36,62.05,False,Monitored
0000014246,Sri Agencies,IND-0000014246,2024,526024084.93,6,26301204.25,1,2,37,62.66,False,Monitored
0000014186,Northern Hydraulics,IND-0000014186,2024,524790778.06,47,3105270.88,2,4,38,63.27,False,Monitored
0000015057,Krishna Automation,GRP-016,2024,519693501.38,27,5905607.97,3,5,39,63.88,False,Monitored
0000013951,United Metals Ltd,IND-0000013951,2024,508431425.2,5,25421571.26,1,3,40,64.47,False,Monitored
0000014208,Bharat Refractories India Pvt Ltd,IND-0000014208,2024,495694919.11,25,5387988.25,2,5,41,65.05,False,Monitored
0000013544,Om Marketing,IND-0000013544,2024,495271157.62,14,10766764.3,1,3,42,65.62,False,Monitored
0000013047,Bharat Lubricants Pvt Ltd,GRP-003,2024,482256901.96,36,3681350.4,3,7,43,66.18,False,Monitored
0000014406,Standard Lubricants Pvt Ltd,IND-0000014406,2024,457238102.11,14,10633444.24,1,1,44,66.72,False,Monitored
0000014494,Vijay Instruments Ltd,IND-0000014494,2024,445079833.28,18,8559227.56,2,6,45,67.24,False,Monitored
0000013285,Sri Metals,IND-0000013285,2024,433887203.88,7,16687969.38,2,4,46,67.74,False,Monitored
0000013646,Ganga Agencies,IND-0000013646,2024,418619679.96,25,4360621.67,2,7,47,68.23,False,Monitored
0000014303,Balaji Automation,IND-0000014303,2024,417406333.23,14,8880985.81,2,5,48,68.71,False,Monitored
0000013685,Reliable Fabricators Ltd,GRP-008,2024,414253522.04,23,6276568.52,4,7,49,69.2,False,Monitored
0000013615,Shree Steel,GRP-008,2024,407298420.2,19,7542563.34,3,7,50,69.67,False,Monitored
0000013456,Amar Marketing Pvt Ltd,IND-0000013456,2024,404296725.46,36,3286965.25,2,7,51,70.14,False,Monitored
0000013031,Vijay Enterprises & Co,IND-0000013031,2024,404218503.68,22,5116689.92,2,5,52,70.61,False,Monitored
0000013395,Northern Corporation,IND-0000013395,2024,401973298.9,14,8039465.98,2,3,53,71.08,False,Monitored
0000013131,Deccan Packaging Industries,GRP-004,2024,401187325.03,50,2346124.71,3,7,54,71.55,False,Monitored
0000012852,New Safety India Pvt Ltd,IND-0000012852,2024,396047680.92,21,4714853.34,3,6,55,72.01,False,Monitored
0000013995,Universal Fabricators Pvt Ltd,IND-0000013995,2024,394709933.67,18,6924735.68,3,7,56,72.47,False,Monitored
0000012401,Thermax Chemicals,THERMAX GROUP,2024,392539411.11,4,26169294.07,1,4,57,72.92,False,Monitored
0000012838,Global Electricals,IND-0000012838,2024,388431433.82,12,9248367.47,1,1,58,73.38,False,Monitored
0000013492,Amar Alloys,GRP-007,2024,384562286.44,27,3884467.54,2,5,59,73.82,False,Monitored
0000013670,Modern Safety Ltd,IND-0000013670,2024,375329246.0,30,3263732.57,2,7,60,74.26,False,Monitored
0000015105,Northern Agencies & Co,IND-0000015105,2024,348541950.91,7,15153997.87,1,2,61,74.67,False,Monitored
0000012479,BASF SE,IND-0000012479,2024,346675370.02,2,43334421.25,2,2,62,75.07,False,Monitored
0000013793,Western Rubber & Sons,IND-0000013793,2024,345581562.62,13,6399658.57,1,2,63,75.47,False,Monitored
0000014856,Prime Minerals Pvt Ltd,IND-0000014856,2024,341904102.99,19,5427049.25,1,3,64,75.87,False,Monitored
0000013965,Sri Safety,IND-0000013965,2024,340008883.71,21,4722345.61,1,1,65,76.27,False,Monitored
0000014642,National Packaging,IND-0000014642,2024,326020000.49,21,4234025.98,2,4,66,76.65,False,Monitored
0000012354,Tata Bearings,TATA GROUP,2024,323788004.54,35,2632422.8,6,7,67,77.02,False,Monitored
0000014079,Northern Lubricants & Co,IND-0000014079,2024,322276231.58,3,18957425.39,1,1,68,77.4,False,Monitored
0000014883,Rajesh Hydraulics,GRP-015,2024,318905671.42,8,16784509.02,3,4,69,77.77,False,Monitored
0000014677,National Alloys Corporation,IND-0000014677,2024,318649749.35,21,4033541.13,3,6,70,78.14,False,Monitored
0000012345,Tata Steel Ltd,TATA GROUP,2024,317712012.3,39,2118080.08,5,7,71,78.51,False,Monitored
0000012914,Amar Steel & Co,IND-0000012914,2024,303128787.56,13,8192669.93,2,5,72,78.86,False,Monitored
0000014655,Krishna Agencies & Sons,GRP-013,2024,302257124.08,33,2934535.19,4,5,73,79.22,False,Monitored
0000014699,Precision Minerals Pvt Ltd,IND-0000014699,2024,300600579.3,35,2348442.03,3,4,74,79.57,False,Monitored
0000012369,L&T Valves Ltd,L&T GROUP,2024,298946867.99,15,5435397.6,2,6,75,79.91,False,Monitored
0000014672,Ganesh Alloys,IND-0000014672,2024,292576043.46,37,2151294.44,2,7,76,80.25,True,Tail
0000014516,Om Fabricators Industries,IND-0000014516,2024,291423583.17,24,3688906.12,2,4,77,80.59,True,Tail
0000014410,Rajesh Engineering & Co,IND-0000014410,2024,288724037.63,37,2426252.42,2,7,78,80.93,True,Tail
0000014194,Ashok Hydraulics,IND-0000014194,2024,287975979.72,18,4113942.57,1,5,79,81.27,True,Tail
0000013082,Amar Agencies,IND-0000013082,2024,282964558.45,13,6288101.3,2,6,80,81.59,True,Tail
0000014045,Continental Electricals & Sons,IND-0000014045,2024,277340919.73,12,6029150.43,1,2,81,81.92,True,Tail
0000014333,Prime Fabricators & Sons,IND-0000014333,2024,275583563.55,14,5199689.88,2,5,82,82.24,True,Tail
0000012421,Kirloskar Brothers Ltd,KIRLOSKAR GROUP,2024,272803998.4,16,7179052.59,3,4,83,82.56,True,Tail
0000014418,Ashok Instruments & Co,IND-0000014418,2024,269505953.51,27,3062567.65,2,7,84,82.87,True,Tail
0000012408,Saint-Gobain India,SAINT-GOBAIN,2024,259272352.09,13,5516433.02,1,3,85,83.17,True,Tail
0000014022,Universal Systems Pvt Ltd,IND-0000014022,2024,247795677.35,16,4765301.49,1,7,86,83.46,True,Tail
0000014054,Shree Automation,IND-0000014054,2024,247403692.56,3,22491244.78,2,3,87,83.75,True,Tail
0000013415,Sai Engineering,IND-0000013415,2024,244189779.81,14,4210168.62,1,5,88,84.03,True,Tail
0000014138,Sai Agencies Industries,IND-0000014138,2024,235636186.57,38,1870128.46,2,7,89,84.31,True,Tail
0000012832,United Industrial & Co,IND-0000012832,2024,233756828.61,10,6678766.53,1,3,90,84.58,True,Tail
0000014529,Eastern Steel Industries,IND-0000014529,2024,222536619.92,7,10115300.91,1,5,91,84.84,True,Tail
0000014454,Prime Systems Ltd,IND-0000014454,2024,217779582.94,2,31111368.99,1,1,92,85.09,True,Tail
0000012579,Yokogawa India Ltd,IND-0000012579,2024,216019632.38,6,10286649.16,1,2,93,85.34,True,Tail
0000012826,National Rubber & Co,GRP-001,2024,209928074.83,22,2469742.06,4,6,94,85.59,True,Tail
0000013726,Amar Corporation,IND-0000013726,2024,206838895.88,12,5044851.12,1,3,95,85.83,True,Tail
0000014111,Vijay Polymers & Co,IND-0000014111,2024,198696181.74,14,4319482.21,2,5,96,86.06,True,Tail
0000013336,National Automation Industries,GRP-006,2024,196494733.18,34,1679442.16,7,7,97,86.29,True,Tail
0000012556,Tech Mahindra Ltd,IND-0000012556,2024,190186379.78,9,8268973.03,1,4,98,86.51,True,Tail
0000013631,Ganesh Marketing Ltd,IND-0000013631,2024,185489563.08,13,4215671.89,1,4,99,86.73,True,Tail
0000012646,Sai Traders Industries,IND-0000012646,2024,184675073.47,14,3484435.35,1,5,100,86.94,True,Tail
0000014527,Bharat Equipments Pvt Ltd,GRP-012,2024,181804195.68,44,1122248.12,4,6,101,87.15,True,Tail
0000013428,Modern Hydraulics Ltd,IND-0000013428,2024,181205051.84,12,3294637.31,1,4,102,87.36,True,Tail
0000013527,Universal Traders,IND-0000013527,2024,180309556.83,11,5303222.26,2,6,103,87.57,True,Tail
0000013598,Continental Enterprises,IND-0000013598,2024,179839901.7,4,10578817.75,1,3,104,87.78,True,Tail
0000012979,Hindustan Agencies Pvt Ltd,GRP-003,2024,176765557.61,11,5198986.99,3,4,105,87.99,True,Tail
0000014806,Indo Enterprises & Co,IND-0000014806,2024,170770656.62,11,4269266.42,1,3,106,88.19,True,Tail
0000013698,Reliable Electricals,IND-0000013698,2024,161222786.57,26,2040794.77,1,6,107,88.38,True,Tail
0000015006,Prime Packaging & Sons,GRP-015,2024,161101007.88,11,4602885.94,2,5,108,88.56,True,Tail
0000014286,Sri Enterprises,IND-0000014286,2024,159311491.63,22,2308862.2,1,6,109,88.75,True,Tail
0000014163,Om Refractories India Pvt Ltd,IND-0000014163,2024,158559949.34,6,7207270.42,1,3,110,88.93,True,Tail
0000012364,L&T Construction,L&T GROUP,2024,154848124.18,8,5339590.49,2,5,111,89.11,True,Tail
0000012666,Ganga Packaging Corporation,IND-0000012666,2024,152182755.84,9,3902121.94,1,3,112,89.29,True,Tail
0000013405,Ashok Bearings Corporation,GRP-006,2024,151929228.94,35,1287535.84,4,7,113,89.47,True,Tail
0000014948,Rajesh Electricals,IND-0000014948,2024,151604036.38,29,1562928.21,2,7,114,89.64,True,Tail
0000012543,Bharat Heavy Electricals Ltd,IND-0000012543,2024,151459472.92,1,75729736.46,1,1,115,89.82,True,Tail
0000013142,Reliable Engineering,IND-0000013142,2024,150707502.01,6,5796442.39,1,3,116,90.0,True,Tail
0000015095,Standard Steel & Sons,IND-0000015095,2024,150471501.15,16,2893682.71,1,7,117,90.17,True,Tail
0000013318,Prime Marketing & Sons,IND-0000013318,2024,148416173.62,4,6746189.71,1,3,118,90.34,True,Tail
0000013972,Southern Industrial & Sons,IND-0000013972,2024,144988025.83,14,3020583.87,1,4,119,90.51,True,Tail
0000013645,Prime Systems Pvt Ltd,GRP-008,2024,144354320.77,15,2291338.42,3,5,120,90.68,True,Tail
0000013848,Western Traders & Sons,IND-0000013848,2024,143560000.83,22,2021971.84,3,4,121,90.85,True,Tail
0000014354,Super Bearings Ltd,IND-0000014354,2024,140338492.33,26,1461859.3,3,5,122,91.01,True,Tail
0000014852,Shree Marketing Industries,IND-0000014852,2024,131489622.17,2,18784231.74,1,2,123,91.16,True,Tail
0000015083,Universal Electricals Pvt Ltd,IND-0000015083,2024,128481477.52,10,3212036.94,2,5,124,91.31,True,Tail
0000013241,Deccan Minerals Pvt Ltd,IND-0000013241,2024,127863068.28,8,6729635.17,1,4,125,91.46,True,Tail
0000012692,Sri Systems & Sons,GRP-001,2024,127780570.47,25,1388919.24,5,6,126,91.61,True,Tail
0000014989,United Lubricants & Co,IND-0000014989,2024,124953827.61,9,5432775.11,1,6,127,91.76,True,Tail
0000013057,Indo Marketing,IND-0000013057,2024,123969736.46,13,3099243.41,1,3,128,91.9,True,Tail
0000014646,Perfect Hydraulics India Pvt Ltd,IND-0000014646,2024,122404725.64,12,3221176.99,1,5,129,92.04,True,Tail
0000014394,Standard Electricals & Co,IND-0000014394,2024,121941740.97,16,2258180.39,2,7,130,92.19,True,Tail
0000013312,Northern Systems Pvt Ltd,GRP-005,2024,121700206.97,13,3202637.03,1,3,131,92.33,True,Tail
0000013149,Universal Lubricants Industries,IND-0000013149,2024,121217360.21,20,1864882.46,1,6,132,92.47,True,Tail
0000012812,Techno Bearings,IND-0000012812,2024,118231016.64,19,2189463.27,1,4,133,92.61,True,Tail
0000014760,Continental Fabricators India Pvt Ltd,IND-0000014760,2024,117765438.6,29,1121575.61,1,5,134,92.74,True,Tail
0000013086,Southern Packaging & Co,GRP-004,2024,115709364.68,24,1411089.81,6,7,135,92.88,True,Tail
0000014514,Shree Traders Pvt Ltd,IND-0000014514,2024,113881396.61,9,3673593.44,2,5,136,93.01,True,Tail
0000014523,Ganga Lubricants Industries,IND-0000014523,2024,113258300.81,18,1665563.25,1,5,137,93.14,True,Tail
0000014020,Techno Marketing,GRP-010,2024,113107890.01,19,1950136.03,4,6,138,93.27,True,Tail
0000014560,Ashok Metals India Pvt Ltd,IND-0000014560,2024,111810579.31,7,4141132.57,1,4,139,93.4,True,Tail
0000014445,Hindustan Agencies & Sons,IND-0000014445,2024,109588180.99,6,4214930.04,1,5,140,93.53,True,Tail
0000013175,Om Traders & Co,IND-0000013175,2024,105998970.5,3,9636270.05,1,2,141,93.66,True,Tail
0000014369,Standard Safety,IND-0000014369,2024,105650584.77,9,3301580.77,1,6,142,93.78,True,Tail
0000012955,Ganga Electricals Corporation,GRP-002,2024,105281157.69,55,569087.34,6,7,143,93.9,True,Tail
0000012601,Western Engineering Corporation,GRP-000,2024,105016646.62,24,1265260.8,4,7,144,94.02,True,Tail
0000013227,Precision Electricals India Pvt Ltd,IND-0000013227,2024,104800457.36,9,3493348.58,1,3,145,94.15,True,Tail
0000013279,Indo Industrial Industries,IND-0000013279,2024,104231608.76,5,5790644.93,1,2,146,94.27,True,Tail
0000014385,United Agencies & Co,GRP-011,2024,102856993.77,30,1028569.94,2,5,147,94.39,True,Tail
0000013753,Ashok Automation Corporation,IND-0000013753,2024,102601156.08,15,1681986.17,1,6,148,94.51,True,Tail
0000014424,Eastern Automation Corporation,GRP-012,2024,102360740.26,37,705936.14,4,7,149,94.62,True,Tail
0000013188,Vijay Safety,GRP-004,2024,102066026.87,21,1275825.34,4,7,150,94.74,True,Tail
0000014951,Maa Refractories Industries,GRP-015,2024,97700945.7,36,757371.67,3,6,151,94.86,True,Tail
0000014172,Hindustan Marketing & Co,IND-0000014172,2024,96089319.08,6,4177796.48,1,4,152,94.97,True,Tail
0000012753,Super Lubricants,GRP-001,2024,93539683.42,9,3597680.13,4,5,153,95.08,True,Deep Tail
0000014971,Sri Metals India Pvt Ltd,IND-0000014971,2024,91391873.19,7,3807994.72,1,5,154,95.18,True,Deep Tail
0000012874,Techno Minerals,IND-0000012874,2024,90202499.66,4,6443035.69,1,3,155,95.29,True,Deep Tail
0000014041,Eastern Marketing Industries,IND-0000014041,2024,90123596.57,9,2731018.08,2,4,156,95.39,True,Deep Tail
0000015041,Western Fabricators India Pvt Ltd,IND-0000015041,2024,88557034.79,19,1180760.46,2,7,157,95.5,True,Deep Tail
0000012724,Laxmi Lubricants & Sons,IND-0000012724,2024,87462079.83,6,4373103.99,1,5,158,95.6,True,Deep Tail
0000014495,Perfect Agencies India Pvt Ltd,IND-0000014495,2024,85139201.23,10,2432548.61,2,4,159,95.7,True,Deep Tail
0000013120,Modern Hydraulics Pvt Ltd,IND-0000013120,2024,85119526.42,9,2503515.48,1,4,160,95.8,True,Deep Tail
0000013353,Krishna Marketing & Sons,IND-0000013353,2024,78891550.29,12,1878370.24,1,4,161,95.89,True,Deep Tail
0000014845,Amar Metals,IND-0000014845,2024,75429148.22,24,897966.05,2,7,162,95.98,True,Deep Tail
0000012786,Ganesh Polymers Pvt Ltd,IND-0000012786,2024,74925134.67,15,1314476.05,1,7,163,96.06,True,Deep Tail
0000014160,Eastern Rubber Industries,IND-0000014160,2024,74288364.58,1,14857672.92,1,1,164,96.15,True,Deep Tail
0000012817,New Alloys Corporation,IND-0000012817,2024,73694599.61,4,4912973.31,1,2,165,96.24,True,Deep Tail
0000014924,Eastern Equipments,IND-0000014924,2024,73343028.47,11,1788854.35,1,4,166,96.32,True,Deep Tail
0000015067,Krishna Refractories Ltd,GRP-016,2024,70693443.87,47,444612.85,2,4,167,96.4,True,Deep Tail
0000014741,National Minerals India Pvt Ltd,GRP-014,2024,70236296.79,8,2194884.27,2,4,168,96.49,True,Deep Tail
0000014032,Laxmi Alloys Corporation,IND-0000014032,2024,70138952.71,15,1209292.29,1,3,169,96.57,True,Deep Tail
0000014460,Rajesh Lubricants & Sons,IND-0000014460,2024,69282537.45,4,3849029.86,1,3,170,96.65,True,Deep Tail
0000014283,United Minerals Industries,IND-0000014283,2024,67651073.28,7,1989737.45,1,4,171,96.73,True,Deep Tail
0000014465,Reliable Fabricators,GRP-012,2024,65983256.66,30,709497.38,4,7,172,96.8,True,Deep Tail
0000013762,Standard Electricals Corporation,IND-0000013762,2024,65593148.57,11,2342612.45,2,6,173,96.88,True,Deep Tail
0000015089,Reliable Steel India Pvt Ltd,GRP-016,2024,64743869.58,14,1061374.91,2,5,174,96.96,True,Deep Tail
0000014400,Vijay Alloys,IND-0000014400,2024,64146317.96,4,7127368.66,1,3,175,97.03,True,Deep Tail
0000013854,Western Industrial Pvt Ltd,IND-0000013854,2024,63235254.54,13,1317401.14,1,6,176,97.1,True,Deep Tail
0000014279,Deccan Traders & Co,IND-0000014279,2024,61206336.48,13,1112842.48,1,3,177,97.18,True,Deep Tail
0000013840,Techno Rubber,GRP-010,2024,61058842.9,41,439272.25,4,6,178,97.25,True,Deep Tail
0000015058,Western Chemicals Corporation,IND-0000015058,2024,59146644.42,30,574239.27,2,7,179,97.32,True,Deep Tail
0000013878,Vijay Enterprises Pvt Ltd,IND-0000013878,2024,58361123.68,5,3647570.23,1,4,180,97.38,True,Deep Tail
0000013489,Global Instruments Pvt Ltd,IND-0000013489,2024,58303193.7,24,694085.64,1,4,181,97.45,True,Deep Tail
0000013043,Indo Equipments,IND-0000013043,2024,55708432.19,11,2142632.01,2,6,182,97.52,True,Deep Tail
0000012902,Reliable Marketing Pvt Ltd,GRP-002,2024,53638384.28,48,301339.24,7,7,183,97.58,True,Deep Tail
0000014615,Krishna Engineering,GRP-013,2024,52662484.63,13,1120478.4,3,5,184,97.64,True,Deep Tail
0000012443,Metso India Pvt Ltd,METSO GROUP,2024,50301565.61,16,967337.8,2,4,185,97.7,True,Deep Tail
0000012419,Cummins Sales & Service,CUMMINS GROUP,2024,49020270.63,5,2228194.12,1,4,186,97.76,True,Deep Tail
0000013302,Eastern Corporation India Pvt Ltd,GRP-005,2024,46030008.84,21,687015.06,4,5,187,97.81,True,Deep Tail
0000013537,Prime Alloys India Pvt Ltd,IND-0000013537,2024,44726669.89,9,1355353.63,1,5,188,97.86,True,Deep Tail
0000012935,Western Metals & Sons,GRP-002,2024,44376072.76,24,462250.76,5,6,189,97.91,True,Deep Tail
0000012885,Ganga Chemicals Pvt Ltd,IND-0000012885,2024,41048735.42,2,8209747.08,1,2,190,97.96,True,Deep Tail
0000013847,Ganga Instruments,IND-0000013847,2024,39316859.97,5,2621124.0,1,3,191,98.01,True,Deep Tail
0000013568,United Safety,IND-0000013568,2024,37985875.41,13,973996.81,2,7,192,98.05,True,Deep Tail
0000014766,Eastern Traders,GRP-014,2024,37857473.67,12,757149.47,2,6,193,98.09,True,Deep Tail
0000013253,Reliable Metals Ltd,IND-0000013253,2024,37306344.5,25,376831.76,2,7,194,98.14,True,Deep Tail
0000014843,Deccan Equipments & Sons,GRP-014,2024,37200778.34,5,2480051.89,3,3,195,98.18,True,Deep Tail
0000014014,Shree Enterprises,IND-0000014014,2024,36880870.1,5,1941098.43,1,3,196,98.22,True,Deep Tail
0000012876,Universal Industrial Ltd,GRP-002,2024,36156131.76,34,293952.29,7,7,197,98.27,True,Deep Tail
0000012647,Krishna Marketing,GRP-000,2024,35464239.02,8,958492.95,2,5,198,98.31,True,Deep Tail
0000013219,Maa Minerals India Pvt Ltd,IND-0000013219,2024,35178713.5,10,858017.4,1,3,199,98.35,True,Deep Tail
0000012466,Komatsu India Pvt Ltd,KOMATSU GROUP,2024,33861214.75,18,520941.77,1,4,200,98.39,True,Deep Tail
0000013247,Balaji Refractories Corporation,IND-0000013247,2024,32831519.21,11,863987.35,1,3,201,98.43,True,Deep Tail
0000014542,Deccan Chemicals India Pvt Ltd,IND-0000014542,2024,32047409.58,4,2289100.68,1,2,202,98.46,True,Deep Tail
0000014171,National Metals & Sons,IND-0000014171,2024,31753540.21,13,577337.09,1,4,203,98.5,True,Deep Tail
0000014415,Indo Enterprises India Pvt Ltd,GRP-012,2024,31367752.32,18,540823.32,5,7,204,98.54,True,Deep Tail
0000012457,Sandvik Mining India,SANDVIK GROUP,2024,31157566.73,4,2225540.48,1,1,205,98.57,True,Deep Tail
0000013250,Northern Bearings Corporation,IND-0000013250,2024,30635441.43,3,3063544.14,1,2,206,98.61,True,Deep Tail
0000014555,Southern Rubber,IND-0000014555,2024,30456617.74,13,534326.63,4,6,207,98.64,True,Deep Tail
0000013291,Eastern Instruments Industries,IND-0000013291,2024,29814232.77,9,993807.76,1,5,208,98.68,True,Deep Tail
0000013022,Techno Industrial & Sons,IND-0000013022,2024,29674868.83,2,3297207.65,1,2,209,98.71,True,Deep Tail
0000013140,Bharat Automation,IND-0000013140,2024,27789449.28,16,448216.92,2,7,210,98.75,True,Deep Tail
0000014826,Rajesh Instruments Pvt Ltd,IND-0000014826,2024,26982859.29,7,1226493.6,1,4,211,98.78,True,Deep Tail
0000012743,Universal Instruments Corporation,IND-0000012743,2024,26259243.36,14,504985.45,1,3,212,98.81,True,Deep Tail
0000014088,Super Marketing,IND-0000014088,2024,25945372.69,13,463310.23,1,4,213,98.84,True,Deep Tail
0000013407,Balaji Fabricators,IND-0000013407,2024,24657453.91,14,465234.98,1,3,214,98.87,True,Deep Tail
0000013107,Krishna Refractories & Sons,IND-0000013107,2024,23601601.33,19,357600.02,1,5,215,98.89,True,Deep Tail
0000014570,Ashok Bearings,GRP-012,2024,23196560.05,25,263597.27,3,7,216,98.92,True,Deep Tail
0000013200,National Chemicals,IND-0000013200,2024,22691291.46,10,687614.89,2,4,217,98.95,True,Deep Tail
0000013063,Laxmi Agencies,GRP-003,2024,22566513.25,8,644757.52,2,4,218,98.97,True,Deep Tail
0000014790,Eastern Bearings India Pvt Ltd,IND-0000014790,2024,22398571.87,9,722534.58,1,3,219,99.0,True,Deep Tail
0000012473,Flottweg SE,IND-0000012473,2024,22095769.86,22,315653.86,3,6,220,99.03,True,Deep Tail
0000014751,Eastern Safety India Pvt Ltd,IND-0000014751,2024,21817202.94,5,1678246.38,1,4,221,99.05,True,Deep Tail
0000012672,Super Packaging Pvt Ltd,GRP-000,2024,21482249.63,37,177539.25,3,7,222,99.08,True,Deep Tail
0000014258,Perfect Steel & Co,IND-0000014258,2024,20392839.29,3,2549104.91,1,2,223,99.1,True,Deep Tail
0000014125,Southern Bearings,IND-0000014125,2024,19594995.56,6,783799.82,1,4,224,99.12,True,Deep Tail
0000013593,New Refractories,IND-0000013593,2024,19421959.49,2,1618496.62,1,1,225,99.15,True,Deep Tail
0000014783,Sri Rubber Corporation,IND-0000014783,2024,19357070.83,7,716928.55,1,4,226,99.17,True,Deep Tail
0000013137,Hindustan Enterprises,IND-0000013137,2024,18239004.5,12,455975.11,1,6,227,99.19,True,Deep Tail
0000012843,Continental Alloys Ltd,IND-0000012843,2024,17996445.6,5,1384341.97,2,4,228,99.21,True,Deep Tail
0000013523,Eastern Automation Pvt Ltd,IND-0000013523,2024,17435178.66,1,4358794.66,1,1,229,99.23,True,Deep Tail
0000013859,Northern Equipments Industries,IND-0000013859,2024,16349507.86,16,247719.82,1,7,230,99.25,True,Deep Tail
0000012684,Modern Polymers,IND-0000012684,2024,15704232.24,14,341396.35,1,3,231,99.27,True,Deep Tail
0000014444,Eastern Enterprises Corporation,IND-0000014444,2024,14995722.22,11,357041.01,1,3,232,99.29,True,Deep Tail
0000012879,Amar Enterprises,IND-0000012879,2024,14465811.2,14,321462.47,2,6,233,99.3,True,Deep Tail
0000013183,Eastern Minerals,GRP-004,2024,14361233.69,14,326391.67,4,5,234,99.32,True,Deep Tail
0000013470,Precision Agencies,IND-0000013470,2024,14279934.77,15,279998.72,1,4,235,99.34,True,Deep Tail
0000012630,Rajesh Instruments,GRP-000,2024,14017246.49,34,113961.35,3,7,236,99.35,True,Deep Tail
0000013999,Modern Bearings & Co,IND-0000013999,2024,14016654.72,12,378828.51,1,7,237,99.37,True,Deep Tail
0000012593,United Instruments Ltd,IND-0000012593,2024,13900569.22,13,252737.62,1,6,238,99.38,True,Deep Tail
0000012689,Perfect Rubber Ltd,GRP-000,2024,13710651.08,28,161301.78,3,6,239,99.4,True,Deep Tail
0000014987,Ganesh Instruments,IND-0000014987,2024,13672275.0,9,506380.56,1,3,240,99.42,True,Deep Tail
0000012863,Northern Fabricators,IND-0000012863,2024,13631967.23,15,272639.34,1,3,241,99.43,True,Deep Tail
0000014848,Northern Refractories,GRP-014,2024,13620680.21,4,908045.35,2,3,242,99.45,True,Deep Tail
0000013844,Deccan Traders,GRP-010,2024,13251340.83,11,389745.32,2,3,243,99.46,True,Deep Tail
0000012700,Balaji Marketing,IND-0000012700,2024,12566735.89,3,966671.99,1,2,244,99.48,True,Deep Tail
0000014341,Maa Lubricants,GRP-011,2024,12539046.17,19,169446.57,2,5,245,99.49,True,Deep Tail
0000013937,Amar Equipments Industries,IND-0000013937,2024,12130526.18,5,577644.1,1,4,246,99.51,True,Deep Tail
0000014956,Hindustan Steel India Pvt Ltd,IND-0000014956,2024,11861367.16,5,593068.36,1,3,247,99.52,True,Deep Tail
0000014898,Krishna Agencies & Co,GRP-015,2024,11856748.23,7,790449.88,3,4,248,99.53,True,Deep Tail
0000013024,Bharat Engineering,GRP-003,2024,11734067.11,33,110698.75,2,5,249,99.55,True,Deep Tail
0000015046,Om Steel & Co,IND-0000015046,2024,11436388.72,11,336364.37,1,3,250,99.56,True,Deep Tail
0000013239,Southern Fabricators & Co,GRP-004,2024,10793840.79,11,269846.02,2,5,251,99.57,True,Deep Tail
0000013531,Techno Alloys Corporation,IND-0000013531,2024,10657490.46,8,560920.55,1,3,252,99.59,True,Deep Tail
0000012696,Deccan Alloys,IND-0000012696,2024,10540236.16,22,119775.41,1,7,253,99.6,True,Deep Tail
0000013424,Modern Industrial & Co,IND-0000013424,2024,10220050.33,3,1135561.15,1,1,254,99.61,True,Deep Tail
0000013506,Perfect Packaging & Sons,GRP-007,2024,10207259.38,17,159488.43,2,5,255,99.62,True,Deep Tail
0000015071,Vijay Fabricators Corporation,IND-0000015071,2024,10093075.56,1,5046537.78,1,1,256,99.63,True,Deep Tail
0000012981,Modern Electricals,GRP-003,2024,9865896.53,9,266645.85,2,5,257,99.65,True,Deep Tail
0000014686,Hindustan Industrial India Pvt Ltd,GRP-013,2024,9816878.02,10,363588.07,3,6,258,99.66,True,Deep Tail
0000012716,Techno Fabricators,IND-0000012716,2024,9698668.81,3,808222.4,1,2,259,99.67,True,Deep Tail
0000013403,Continental Refractories & Sons,IND-0000013403,2024,9521667.61,6,453412.74,1,3,260,99.68,True,Deep Tail
0000012805,Bharat Instruments,IND-0000012805,2024,9044632.79,20,117462.76,2,5,261,99.69,True,Deep Tail
0000013273,Indo Traders Ltd,GRP-005,2024,8839029.28,13,188064.45,2,4,262,99.7,True,Deep Tail
0000013330,Balaji Lubricants India Pvt Ltd,IND-0000013330,2024,8711883.48,19,142817.76,1,3,263,99.71,True,Deep Tail
0000013308,Prime Steel,GRP-005,2024,8550293.64,10,225007.73,2,4,264,99.72,True,Deep Tail
0000013385,Universal Automation,GRP-006,2024,7669283.67,19,127821.39,5,5,265,99.73,True,Deep Tail
0000012537,Polycab India Ltd,IND-0000012537,2024,7532851.65,17,119569.07,2,5,266,99.74,True,Deep Tail
0000014548,Reliable Bearings & Co,IND-0000014548,2024,7337071.94,2,1222845.32,1,2,267,99.75,True,Deep Tail
0000013062,Precision Electricals,IND-0000013062,2024,7333731.51,7,407429.53,1,4,268,99.76,True,Deep Tail
0000014755,Reliable Instruments Ltd,GRP-014,2024,7153266.26,6,298052.76,2,3,269,99.76,True,Deep Tail
0000014411,Universal Corporation Pvt Ltd,GRP-012,2024,6531868.72,19,114594.19,4,6,270,99.77,True,Deep Tail
0000013694,Rajesh Enterprises,IND-0000013694,2024,6445497.01,6,322274.85,1,3,271,99.78,True,Deep Tail
0000013706,United Enterprises,IND-0000013706,2024,6235130.27,2,890732.9,1,1,272,99.79,True,Deep Tail
0000012915,United Fabricators,GRP-002,2024,6115323.67,30,49718.08,6,6,273,99.79,True,Deep Tail
0000013588,Eastern Safety Pvt Ltd,IND-0000013588,2024,6093306.21,2,1015551.04,1,2,274,99.8,True,Deep Tail
0000012807,Shree Steel Ltd,GRP-001,2024,6091847.2,22,98255.6,3,6,275,99.81,True,Deep Tail
0000013495,Ashok Corporation Pvt Ltd,IND-0000013495,2024,5983185.87,3,498598.82,1,3,276,99.81,True,Deep Tail
0000013729,Perfect Agencies,IND-0000013729,2024,5960482.81,2,596048.28,1,2,277,99.82,True,Deep Tail
0000013977,New Electricals,IND-0000013977,2024,5841641.33,6,343625.96,1,3,278,99.83,True,Deep Tail
0000013929,Maa Fabricators & Sons,IND-0000013929,2024,5722707.73,3,715338.47,1,2,279,99.83,True,Deep Tail
0000013888,New Equipments Pvt Ltd,IND-0000013888,2024,5683711.52,4,437208.58,1,4,280,99.84,True,Deep Tail
0000012738,Western Marketing,IND-0000012738,2024,5553615.64,15,94129.08,1,5,281,99.85,True,Deep Tail
0000014661,Indo Traders Industries,IND-0000014661,2024,5478239.1,2,498021.74,1,1,282,99.85,True,Deep Tail
0000014360,Indo Lubricants,GRP-011,2024,5436854.06,17,110956.21,2,6,283,99.86,True,Deep Tail
0000013511,United Instruments & Sons,IND-0000013511,2024,5273017.31,3,376644.09,1,3,284,99.87,True,Deep Tail
0000013084,Laxmi Instruments India Pvt Ltd,IND-0000013084,2024,4858377.95,6,242918.9,2,2,285,99.87,True,Deep Tail
0000012572,Emerson Process Management,IND-0000012572,2024,4643125.73,1,773854.29,1,1,286,99.88,True,Deep Tail
0000014263,Om Rubber,IND-0000014263,2024,4376531.2,4,397866.47,2,3,287,99.88,True,Deep Tail
0000012966,Rajesh Marketing,GRP-003,2024,4253588.62,3,708931.44,2,3,288,99.89,True,Deep Tail
0000012664,Techno Packaging,IND-0000012664,2024,4141630.58,2,690271.76,1,2,289,99.89,True,Deep Tail
0000014844,Northern Chemicals,IND-0000014844,2024,4083066.17,3,340255.51,1,2,290,99.9,True,Deep Tail
0000014154,Amar Automation Ltd,GRP-011,2024,3851675.47,13,68779.92,3,7,291,99.9,True,Deep Tail
0000012450,FLSmidth Pvt Ltd,FLSMIDTH GROUP,2024,3795554.23,7,126518.47,1,5,292,99.91,True,Deep Tail
0000013005,Shree Fabricators,IND-0000013005,2024,3495014.56,1,699002.91,1,1,293,99.91,True,Deep Tail
0000014106,Shree Automation India Pvt Ltd,IND-0000014106,2024,3423916.89,6,228261.13,1,3,294,99.91,True,Deep Tail
0000013071,Bharat Automation Ltd,IND-0000013071,2024,3399364.68,8,103011.05,1,5,295,99.92,True,Deep Tail
0000013324,Western Corporation Ltd,GRP-006,2024,3363854.83,10,101934.99,3,4,296,99.92,True,Deep Tail
0000013368,Southern Industrial & Co,GRP-006,2024,3316409.84,15,58182.63,4,5,297,99.93,True,Deep Tail
0000013101,Ganga Minerals Pvt Ltd,IND-0000013101,2024,3262767.42,2,362529.71,1,2,298,99.93,True,Deep Tail
0000013832,Indo Alloys & Sons,GRP-009,2024,2844515.91,1,948171.97,1,1,299,99.93,True,Deep Tail
0000013677,Modern Refractories,IND-0000013677,2024,2806567.27,6,122024.66,2,4,300,99.94,True,Deep Tail
0000012446,FLSmidth A/S,FLSMIDTH GROUP,2024,2679010.66,15,68692.58,1,3,301,99.94,True,Deep Tail
0000012359,Larsen & Toubro Ltd,L&T GROUP,2024,2664550.95,5,204965.46,2,4,302,99.94,True,Deep Tail
0000013444,Indo Traders,GRP-007,2024,2537640.8,2,317205.1,1,2,303,99.95,True,Deep Tail
0000013728,Bharat Polymers & Sons,IND-0000013728,2024,2507472.45,9,109020.54,2,4,304,99.95,True,Deep Tail
0000014361,Vijay Bearings,GRP-011,2024,2505968.37,4,208830.7,2,3,305,99.95,True,Deep Tail
0000012770,Om Polymers Industries,IND-0000012770,2024,2215141.14,4,158224.37,1,4,306,99.95,True,Deep Tail
0000013164,Sai Instruments & Co,IND-0000013164,2024,2024310.53,8,80972.42,1,5,307,99.96,True,Deep Tail
0000013210,Western Traders Pvt Ltd,IND-0000013210,2024,1906628.36,4,211847.6,1,3,308,99.96,True,Deep Tail
0000014938,Super Agencies & Co,GRP-015,2024,1803358.3,15,40074.63,3,6,309,99.96,True,Deep Tail
0000013181,Hindustan Refractories,IND-0000013181,2024,1779855.05,4,127132.5,1,4,310,99.96,True,Deep Tail
0000014621,Precision Rubber,IND-0000014621,2024,1736913.78,5,96495.21,1,3,311,99.96,True,Deep Tail
0000012777,Perfect Hydraulics Industries,IND-0000012777,2024,1695934.93,1,339186.99,1,1,312,99.97,True,Deep Tail
0000013360,Amar Minerals,IND-0000013360,2024,1664237.98,7,79249.43,2,6,313,99.97,True,Deep Tail
0000013520,Indo Minerals Pvt Ltd,GRP-007,2024,1572133.59,7,56147.63,1,4,314,99.97,True,Deep Tail
0000013579,Sai Industrial Pvt Ltd,GRP-007,2024,1540311.58,2,192538.95,1,1,315,99.97,True,Deep Tail
0000015075,Techno Engineering Ltd,IND-0000015075,2024,1526720.23,3,218102.89,1,3,316,99.97,True,Deep Tail
0000012769,Sri Chemicals & Co,IND-0000012769,2024,1507297.97,5,88664.59,1,3,317,99.98,True,Deep Tail
0000013144,Ashok Automation,IND-0000013144,2024,1257705.56,4,73982.68,1,2,318,99.98,True,Deep Tail
0000012476,Orica Ltd,IND-0000012476,2024,1255746.68,3,156968.34,1,3,319,99.98,True,Deep Tail
0000013681,Eastern Industrial,IND-0000013681,2024,1201743.86,4,109249.44,1,3,320,99.98,True,Deep Tail
0000012380,Timken India Ltd,TIMKEN GROUP,2024,1096886.87,1,274221.72,1,1,321,99.98,True,Deep Tail
0000014909,Perfect Enterprises India Pvt Ltd,IND-0000014909,2024,1011578.27,1,1011578.27,1,1,322,99.98,True,Deep Tail
0000014167,Super Engineering,IND-0000014167,2024,994423.88,4,66294.93,1,4,323,99.98,True,Deep Tail
0000013776,Universal Lubricants Pvt Ltd,IND-0000013776,2024,945463.09,6,42975.6,1,3,324,99.98,True,Deep Tail
0000012706,Super Electricals & Co,IND-0000012706,2024,915461.08,15,18309.22,1,7,325,99.99,True,Deep Tail
0000012718,Shree Marketing & Sons,IND-0000012718,2024,873327.99,9,26464.48,1,5,326,99.99,True,Deep Tail
0000013824,Precision Packaging Ltd,GRP-009,2024,867253.0,9,28908.43,1,4,327,99.99,True,Deep Tail
0000014704,Ganga Lubricants,GRP-013,2024,809598.09,4,42610.43,2,3,328,99.99,True,Deep Tail
0000015031,New Enterprises & Sons,IND-0000015031,2024,796956.5,1,159391.3,1,1,329,99.99,True,Deep Tail
0000013772,Western Steel Industries,GRP-009,2024,745376.12,2,149075.22,1,2,330,99.99,True,Deep Tail
0000012977,Rajesh Packaging Corporation,IND-0000012977,2024,701408.29,1,701408.29,1,1,331,99.99,True,Deep Tail
0000014035,Sai Enterprises Industries,GRP-010,2024,690272.61,11,23009.09,1,4,332,99.99,True,Deep Tail
0000013452,Amar Lubricants,IND-0000013452,2024,645657.29,10,19565.37,1,6,333,99.99,True,Deep Tail
0000013610,Bharat Instruments & Sons,IND-0000013610,2024,633631.94,4,52802.66,1,4,334,99.99,True,Deep Tail
0000012439,Metso Outotec Oyj,METSO GROUP,2024,582174.98,2,83167.85,1,1,335,99.99,True,Deep Tail
0000014312,Universal Alloys,IND-0000014312,2024,572513.23,5,33677.25,1,3,336,100.0,True,Deep Tail
0000013079,Balaji Traders Corporation,IND-0000013079,2024,523461.7,3,52346.17,1,3,337,100.0,True,Deep Tail
0000012783,Indo Hydraulics Ltd,IND-0000012783,2024,444166.34,1,222083.17,1,1,338,100.0,True,Deep Tail
0000014027,Modern Systems Pvt Ltd,IND-0000014027,2024,442121.35,6,21053.4,1,4,339,100.0,True,Deep Tail
0000014972,Ganga Steel,IND-0000014972,2024,431209.9,2,61601.41,1,1,340,100.0,True,Deep Tail
0000013396,Standard Fabricators,IND-0000013396,2024,349627.04,4,26894.39,1,3,341,100.0,True,Deep Tail
0000014666,Southern Chemicals Ltd,GRP-013,2024,302881.91,4,20192.13,1,3,342,100.0,True,Deep Tail
0000012868,National Instruments & Sons,IND-0000012868,2024,254232.61,3,31779.08,1,3,343,100.0,True,Deep Tail
0000014866,Amar Agencies & Co,GRP-015,2024,251865.2,7,14815.6,2,5,344,100.0,True,Deep Tail
0000015039,Sai Fabricators,IND-0000015039,2024,200399.88,1,200399.88,1,1,345,100.0,True,Deep Tail
0000012511,Gujarat Fluorochemicals,IND-0000012511,2024,199612.23,1,33268.7,1,1,346,100.0,True,Deep Tail
0000013780,Southern Alloys India Pvt Ltd,IND-0000013780,2024,176034.34,3,12573.88,1,2,347,100.0,True,Deep Tail
0000014272,Southern Chemicals Industries,IND-0000014272,2024,98496.03,2,24624.01,1,2,348,100.0,True,Deep Tail
0000015023,Rajesh Automation,GRP-016,2024,93186.07,2,11648.26,1,2,349,100.0,True,Deep Tail
0000014974,Ashok Minerals Ltd,IND-0000014974,2024,79125.79,2,15825.16,1,2,350,100.0,True,Deep Tail
0000013335,Super Equipments Ltd,IND-0000013335,2024,59354.76,2,19784.92,1,2,351,100.0,True,Deep Tail
0000013712,Ashok Marketing Pvt Ltd,IND-0000013712,2024,50089.88,3,10017.98,1,2,352,100.0,True,Deep Tail
0000012878,Northern Safety Corporation,IND-0000012878,2024,50058.11,1,10011.62,1,1,353,100.0,True,Deep Tail
0000012373,SKF India Ltd,SKF GROUP,2024,45800.15,1,45800.15,1,1,354,100.0,True,Deep Tail
0000014869,Hindustan Engineering & Co,IND-0000014869,2024,40112.69,1,10028.17,1,1,355,100.0,True,Deep Tail
0000014324,Balaji Agencies,IND-0000014324,2024,30011.49,1,10003.83,1,1,356,100.0,True,Deep Tail
0000013960,Universal Engineering Pvt Ltd,IND-0000013960,2024,20052.45,1,20052.45,1,1,357,100.0,True,Deep Tail
0000014690,Western Equipments,IND-0000014690,2024,20000.01,1,20000.01,1,1,358,100.0,True,Deep Tail
0000014652,Prime Marketing,GRP-013,2025,6018500227.6,27,55726853.96,5,6,1,7.41,False,Strategic
0000013637,Deccan Engineering,IND-0000013637,2025,4394742797.19,12,89688628.51,1,2,2,12.82,False,Strategic
0000012871,Prime Chemicals Pvt Ltd,IND-0000012871,2025,3827875427.81,19,63797923.8,1,2,3,17.54,False,Strategic
0000012470,Weir Minerals Netherlands,IND-0000012470,2025,3167828883.89,20,46585718.88,2,6,4,21.44,False,Managed
0000013043,Indo Equipments,IND-0000013043,2025,2070393881.31,15,37643525.11,2,6,5,23.99,False,Managed
0000014585,Techno Bearings & Sons,IND-0000014585,2025,2021516185.64,5,126344761.6,1,1,6,26.48,False,Managed
0000012390,ABB Power Products India,ABB GROUP,2025,1860256110.96,30,19789958.63,1,6,7,28.77,False,Managed
0000013848,Western Traders & Sons,IND-0000013848,2025,1715134860.16,17,29070082.38,3,5,8,30.88,False,Managed
0000013501,Sri Marketing,IND-0000013501,2025,1648423624.34,28,16650743.68,1,3,9,32.91,False,Managed
0000014555,Southern Rubber,IND-0000014555,2025,1286246776.32,23,16490343.29,4,6,10,34.49,False,Managed
0000013682,Balaji Automation Pvt Ltd,IND-0000013682,2025,1198282014.89,4,54467364.31,1,2,11,35.97,False,Managed
0000015001,National Agencies,IND-0000015001,2025,1192796610.02,8,37274894.06,1,2,12,37.44,False,Managed
0000014516,Om Fabricators Industries,IND-0000014516,2025,1155128493.44,25,12420736.49,2,5,13,38.86,False,Managed
0000014494,Vijay Instruments Ltd,IND-0000014494,2025,1149270983.28,19,16418156.9,2,4,14,40.28,False,Managed
0000013550,Sai Engineering & Sons,IND-0000013550,2025,1103609428.46,16,15994339.54,1,6,15,41.63,False,Managed
0000014406,Standard Lubricants Pvt Ltd,IND-0000014406,2025,1069482539.48,25,11140443.12,1,1,16,42.95,False,Managed
0000014140,Standard Bearings,IND-0000014140,2025,948477686.2,5,86225244.2,3,3,17,44.12,False,Managed
0000013342,Hindustan Packaging,IND-0000013342,2025,947759110.08,23,13539415.86,1,3,18,45.29,False,Managed
0000014721,Precision Systems,IND-0000014721,2025,888525347.03,4,49362519.28,1,1,19,46.38,False,Managed
0000012348,Tata Steel BSL Ltd,TATA GROUP,2025,851585888.9,53,4757463.07,5,7,20,47.43,False,Managed
0000014942,Rajesh Alloys & Sons,IND-0000014942,2025,841029948.4,48,5128231.39,4,6,21,48.46,False,Managed
0000015057,Krishna Automation,GRP-016,2025,820690862.72,24,8730753.86,2,4,22,49.48,False,Managed
0000013131,Deccan Packaging Industries,GRP-004,2025,793704725.68,33,6901780.22,3,7,23,50.45,False,Monitored
0000013965,Sri Safety,IND-0000013965,2025,780109019.09,17,12788672.44,1,1,24,51.41,False,Monitored
0000012506,Grasim Industries Ltd,IND-0000012506,2025,777973087.6,9,22881561.4,1,2,25,52.37,False,Monitored
0000014883,Rajesh Hydraulics,GRP-015,2025,767632626.27,29,7381082.94,3,6,26,53.32,False,Monitored
0000012457,Sandvik Mining India,SANDVIK GROUP,2025,745680879.62,4,53262919.97,1,2,27,54.24,False,Monitored
0000015105,Northern Agencies & Co,IND-0000015105,2025,744135946.35,17,11274787.07,1,2,28,55.15,False,Monitored
0000014303,Balaji Automation,IND-0000014303,2025,725706334.04,19,11339161.47,2,5,29,56.05,False,Monitored
0000013120,Modern Hydraulics Pvt Ltd,IND-0000013120,2025,699176793.58,18,11652946.56,1,4,30,56.91,False,Monitored
0000013867,Global Industrial,IND-0000013867,2025,678726927.73,12,18343971.02,1,2,31,57.74,False,Monitored
0000014410,Rajesh Engineering & Co,IND-0000014410,2025,675167115.05,42,3925390.2,2,7,32,58.57,False,Monitored
0000012421,Kirloskar Brothers Ltd,KIRLOSKAR GROUP,2025,652560164.46,19,7958050.79,3,4,33,59.38,False,Monitored
0000013741,Reliable Bearings,IND-0000013741,2025,634604095.21,12,14758234.77,2,4,34,60.16,False,Monitored
0000014079,Northern Lubricants & Co,IND-0000014079,2025,574465364.57,9,22978614.58,1,1,35,60.87,False,Monitored
0000013149,Universal Lubricants Industries,IND-0000013149,2025,564466875.03,16,10855132.21,1,6,36,61.56,False,Monitored
0000014242,Laxmi Industrial Ltd,IND-0000014242,2025,561805403.21,13,16051582.95,1,3,37,62.25,False,Monitored
0000013646,Ganga Agencies,IND-0000013646,2025,559317438.69,35,4082609.04,2,7,38,62.94,False,Monitored
0000013717,United Polymers & Co,IND-0000013717,2025,553019868.77,35,4036641.38,1,6,39,63.62,False,Monitored
0000014699,Precision Minerals Pvt Ltd,IND-0000014699,2025,530485345.98,37,4049506.46,4,6,40,64.28,False,Monitored
0000014138,Sai Agencies Industries,IND-0000014138,2025,529981496.2,35,4015011.33,2,6,41,64.93,False,Monitored
0000013568,United Safety,IND-0000013568,2025,529048055.94,14,10796899.1,2,6,42,65.58,False,Monitored
0000014957,Maa Marketing,IND-0000014957,2025,488254563.46,12,11625108.65,1,3,43,66.18,False,Monitored
0000014186,Northern Hydraulics,IND-0000014186,2025,484081458.62,35,3781886.4,2,4,44,66.78,False,Monitored
0000014286,Sri Enterprises,IND-0000014286,2025,464736684.1,12,12909352.34,1,6,45,67.35,False,Monitored
0000014331,Krishna Enterprises & Co,IND-0000014331,2025,463175895.84,20,6712694.14,1,4,46,67.92,False,Monitored
0000013109,Northern Corporation Corporation,IND-0000013109,2025,462728771.28,21,7230137.05,1,3,47,68.49,False,Monitored
0000013995,Universal Fabricators Pvt Ltd,IND-0000013995,2025,462694752.25,14,7585159.87,2,6,48,69.06,False,Monitored
0000014655,Krishna Agencies & Sons,GRP-013,2025,459360246.35,37,3506566.77,4,6,49,69.63,False,Monitored
0000013847,Ganga Instruments,IND-0000013847,2025,457135115.07,4,50792790.56,1,2,50,70.19,False,Monitored
0000014208,Bharat Refractories India Pvt Ltd,IND-0000014208,2025,452921960.86,26,4621652.66,2,4,51,70.75,False,Monitored
0000013972,Southern Industrial & Sons,IND-0000013972,2025,443329363.78,20,5990937.35,1,4,52,71.29,False,Monitored
0000014677,National Alloys Corporation,IND-0000014677,2025,442117378.6,18,8038497.79,3,5,53,71.84,False,Monitored
0000013227,Precision Electricals India Pvt Ltd,IND-0000013227,2025,434065910.05,10,11129895.13,1,3,54,72.37,False,Monitored
0000013598,Continental Enterprises,IND-0000013598,2025,409789070.14,8,15761118.08,2,5,55,72.88,False,Monitored
0000013353,Krishna Marketing & Sons,IND-0000013353,2025,402415070.03,17,6938190.86,1,4,56,73.37,False,Monitored
0000013086,Southern Packaging & Co,GRP-004,2025,401911826.74,35,3653743.88,5,7,57,73.87,False,Monitored
0000013456,Amar Marketing Pvt Ltd,IND-0000013456,2025,401032866.54,37,2728114.74,2,7,58,74.36,False,Monitored
0000014885,Universal Refractories Pvt Ltd,IND-0000014885,2025,387390250.2,25,4611788.69,1,6,59,74.84,False,Monitored
0000013685,Reliable Fabricators Ltd,GRP-008,2025,383605088.45,24,4678110.83,4,6,60,75.31,False,Monitored
0000012914,Amar Steel & Co,IND-0000012914,2025,383591986.72,19,6088761.69,2,6,61,75.78,False,Monitored
0000012807,Shree Steel Ltd,GRP-001,2025,332251725.67,22,3908843.83,4,6,62,76.19,False,Monitored
0000014194,Ashok Hydraulics,IND-0000014194,2025,328531002.07,33,3220892.18,1,5,63,76.6,False,Monitored
0000013057,Indo Marketing,IND-0000013057,2025,327227118.38,7,14227266.02,1,2,64,77.0,False,Monitored
0000014051,Om Instruments India Pvt Ltd,IND-0000014051,2025,325399263.95,6,21693284.26,1,5,65,77.4,False,Monitored
0000013279,Indo Industrial Industries,IND-0000013279,2025,323540919.09,12,7189798.2,1,5,66,77.8,False,Monitored
0000013415,Sai Engineering,IND-0000013415,2025,312162746.24,16,4396658.4,1,6,67,78.18,False,Monitored
0000013709,Super Systems Pvt Ltd,GRP-008,2025,310569586.52,29,3303931.77,3,6,68,78.56,False,Monitored
0000013544,Om Marketing,IND-0000013544,2025,302111273.19,16,5923750.45,1,3,69,78.94,False,Monitored
0000013489,Global Instruments Pvt Ltd,IND-0000013489,2025,299942058.93,18,4476747.15,1,4,70,79.31,False,Monitored
0000013285,Sri Metals,IND-0000013285,2025,298671323.45,16,4666739.43,3,5,71,79.67,False,Monitored
0000014672,Ganesh Alloys,IND-0000014672,2025,294255454.8,46,2179670.04,2,7,72,80.04,True,Tail
0000014740,Standard Traders,GRP-014,2025,286250948.14,18,4089299.26,2,7,73,80.39,True,Tail
0000013793,Western Rubber & Sons,IND-0000013793,2025,281128065.68,11,7598055.83,1,2,74,80.73,True,Tail
0000015095,Standard Steel & Sons,IND-0000015095,2025,275005092.59,21,3273870.15,1,6,75,81.07,True,Tail
0000013302,Eastern Corporation India Pvt Ltd,GRP-005,2025,271443172.89,23,3435989.53,3,7,76,81.41,True,Tail
0000013186,Maa Bearings,GRP-004,2025,268769336.93,46,1628905.07,5,7,77,81.74,True,Tail
0000014333,Prime Fabricators & Sons,IND-0000014333,2025,263505561.07,10,9410912.9,2,4,78,82.06,True,Tail
0000013951,United Metals Ltd,IND-0000013951,2025,262753442.42,12,5838965.39,1,3,79,82.39,True,Tail
0000013840,Techno Rubber,GRP-010,2025,260292072.13,42,1770694.37,4,6,80,82.71,True,Tail
0000015006,Prime Packaging & Sons,GRP-015,2025,254931994.04,23,3590591.47,3,5,81,83.02,True,Tail
0000012852,New Safety India Pvt Ltd,IND-0000012852,2025,253952986.54,10,8465099.55,2,5,82,83.33,True,Tail
0000012354,Tata Bearings,TATA GROUP,2025,251782340.61,25,2736764.57,5,7,83,83.64,True,Tail
0000013878,Vijay Enterprises Pvt Ltd,IND-0000013878,2025,238693186.81,5,9945549.45,1,4,84,83.94,True,Tail
0000013615,Shree Steel,GRP-008,2025,233691197.37,16,5193137.72,3,4,85,84.23,True,Tail
0000013022,Techno Industrial & Sons,IND-0000013022,2025,227632169.03,3,22763216.9,1,2,86,84.51,True,Tail
0000012832,United Industrial & Co,IND-0000012832,2025,224330103.88,11,5608252.6,1,3,87,84.78,True,Tail
0000013481,Prime Industrial,IND-0000013481,2025,216457161.44,27,2488013.35,3,7,88,85.05,True,Tail
0000014054,Shree Automation,IND-0000014054,2025,216162053.79,4,16627850.29,2,3,89,85.31,True,Tail
0000014938,Super Agencies & Co,GRP-015,2025,213202754.25,14,3675909.56,3,5,90,85.58,True,Tail
0000013645,Prime Systems Pvt Ltd,GRP-008,2025,202135148.65,10,5319346.02,3,6,91,85.83,True,Tail
0000014111,Vijay Polymers & Co,IND-0000014111,2025,188170526.06,5,10453918.11,2,3,92,86.06,True,Tail
0000014014,Shree Enterprises,IND-0000014014,2025,186051368.37,13,3796966.7,1,4,93,86.29,True,Tail
0000013336,National Automation Industries,GRP-006,2025,183344843.11,33,1466758.74,7,7,94,86.51,True,Tail
0000012556,Tech Mahindra Ltd,IND-0000012556,2025,180657206.91,9,4754137.02,1,4,95,86.73,True,Tail
0000014856,Prime Minerals Pvt Ltd,IND-0000014856,2025,180559006.24,17,3009316.77,1,3,96,86.96,True,Tail
0000014529,Eastern Steel Industries,IND-0000014529,2025,175282375.07,5,9737909.73,1,3,97,87.17,True,Tail
0000012601,Western Engineering Corporation,GRP-000,2025,170626997.47,13,3345627.4,4,6,98,87.38,True,Tail
0000013492,Amar Alloys,GRP-007,2025,169125459.61,47,944834.97,2,5,99,87.59,True,Tail
0000012527,Voltas Ltd,IND-0000012527,2025,168752313.85,15,3443924.77,1,3,100,87.8,True,Tail
0000012666,Ganga Packaging Corporation,IND-0000012666,2025,166616519.57,10,5048985.44,1,3,101,88.0,True,Tail
0000013698,Reliable Electricals,IND-0000013698,2025,161392159.68,18,2521752.5,2,6,102,88.2,True,Tail
0000013031,Vijay Enterprises & Co,IND-0000013031,2025,158377934.31,22,2329087.27,2,5,103,88.4,True,Tail
0000014898,Krishna Agencies & Co,GRP-015,2025,153390215.26,3,21912887.89,2,3,104,88.59,True,Tail
0000012826,National Rubber & Co,GRP-001,2025,151107518.88,17,2222169.4,5,7,105,88.77,True,Tail
0000014283,United Minerals Industries,IND-0000014283,2025,151032633.77,13,4195350.94,2,7,106,88.96,True,Tail
0000012479,BASF SE,IND-0000012479,2025,147971439.28,5,14797143.93,2,4,107,89.14,True,Tail
0000014263,Om Rubber,IND-0000014263,2025,147882124.89,8,5099383.62,2,5,108,89.32,True,Tail
0000015071,Vijay Fabricators Corporation,IND-0000015071,2025,144673493.57,1,24112248.93,1,1,109,89.5,True,Tail
0000012401,Thermax Chemicals,THERMAX GROUP,2025,144372291.58,5,6562376.89,1,3,110,89.68,True,Tail
0000013670,Modern Safety Ltd,IND-0000013670,2025,143653613.38,28,1544662.51,2,6,111,89.86,True,Tail
0000013241,Deccan Minerals Pvt Ltd,IND-0000013241,2025,141378683.1,6,5437641.66,1,4,112,90.03,True,Tail
0000014901,Amar Agencies Pvt Ltd,IND-0000014901,2025,132218324.89,26,1717121.1,2,7,113,90.19,True,Tail
0000013753,Ashok Automation Corporation,IND-0000013753,2025,128087870.14,20,2247155.62,1,6,114,90.35,True,Tail
0000014088,Super Marketing,IND-0000014088,2025,124548214.92,17,2041774.02,1,4,115,90.5,True,Tail
0000012817,New Alloys Corporation,IND-0000012817,2025,124285197.18,11,3551005.63,2,4,116,90.66,True,Tail
0000012443,Metso India Pvt Ltd,METSO GROUP,2025,123670416.35,19,1545880.2,2,4,117,90.81,True,Tail
0000014369,Standard Safety,IND-0000014369,2025,123129671.71,16,1985962.45,1,4,118,90.96,True,Tail
0000013142,Reliable Engineering,IND-0000013142,2025,122671380.87,7,5333538.3,1,2,119,91.11,True,Tail
0000013382,Ganga Polymers Corporation,IND-0000013382,2025,122439147.75,6,6121957.39,1,1,120,91.26,True,Tail
0000013395,Northern Corporation,IND-0000013395,2025,121547466.44,11,2826685.27,1,1,121,91.41,True,Tail
0000014354,Super Bearings Ltd,IND-0000014354,2025,121116360.33,33,1199171.88,3,7,122,91.56,True,Tail
0000014783,Sri Rubber Corporation,IND-0000014783,2025,120837414.54,8,3897981.11,1,5,123,91.71,True,Tail
0000014642,National Packaging,IND-0000014642,2025,120519079.13,16,1772339.4,2,5,124,91.86,True,Tail
0000014560,Ashok Metals India Pvt Ltd,IND-0000014560,2025,120338366.3,2,13370929.59,1,2,125,92.01,True,Tail
0000013385,Universal Automation,GRP-006,2025,119566053.45,32,1285656.49,6,7,126,92.15,True,Tail
0000014989,United Lubricants & Co,IND-0000014989,2025,119069335.97,9,5669968.38,1,6,127,92.3,True,Tail
0000013428,Modern Hydraulics Ltd,IND-0000013428,2025,119040879.25,13,2587845.2,2,5,128,92.45,True,Tail
0000012646,Sai Traders Industries,IND-0000012646,2025,117728063.99,11,3018668.31,1,5,129,92.59,True,Tail
0000014061,Eastern Metals & Sons,IND-0000014061,2025,112100714.08,5,5605035.7,2,4,130,92.73,True,Tail
0000014022,Universal Systems Pvt Ltd,IND-0000014022,2025,109984977.34,15,1929561.01,1,6,131,92.87,True,Tail
0000012876,Universal Industrial Ltd,GRP-002,2025,109131838.51,39,732428.45,8,7,132,93.0,True,Tail
0000014415,Indo Enterprises India Pvt Ltd,GRP-012,2025,108998703.84,16,2096128.92,4,6,133,93.13,True,Tail
0000012476,Orica Ltd,IND-0000012476,2025,108798259.72,2,9066521.64,1,1,134,93.27,True,Tail
0000012684,Modern Polymers,IND-0000012684,2025,106883267.88,23,1505398.14,1,3,135,93.4,True,Tail
0000014951,Maa Refractories Industries,GRP-015,2025,103894953.29,29,1129292.97,3,6,136,93.53,True,Tail
0000014045,Continental Electricals & Sons,IND-0000014045,2025,97124386.17,9,2774982.46,1,2,137,93.65,True,Tail
0000013082,Amar Agencies,IND-0000013082,2025,94263549.15,11,2356588.73,2,7,138,93.76,True,Tail
0000012812,Techno Bearings,IND-0000012812,2025,94079764.15,12,2138176.46,1,3,139,93.88,True,Tail
0000012716,Techno Fabricators,IND-0000012716,2025,92438945.48,2,18487789.1,1,1,140,93.99,True,Tail
0000013210,Western Traders Pvt Ltd,IND-0000013210,2025,92108748.29,4,4605437.41,1,1,141,94.11,True,Tail
0000013107,Krishna Refractories & Sons,IND-0000013107,2025,91372960.63,17,1603034.4,1,5,142,94.22,True,Tail
0000013047,Bharat Lubricants Pvt Ltd,GRP-003,2025,91315735.33,41,625450.24,3,7,143,94.33,True,Tail
0000014418,Ashok Instruments & Co,IND-0000014418,2025,91021324.76,30,875205.05,2,7,144,94.44,True,Tail
0000013247,Balaji Refractories Corporation,IND-0000013247,2025,87259450.13,12,1896944.57,1,3,145,94.55,True,Tail
0000012488,Bharat Petroleum Corp Ltd,IND-0000012488,2025,86896101.13,11,2555767.68,1,3,146,94.66,True,Tail
0000015031,New Enterprises & Sons,IND-0000015031,2025,84063040.07,5,4424370.53,2,4,147,94.76,True,Tail
0000012364,L&T Construction,L&T GROUP,2025,83959082.47,6,5247442.65,1,4,148,94.87,True,Tail
0000013405,Ashok Bearings Corporation,GRP-006,2025,82533093.13,45,488361.5,6,7,149,94.97,True,Tail
0000014163,Om Refractories India Pvt Ltd,IND-0000014163,2025,81143992.26,4,8114399.23,1,2,150,95.07,True,Deep Tail
0000013726,Amar Corporation,IND-0000013726,2025,81082758.93,7,3243310.36,1,3,151,95.17,True,Deep Tail
0000013527,Universal Traders,IND-0000013527,2025,80921679.33,13,2187072.41,2,5,152,95.27,True,Deep Tail
0000012435,Epiroc Mining India,ATLAS COPCO,2025,80758570.21,5,5047410.64,2,4,153,95.37,True,Deep Tail
0000013999,Modern Bearings & Co,IND-0000013999,2025,78506778.0,13,1602179.14,1,6,154,95.46,True,Deep Tail
0000013188,Vijay Safety,GRP-004,2025,73415401.91,18,1287989.51,4,5,155,95.55,True,Deep Tail
0000014041,Eastern Marketing Industries,IND-0000014041,2025,73014515.18,12,1973365.28,2,7,156,95.64,True,Deep Tail
0000012838,Global Electricals,IND-0000012838,2025,72351043.52,13,1607800.97,1,1,157,95.73,True,Deep Tail
0000012724,Laxmi Lubricants & Sons,IND-0000012724,2025,72151199.74,6,2672266.66,1,4,158,95.82,True,Deep Tail
0000012345,Tata Steel Ltd,TATA GROUP,2025,71302875.48,45,552735.47,4,7,159,95.91,True,Deep Tail
0000013137,Hindustan Enterprises,IND-0000013137,2025,69673514.06,19,954431.7,1,7,160,95.99,True,Deep Tail
0000014570,Ashok Bearings,GRP-012,2025,69122049.0,28,720021.34,4,6,161,96.08,True,Deep Tail
0000014488,Prime Traders India Pvt Ltd,IND-0000014488,2025,67628446.51,4,3381422.33,1,3,162,96.16,True,Deep Tail
0000012369,L&T Valves Ltd,L&T GROUP,2025,65233176.47,16,1164878.15,2,6,163,96.24,True,Deep Tail
0000012879,Amar Enterprises,IND-0000012879,2025,63684764.84,10,1929841.36,2,4,164,96.32,True,Deep Tail
0000015046,Om Steel & Co,IND-0000015046,2025,63674548.75,6,3032121.37,1,3,165,96.4,True,Deep Tail
0000013308,Prime Steel,GRP-005,2025,62731879.99,11,1394041.78,2,5,166,96.48,True,Deep Tail
0000014686,Hindustan Industrial India Pvt Ltd,GRP-013,2025,61743245.64,26,623669.15,3,5,167,96.55,True,Deep Tail
0000013291,Eastern Instruments Industries,IND-0000013291,2025,58508389.18,14,1125161.33,1,5,168,96.63,True,Deep Tail
0000015058,Western Chemicals Corporation,IND-0000015058,2025,56919284.41,24,654244.65,2,7,169,96.7,True,Deep Tail
0000013958,Ganesh Engineering & Co,IND-0000013958,2025,56860984.37,1,11372196.87,1,1,170,96.77,True,Deep Tail
0000013239,Southern Fabricators & Co,GRP-004,2025,55882064.89,15,1188980.1,4,5,171,96.83,True,Deep Tail
0000013360,Amar Minerals,IND-0000013360,2025,53741381.85,10,1343534.55,2,4,172,96.9,True,Deep Tail
0000014806,Indo Enterprises & Co,IND-0000014806,2025,53615027.34,10,1576912.57,1,3,173,96.97,True,Deep Tail
0000012408,Saint-Gobain India,SAINT-GOBAIN,2025,53239037.64,15,1267596.13,1,3,174,97.03,True,Deep Tail
0000014987,Ganesh Instruments,IND-0000014987,2025,51693129.12,5,3230820.57,1,3,175,97.1,True,Deep Tail
0000014495,Perfect Agencies India Pvt Ltd,IND-0000014495,2025,50150223.02,18,1194052.93,3,4,176,97.16,True,Deep Tail
0000013407,Balaji Fabricators,IND-0000013407,2025,48951242.59,10,1138400.99,1,3,177,97.22,True,Deep Tail
0000014424,Eastern Automation Corporation,GRP-012,2025,48609997.79,31,430176.97,4,5,178,97.28,True,Deep Tail
0000014445,Hindustan Agencies & Sons,IND-0000014445,2025,45742081.44,2,11435520.36,1,1,179,97.33,True,Deep Tail
0000015041,Western Fabricators India Pvt Ltd,IND-0000015041,2025,45485051.71,15,1010778.93,2,6,180,97.39,True,Deep Tail
0000013084,Laxmi Instruments India Pvt Ltd,IND-0000013084,2025,44947117.85,12,1045281.81,2,5,181,97.45,True,Deep Tail
0000014527,Bharat Equipments Pvt Ltd,GRP-012,2025,44504703.98,42,339730.56,4,7,182,97.5,True,Deep Tail
0000012979,Hindustan Agencies Pvt Ltd,GRP-003,2025,44432475.92,18,779517.12,3,6,183,97.55,True,Deep Tail
0000014948,Rajesh Electricals,IND-0000014948,2025,43927334.81,17,686364.61,2,7,184,97.61,True,Deep Tail
0000012672,Super Packaging Pvt Ltd,GRP-000,2025,43731112.76,25,450836.21,3,6,185,97.66,True,Deep Tail
0000014171,National Metals & Sons,IND-0000014171,2025,43631406.95,8,1615978.04,1,4,186,97.72,True,Deep Tail
0000014385,United Agencies & Co,GRP-011,2025,43308825.3,28,441926.79,3,7,187,97.77,True,Deep Tail
0000014035,Sai Enterprises Industries,GRP-010,2025,42464072.61,29,420436.36,2,5,188,97.82,True,Deep Tail
0000014523,Ganga Lubricants Industries,IND-0000014523,2025,42239909.37,18,741051.04,1,6,189,97.87,True,Deep Tail
0000014465,Reliable Fabricators,GRP-012,2025,42156484.82,18,629201.27,3,7,190,97.93,True,Deep Tail
0000012786,Ganesh Polymers Pvt Ltd,IND-0000012786,2025,38719907.28,14,744613.6,1,6,191,97.97,True,Deep Tail
0000015067,Krishna Refractories Ltd,GRP-016,2025,37900330.63,46,235405.78,2,5,192,98.02,True,Deep Tail
0000012630,Rajesh Instruments,GRP-000,2025,37822098.37,23,478760.74,2,7,193,98.07,True,Deep Tail
0000012373,SKF India Ltd,SKF GROUP,2025,37667272.43,3,3424297.49,1,2,194,98.11,True,Deep Tail
0000014844,Northern Chemicals,IND-0000014844,2025,35904385.01,3,2992032.08,1,3,195,98.16,True,Deep Tail
0000015083,Universal Electricals Pvt Ltd,IND-0000015083,2025,35867848.37,6,1630356.74,1,5,196,98.2,True,Deep Tail
0000012902,Reliable Marketing Pvt Ltd,GRP-002,2025,32752199.21,49,202174.07,6,7,197,98.24,True,Deep Tail
0000014924,Eastern Equipments,IND-0000014924,2025,32341322.64,14,646826.45,1,4,198,98.28,True,Deep Tail
0000013253,Reliable Metals Ltd,IND-0000013253,2025,31772822.0,29,254182.58,1,7,199,98.32,True,Deep Tail
0000012359,Larsen & Toubro Ltd,L&T GROUP,2025,31756564.9,11,1024405.32,3,5,200,98.36,True,Deep Tail
0000012593,United Instruments Ltd,IND-0000012593,2025,31361132.32,8,1120040.44,1,6,201,98.4,True,Deep Tail
0000012874,Techno Minerals,IND-0000012874,2025,30211488.44,2,3776436.06,2,2,202,98.44,True,Deep Tail
0000013854,Western Industrial Pvt Ltd,IND-0000013854,2025,27900451.18,10,620010.03,1,4,203,98.47,True,Deep Tail
0000012689,Perfect Rubber Ltd,GRP-000,2025,27708940.78,15,554178.82,3,5,204,98.5,True,Deep Tail
0000013024,Bharat Engineering,GRP-003,2025,27212634.43,27,316425.98,2,6,205,98.54,True,Deep Tail
0000014751,Eastern Safety India Pvt Ltd,IND-0000014751,2025,26854097.03,8,994596.19,1,5,206,98.57,True,Deep Tail
0000014845,Amar Metals,IND-0000014845,2025,26312929.03,12,692445.5,2,5,207,98.6,True,Deep Tail
0000014020,Techno Marketing,GRP-010,2025,26023620.59,23,317361.23,3,6,208,98.64,True,Deep Tail
0000014469,Eastern Polymers,IND-0000014469,2025,25366592.0,3,1585412.0,1,3,209,98.67,True,Deep Tail
0000014144,Perfect Refractories,IND-0000014144,2025,25003218.49,1,5000643.7,1,1,210,98.7,True,Deep Tail
0000013330,Balaji Lubricants India Pvt Ltd,IND-0000013330,2025,24956255.67,28,265492.08,1,3,211,98.73,True,Deep Tail
0000014154,Amar Automation Ltd,GRP-011,2025,24815390.11,27,269732.5,3,6,212,98.76,True,Deep Tail
0000012753,Super Lubricants,GRP-001,2025,24672476.36,8,1028019.85,3,5,213,98.79,True,Deep Tail
0000014125,Southern Bearings,IND-0000014125,2025,22381361.44,9,658275.34,1,4,214,98.82,True,Deep Tail
0000013694,Rajesh Enterprises,IND-0000013694,2025,21660746.94,5,1083037.35,1,3,215,98.84,True,Deep Tail
0000013537,Prime Alloys India Pvt Ltd,IND-0000013537,2025,21336743.13,10,646567.97,1,4,216,98.87,True,Deep Tail
0000013403,Continental Refractories & Sons,IND-0000013403,2025,21036376.34,10,678592.79,1,3,217,98.9,True,Deep Tail
0000013631,Ganesh Marketing Ltd,IND-0000013631,2025,19583218.1,6,1223951.13,1,4,218,98.92,True,Deep Tail
0000013063,Laxmi Agencies,GRP-003,2025,19204683.32,16,349176.06,2,3,219,98.94,True,Deep Tail
0000015089,Reliable Steel India Pvt Ltd,GRP-016,2025,19186149.3,9,618908.04,2,5,220,98.97,True,Deep Tail
0000012466,Komatsu India Pvt Ltd,KOMATSU GROUP,2025,18795153.96,13,399896.89,1,4,221,98.99,True,Deep Tail
0000014460,Rajesh Lubricants & Sons,IND-0000014460,2025,18790781.86,8,816990.52,1,4,222,99.01,True,Deep Tail
0000014755,Reliable Instruments Ltd,GRP-014,2025,18539561.12,7,975766.37,2,6,223,99.04,True,Deep Tail
0000012743,Universal Instruments Corporation,IND-0000012743,2025,18323127.38,6,763463.64,1,3,224,99.06,True,Deep Tail
0000012915,United Fabricators,GRP-002,2025,18227115.63,31,180466.49,7,7,225,99.08,True,Deep Tail
0000012572,Emerson Process Management,IND-0000012572,2025,17850577.65,6,1050033.98,1,4,226,99.1,True,Deep Tail
0000012664,Techno Packaging,IND-0000012664,2025,17811323.35,2,2226415.42,1,2,227,99.13,True,Deep Tail
0000014843,Deccan Equipments & Sons,GRP-014,2025,17387680.54,8,543365.02,2,5,228,99.15,True,Deep Tail
0000013762,Standard Electricals Corporation,IND-0000013762,2025,17113312.68,12,475369.8,2,5,229,99.17,True,Deep Tail
0000013200,National Chemicals,IND-0000013200,2025,16958253.53,9,498772.16,2,4,230,99.19,True,Deep Tail
0000014971,Sri Metals India Pvt Ltd,IND-0000014971,2025,16620941.84,9,503664.9,1,6,231,99.21,True,Deep Tail
0000013824,Precision Packaging Ltd,GRP-009,2025,16388214.97,13,327764.3,1,4,232,99.23,True,Deep Tail
0000014360,Indo Lubricants,GRP-011,2025,15722797.72,23,180721.81,2,6,233,99.25,True,Deep Tail
0000014246,Sri Agencies,IND-0000014246,2025,15569796.58,2,1729977.4,1,1,234,99.27,True,Deep Tail
0000014646,Perfect Hydraulics India Pvt Ltd,IND-0000014646,2025,15492783.4,8,645532.64,2,5,235,99.29,True,Deep Tail
0000014032,Laxmi Alloys Corporation,IND-0000014032,2025,15042701.67,14,278568.55,1,3,236,99.31,True,Deep Tail
0000012955,Ganga Electricals Corporation,GRP-002,2025,14902137.92,41,98040.38,7,7,237,99.32,True,Deep Tail
0000014400,Vijay Alloys,IND-0000014400,2025,14571647.36,4,1214303.95,1,3,238,99.34,True,Deep Tail
0000014760,Continental Fabricators India Pvt Ltd,IND-0000014760,2025,14355447.53,21,276066.3,1,5,239,99.36,True,Deep Tail
0000012446,FLSmidth A/S,FLSMIDTH GROUP,2025,14273743.55,24,162201.63,1,3,240,99.38,True,Deep Tail
0000013960,Universal Engineering Pvt Ltd,IND-0000013960,2025,14035966.06,2,2339327.68,1,2,241,99.39,True,Deep Tail
0000014272,Southern Chemicals Industries,IND-0000014272,2025,13832574.61,6,728030.24,1,4,242,99.41,True,Deep Tail
0000012692,Sri Systems & Sons,GRP-001,2025,13578003.63,20,186000.05,5,6,243,99.43,True,Deep Tail
0000013318,Prime Marketing & Sons,IND-0000013318,2025,13563134.02,5,797831.41,1,3,244,99.44,True,Deep Tail
0000014790,Eastern Bearings India Pvt Ltd,IND-0000014790,2025,13443111.12,6,640148.15,1,2,245,99.46,True,Deep Tail
0000012620,Universal Packaging Industries,IND-0000012620,2025,13349450.77,1,2224908.46,1,1,246,99.48,True,Deep Tail
0000014766,Eastern Traders,GRP-014,2025,13010362.96,12,255105.16,2,5,247,99.49,True,Deep Tail
0000013005,Shree Fabricators,IND-0000013005,2025,12713986.92,4,1271398.69,1,3,248,99.51,True,Deep Tail
0000012537,Polycab India Ltd,IND-0000012537,2025,12562086.09,17,202614.29,2,5,249,99.52,True,Deep Tail
0000014690,Western Equipments,IND-0000014690,2025,12356681.77,7,441310.06,1,3,250,99.54,True,Deep Tail
0000014615,Krishna Engineering,GRP-013,2025,11850825.03,12,275600.58,3,4,251,99.55,True,Deep Tail
0000013470,Precision Agencies,IND-0000013470,2025,11681137.59,15,216317.36,1,4,252,99.57,True,Deep Tail
0000014454,Prime Systems Ltd,IND-0000014454,2025,11605238.13,3,1289470.9,1,2,253,99.58,True,Deep Tail
0000014172,Hindustan Marketing & Co,IND-0000014172,2025,11547394.9,6,607757.63,1,3,254,99.6,True,Deep Tail
0000012981,Modern Electricals,GRP-003,2025,10672813.48,8,381171.91,2,4,255,99.61,True,Deep Tail
0000014394,Standard Electricals & Co,IND-0000014394,2025,10214732.38,12,283742.57,2,5,256,99.62,True,Deep Tail
0000014621,Precision Rubber,IND-0000014621,2025,10008228.67,6,500411.43,1,2,257,99.64,True,Deep Tail
0000013312,Northern Systems Pvt Ltd,GRP-005,2025,9531983.97,9,414434.09,2,4,258,99.65,True,Deep Tail
0000013588,Eastern Safety Pvt Ltd,IND-0000013588,2025,9330167.93,5,583135.5,1,2,259,99.66,True,Deep Tail
0000012863,Northern Fabricators,IND-0000012863,2025,9019117.45,10,281847.42,1,3,260,99.67,True,Deep Tail
0000014542,Deccan Chemicals India Pvt Ltd,IND-0000014542,2025,8555276.97,3,712939.75,1,3,261,99.68,True,Deep Tail
0000014279,Deccan Traders & Co,IND-0000014279,2025,8397799.44,9,270896.76,1,3,262,99.69,True,Deep Tail
0000014741,National Minerals India Pvt Ltd,GRP-014,2025,8362037.07,5,440107.21,2,3,263,99.7,True,Deep Tail
0000012473,Flottweg SE,IND-0000012473,2025,8024443.04,39,70389.85,3,6,264,99.71,True,Deep Tail
0000014341,Maa Lubricants,GRP-011,2025,7831829.35,24,101712.07,2,6,265,99.72,True,Deep Tail
0000012700,Balaji Marketing,IND-0000012700,2025,7779111.06,3,707191.91,1,2,266,99.73,True,Deep Tail
0000013495,Ashok Corporation Pvt Ltd,IND-0000013495,2025,7320222.89,4,563094.07,1,3,267,99.74,True,Deep Tail
0000013776,Universal Lubricants Pvt Ltd,IND-0000013776,2025,7098950.04,8,228998.39,1,3,268,99.75,True,Deep Tail
0000013219,Maa Minerals India Pvt Ltd,IND-0000013219,2025,6941350.34,8,231378.34,1,3,269,99.76,True,Deep Tail
0000013339,Amar Safety India Pvt Ltd,IND-0000013339,2025,6857998.95,1,1142999.82,1,1,270,99.76,True,Deep Tail
0000012770,Om Polymers Industries,IND-0000012770,2025,6822077.67,6,262387.6,1,4,271,99.77,True,Deep Tail
0000013844,Deccan Traders,GRP-010,2025,6768684.02,8,199078.94,3,4,272,99.78,True,Deep Tail
0000013164,Sai Instruments & Co,IND-0000013164,2025,6663289.52,15,175349.72,1,4,273,99.79,True,Deep Tail
0000014866,Amar Agencies & Co,GRP-015,2025,6603940.79,6,264157.63,3,3,274,99.8,True,Deep Tail
0000014956,Hindustan Steel India Pvt Ltd,IND-0000014956,2025,6451872.9,3,1075312.15,1,3,275,99.81,True,Deep Tail
0000012696,Deccan Alloys,IND-0000012696,2025,6437123.18,17,103824.57,1,7,276,99.81,True,Deep Tail
0000014852,Shree Marketing Industries,IND-0000014852,2025,6023109.55,2,1204621.91,1,2,277,99.82,True,Deep Tail
0000012935,Western Metals & Sons,GRP-002,2025,5782153.81,29,58405.59,6,7,278,99.83,True,Deep Tail
0000013175,Om Traders & Co,IND-0000013175,2025,5673682.89,5,354605.18,1,4,279,99.84,True,Deep Tail
0000014411,Universal Corporation Pvt Ltd,GRP-012,2025,5614827.84,11,143969.94,3,4,280,99.84,True,Deep Tail
0000014514,Shree Traders Pvt Ltd,IND-0000014514,2025,4988534.02,10,131277.21,1,5,281,99.85,True,Deep Tail
0000013324,Western Corporation Ltd,GRP-006,2025,4846799.57,16,98914.28,4,7,282,99.85,True,Deep Tail
0000014972,Ganga Steel,IND-0000014972,2025,4682408.55,3,425673.5,1,3,283,99.86,True,Deep Tail
0000012738,Western Marketing,IND-0000012738,2025,4189255.02,8,174552.29,1,5,284,99.87,True,Deep Tail
0000013181,Hindustan Refractories,IND-0000013181,2025,4172989.89,7,149035.35,1,5,285,99.87,True,Deep Tail
0000014548,Reliable Bearings & Co,IND-0000014548,2025,4100253.36,3,315404.1,1,2,286,99.88,True,Deep Tail
0000014444,Eastern Enterprises Corporation,IND-0000014444,2025,4080476.38,10,131628.27,1,3,287,99.88,True,Deep Tail
0000012977,Rajesh Packaging Corporation,IND-0000012977,2025,3901791.12,2,557398.73,1,2,288,99.89,True,Deep Tail
0000013183,Eastern Minerals,GRP-004,2025,3736135.9,8,138375.4,3,5,289,99.89,True,Deep Tail
0000013140,Bharat Automation,IND-0000013140,2025,3689729.48,16,62537.79,2,7,290,99.89,True,Deep Tail
0000013368,Southern Industrial & Co,GRP-006,2025,3658938.04,16,76227.88,4,6,291,99.9,True,Deep Tail
0000013728,Bharat Polymers & Sons,IND-0000013728,2025,3580400.71,9,105305.9,2,5,292,99.9,True,Deep Tail
0000012516,Aarti Industries Ltd,IND-0000012516,2025,3525872.48,1,587645.41,1,1,293,99.91,True,Deep Tail
0000013071,Bharat Automation Ltd,IND-0000013071,2025,3376518.04,10,102318.73,1,5,294,99.91,True,Deep Tail
0000013780,Southern Alloys India Pvt Ltd,IND-0000013780,2025,3176291.44,4,317629.14,1,3,295,99.92,True,Deep Tail
0000014661,Indo Traders Industries,IND-0000014661,2025,3055443.38,1,611088.68,1,1,296,99.92,True,Deep Tail
0000013772,Western Steel Industries,GRP-009,2025,2962391.88,4,197492.79,1,3,297,99.92,True,Deep Tail
0000012805,Bharat Instruments,IND-0000012805,2025,2907157.22,17,46889.63,2,5,298,99.93,True,Deep Tail
0000014909,Perfect Enterprises India Pvt Ltd,IND-0000014909,2025,2869080.45,2,1434540.22,1,2,299,99.93,True,Deep Tail
0000013531,Techno Alloys Corporation,IND-0000013531,2025,2848767.66,5,129489.44,1,3,300,99.93,True,Deep Tail
0000013444,Indo Traders,GRP-007,2025,2726910.86,4,272691.09,1,3,301,99.94,True,Deep Tail
0000013506,Perfect Packaging & Sons,GRP-007,2025,2648289.73,14,54046.73,2,6,302,99.94,True,Deep Tail
0000013273,Indo Traders Ltd,GRP-005,2025,2496750.53,5,226977.32,2,2,303,99.94,True,Deep Tail
0000014704,Ganga Lubricants,GRP-013,2025,2358126.25,7,84218.79,1,3,304,99.95,True,Deep Tail
0000013062,Precision Electricals,IND-0000013062,2025,2255916.05,2,250657.34,1,1,305,99.95,True,Deep Tail
0000014848,Northern Refractories,GRP-014,2025,2102611.27,4,140174.08,2,3,306,99.95,True,Deep Tail
0000012885,Ganga Chemicals Pvt Ltd,IND-0000012885,2025,2000364.29,2,285766.33,1,2,307,99.95,True,Deep Tail
0000013610,Bharat Instruments & Sons,IND-0000013610,2025,1965933.76,3,196593.38,1,2,308,99.96,True,Deep Tail
0000013396,Standard Fabricators,IND-0000013396,2025,1848780.61,3,231097.58,1,2,309,99.96,True,Deep Tail
0000013250,Northern Bearings Corporation,IND-0000013250,2025,1763818.83,1,587939.61,1,1,310,99.96,True,Deep Tail
0000013937,Amar Equipments Industries,IND-0000013937,2025,1729828.69,3,157257.15,1,3,311,99.96,True,Deep Tail
0000013101,Ganga Minerals Pvt Ltd,IND-0000013101,2025,1654345.29,3,137862.11,1,2,312,99.97,True,Deep Tail
0000014826,Rajesh Instruments Pvt Ltd,IND-0000014826,2025,1570653.21,6,82665.96,1,2,313,99.97,True,Deep Tail
0000013375,Ganesh Bearings Corporation,IND-0000013375,2025,1534471.27,2,139497.39,1,2,314,99.97,True,Deep Tail
0000012783,Indo Hydraulics Ltd,IND-0000012783,2025,1500590.97,2,136417.36,1,2,315,99.97,True,Deep Tail
0000014027,Modern Systems Pvt Ltd,IND-0000014027,2025,1428799.37,4,95253.29,1,3,316,99.97,True,Deep Tail
0000012706,Super Electricals & Co,IND-0000012706,2025,1416564.69,4,94437.65,1,3,317,99.97,True,Deep Tail
0000012878,Northern Safety Corporation,IND-0000012878,2025,1332320.55,2,111026.71,1,2,318,99.98,True,Deep Tail
0000012579,Yokogawa India Ltd,IND-0000012579,2025,1228294.1,2,111663.1,1,2,319,99.98,True,Deep Tail
0000013712,Ashok Marketing Pvt Ltd,IND-0000013712,2025,1205929.77,4,200988.3,1,3,320,99.98,True,Deep Tail
0000013681,Eastern Industrial,IND-0000013681,2025,1150169.44,2,191694.91,2,2,321,99.98,True,Deep Tail
0000013520,Indo Minerals Pvt Ltd,GRP-007,2025,1071592.1,3,89299.34,1,2,322,99.98,True,Deep Tail
0000013817,Reliable Agencies Industries,GRP-009,2025,1065886.23,1,532943.12,1,1,323,99.98,True,Deep Tail
0000013859,Northern Equipments Industries,IND-0000013859,2025,1058515.99,11,30243.31,1,5,324,99.98,True,Deep Tail
0000012543,Bharat Heavy Electricals Ltd,IND-0000012543,2025,1036482.26,3,207296.45,1,3,325,99.99,True,Deep Tail
0000012647,Krishna Marketing,GRP-000,2025,931323.12,8,62088.21,3,6,326,99.99,True,Deep Tail
0000014312,Universal Alloys,IND-0000014312,2025,835337.9,5,49137.52,1,3,327,99.99,True,Deep Tail
0000014974,Ashok Minerals Ltd,IND-0000014974,2025,812546.46,4,45141.47,1,2,328,99.99,True,Deep Tail
0000014106,Shree Automation India Pvt Ltd,IND-0000014106,2025,765112.99,3,95639.12,1,3,329,99.99,True,Deep Tail
0000012439,Metso Outotec Oyj,METSO GROUP,2025,725397.64,4,40299.87,1,2,330,99.99,True,Deep Tail
0000013706,United Enterprises,IND-0000013706,2025,677385.41,3,52106.57,1,2,331,99.99,True,Deep Tail
0000015039,Sai Fabricators,IND-0000015039,2025,600883.89,1,200294.63,1,1,332,99.99,True,Deep Tail
0000013452,Amar Lubricants,IND-0000013452,2025,568223.04,5,40587.36,1,3,333,99.99,True,Deep Tail
0000012843,Continental Alloys Ltd,IND-0000012843,2025,547019.54,4,49729.05,1,3,334,99.99,True,Deep Tail
0000013832,Indo Alloys & Sons,GRP-009,2025,538267.87,3,59807.54,1,3,335,99.99,True,Deep Tail
0000015023,Rajesh Automation,GRP-016,2025,400321.06,3,36392.82,1,2,336,99.99,True,Deep Tail
0000013888,New Equipments Pvt Ltd,IND-0000013888,2025,398165.48,1,132721.83,1,1,337,100.0,True,Deep Tail
0000012966,Rajesh Marketing,GRP-003,2025,347756.99,4,24839.78,2,4,338,100.0,True,Deep Tail
0000015075,Techno Engineering Ltd,IND-0000015075,2025,322350.82,1,64470.16,1,1,339,100.0,True,Deep Tail
0000012718,Shree Marketing & Sons,IND-0000012718,2025,284958.77,4,15831.04,1,3,340,100.0,True,Deep Tail
0000012777,Perfect Hydraulics Industries,IND-0000012777,2025,283257.53,1,56651.51,1,1,341,100.0,True,Deep Tail
0000012450,FLSmidth Pvt Ltd,FLSMIDTH GROUP,2025,282381.86,5,14119.09,1,3,342,100.0,True,Deep Tail
0000013677,Modern Refractories,IND-0000013677,2025,280659.32,4,25514.48,2,4,343,100.0,True,Deep Tail
0000013424,Modern Industrial & Co,IND-0000013424,2025,228017.05,3,22801.7,1,2,344,100.0,True,Deep Tail
0000012419,Cummins Sales & Service,CUMMINS GROUP,2025,216910.18,1,108455.09,1,1,345,100.0,True,Deep Tail
0000014666,Southern Chemicals Ltd,GRP-013,2025,204957.01,3,15765.92,1,3,346,100.0,True,Deep Tail
0000014361,Vijay Bearings,GRP-011,2025,189380.68,2,23672.58,2,2,347,100.0,True,Deep Tail
0000014258,Perfect Steel & Co,IND-0000014258,2025,154563.55,1,51521.18,1,1,348,100.0,True,Deep Tail
0000014543,Modern Alloys,IND-0000014543,2025,150008.89,1,50002.96,1,1,349,100.0,True,Deep Tail
0000012965,Maa Systems,IND-0000012965,2025,138010.59,1,27602.12,1,1,350,100.0,True,Deep Tail
0000014167,Super Engineering,IND-0000014167,2025,120345.0,1,30086.25,1,1,351,100.0,True,Deep Tail
0000013511,United Instruments & Sons,IND-0000013511,2025,108507.79,1,54253.9,1,1,352,100.0,True,Deep Tail
0000013165,Eastern Hydraulics Corporation,IND-0000013165,2025,100000.21,1,50000.1,1,1,353,100.0,True,Deep Tail
0000012868,National Instruments & Sons,IND-0000012868,2025,75045.92,1,25015.31,1,1,354,100.0,True,Deep Tail
0000014057,Northern Electricals India Pvt Ltd,GRP-011,2025,65748.61,3,9392.66,2,2,355,100.0,True,Deep Tail
0000013977,New Electricals,IND-0000013977,2025,62358.22,1,10393.04,1,1,356,100.0,True,Deep Tail
0000012747,Eastern Rubber,IND-0000012747,2025,50274.08,1,50274.08,1,1,357,100.0,True,Deep Tail
0000012511,Gujarat Fluorochemicals,IND-0000012511,2025,50214.67,1,10042.93,1,1,358,100.0,True,Deep Tail
0000013335,Super Equipments Ltd,IND-0000013335,2025,35872.13,1,7174.43,1,1,359,100.0,True,Deep Tail
0000013144,Ashok Automation,IND-0000013144,2025,30398.71,3,5066.45,1,2,360,100.0,True,Deep Tail
0000014087,Amar Industrial,IND-0000014087,2025,22401.1,1,11200.55,1,1,361,100.0,True,Deep Tail
0000014869,Hindustan Engineering & Co,IND-0000014869,2025,20287.05,1,10143.52,1,1,362,100.0,True,Deep Tail
0000013079,Balaji Traders Corporation,IND-0000013079,2025,20000.63,1,5000.16,1,1,363,100.0,True,Deep Tail
0000012678,Balaji Marketing Pvt Ltd,IND-0000012678,2025,10000.0,1,10000.0,1,1,364,100.0,True,Deep Tail
