invoice_number,invoice_date,po_number,vendor_id,category_code,plant_code,invoice_value_inr,currency
5100000001,2023-01-30,4500001756,0000100087,M052,VAL1,15542929,INR
5100000002,2023-10-09,4500002092,0000100041,M044,STC1,8067130,INR
5100000003,2024-07-19,4500001295,0000100037,M011,HZL1,3575864,USD
5100000004,2024-12-15,4500001086,0000100089,M014,HZL1,3118888,INR
5100000005,2023-09-06,4500000011,0000100080,M001,HZL1,37321270,USD
5100000006,2025-11-09,4500001640,0000100065,M033,BAL1,32285028,INR
5100000007,2023-11-04,4500003229,0000100088,M022,HZL1,58023423,INR
5100000008,2025-07-06,4500000367,0000100109,M042,VAL1,2263041,INR
5100000009,2024-06-07,4500000858,0000100151,M027,IOD1,9049848,INR
5100000010,2024-09-29,4500001718,0000100093,M031,BAL1,15684328,INR
5100000011,2024-01-18,4500000795,0000100138,M033,COG1,8648606,USD
5100000012,2023-12-19,4500002072,0000100140,M031,VAL1,11372367,INR
5100000013,2023-03-20,4500001287,0000100056,M011,VAL1,1236834,USD
5100000014,2024-06-11,4500001629,0000100006,M001,VAL1,13654253,INR
5100000015,2025-06-03,4500001858,0000100116,M033,COR1,16548826,INR
5100000016,2024-04-20,4500001079,0000100031,M036,STC1,43044003,INR
5100000017,2025-02-19,4500003263,0000100141,M039,STC1,20957788,INR
5100000018,2025-08-15,4500001544,0000100033,M004,HZL1,29492649,INR
5100000019,2024-01-23,4500002664,0000100093,M023,COG1,12666192,USD
5100000020,2024-11-04,4500000809,0000100001,M039,IOD1,5838967,INR
5100000021,2024-12-11,4500000967,0000100108,M036,BAL1,2919512,INR
5100000022,2025-08-08,4500001367,0000100107,M012,HZL1,1389808,USD
5100000023,2025-03-25,4500000495,0000100070,M004,HZL1,3844589,INR
5100000024,2023-11-14,4500000352,0000100043,M055,VAL1,45977689,EUR
5100000025,2024-08-01,4500001298,0000100003,M056,VAL1,22936077,INR
5100000026,2024-12-01,4500000587,0000100098,M001,HZL1,79990872,INR
5100000027,2025-08-26,4500000991,0000100092,M011,VAL1,3645206,EUR
5100000028,2023-05-25,4500001221,0000100067,M037,VAL1,28705296,INR
5100000029,2025-12-14,4500001392,0000100044,M040,VAL1,37803645,INR
5100000030,2024-12-10,4500000430,0000100058,M028,COR1,10356091,EUR
5100000031,2025-02-15,4500000042,0000100066,M032,BAL1,2346213,INR
5100000032,2023-03-09,4500003067,0000100160,M005,COR1,19719085,INR
5100000033,2023-07-16,4500000584,0000100086,M027,VAL1,6662265,INR
5100000034,2025-02-01,4500001702,0000100082,M037,BAL1,5239032,INR
5100000035,2024-09-29,4500001381,0000100034,M059,BAL1,10162008,INR
5100000036,2023-04-22,4500001354,0000100017,M049,VAL1,545828,INR
5100000037,2025-01-19,4500002201,0000100154,M029,IOD1,27776039,INR
5100000038,2024-03-20,4500002628,0000100155,M037,STC1,81349997,EUR
5100000039,2023-12-14,4500000801,0000100112,M037,STC1,129021279,INR
5100000040,2025-02-21,4500003240,0000100132,M041,BAL1,26292186,INR
5100000041,2023-02-01,4500001480,0000100012,M001,HZL1,71746997,INR
5100000042,2024-07-10,4500003228,0000100110,M006,COG1,16445773,INR
5100000043,2025-11-12,4500000175,0000100072,M003,STC1,13486404,USD
5100000044,2024-12-31,4500002058,0000100127,M008,VAL1,1813786,INR
5100000045,2023-04-20,4500000371,0000100097,M015,HZL1,23262062,INR
5100000046,2025-07-04,4500000868,0000100035,M050,COG1,196883,INR
5100000047,2024-07-27,4500002159,0000100013,M047,HZL1,1302496,INR
5100000048,2024-09-24,4500000819,0000100067,M042,HZL1,4125395,INR
5100000049,2025-02-02,4500002281,0000100062,M014,HZL1,2022010,INR
5100000050,2025-09-29,4500000844,0000100124,M028,COG1,5465683,INR
5100000051,2024-09-18,4500001022,0000100021,M023,VAL1,11403814,INR
5100000052,2025-02-24,4500001565,0000100073,M059,IOD1,4550038,INR
5100000053,2024-07-17,4500000648,0000100096,M037,BAL1,101653117,INR
5100000054,2025-03-16,4500001586,0000100007,M040,STC1,2323906,INR
5100000055,2024-01-05,4500001921,0000100047,M028,HZL1,4645489,INR
5100000056,2024-09-01,4500002060,0000100064,M004,HZL1,27906777,INR
5100000057,2024-05-29,4500002601,0000100029,M024,HZL1,242189684,INR
5100000058,2023-05-02,4500000709,0000100076,M008,COG1,1595896,INR
5100000059,2023-06-22,4500001764,0000100091,M010,BAL1,14887643,INR
5100000060,2024-03-21,4500001089,0000100157,M022,COG1,6130119,INR
5100000061,2025-07-17,4500002452,0000100020,M059,VAL1,3989800,INR
5100000062,2024-01-06,4500001742,0000100139,M008,COG1,4530666,INR
5100000063,2025-03-27,4500001547,0000100081,M024,HZL1,6838225,INR
5100000064,2023-07-22,4500000777,0000100118,M021,IOD1,22195397,INR
5100000065,2024-07-12,4500000500,0000100047,M010,STC1,3398713,INR
5100000066,2023-12-23,4500000801,0000100108,M006,STC1,10748794,INR
5100000067,2024-12-14,4500003002,0000100071,M001,COR1,3002582,INR
5100000068,2023-07-01,4500002773,0000100151,M024,BAL1,26122788,INR
5100000069,2024-06-01,4500001822,0000100069,M045,COG1,5943864,INR
5100000070,2024-03-23,4500001248,0000100072,M026,VAL1,4742385,EUR
5100000071,2024-11-14,4500001605,0000100106,M033,VAL1,21647521,INR
5100000072,2023-07-13,4500002037,0000100137,M034,VAL1,155492208,USD
5100000073,2024-12-25,4500003013,0000100051,M031,VAL1,5102596,INR
5100000074,2025-02-04,4500000798,0000100157,M048,COG1,927086,INR
5100000075,2024-02-03,4500002482,0000100081,M049,HZL1,2558521,INR
5100000076,2024-10-13,4500003063,0000100006,M024,VAL1,26201862,INR
5100000077,2024-12-08,4500003087,0000100053,M030,HZL1,3050539,INR
5100000078,2024-10-11,4500002348,0000100035,M026,HZL1,8098207,INR
5100000079,2025-07-24,4500002285,0000100001,M044,COR1,2951246,INR
5100000080,2024-02-02,4500002336,0000100066,M019,VAL1,44843824,USD
5100000081,2023-06-16,4500002670,0000100103,M054,COR1,32160289,INR
5100000082,2023-05-08,4500000223,0000100064,M001,HZL1,55923635,INR
5100000083,2023-08-05,4500001252,0000100096,M026,HZL1,52433626,INR
5100000084,2024-01-19,4500000478,0000100145,M013,HZL1,2709128,INR
5100000085,2024-05-05,4500002029,0000100035,M028,VAL1,1091979,INR
5100000086,2024-11-05,4500001762,0000100006,M032,VAL1,3241487,INR
5100000087,2024-12-07,4500000967,0000100078,M034,BAL1,25735768,INR
5100000088,2025-09-02,4500002055,0000100137,M013,COR1,5077366,EUR
5100000089,2025-04-07,4500000267,0000100085,M004,HZL1,93817830,INR
5100000090,2023-10-16,4500001361,0000100091,M007,COG1,3962238,INR
5100000091,2024-06-05,4500001115,0000100076,M007,COG1,999960,EUR
5100000092,2024-05-30,4500000437,0000100016,M046,HZL1,3787325,INR
5100000093,2025-12-09,4500002791,0000100039,M002,COG1,20557818,INR
5100000094,2023-05-23,4500001612,0000100012,M009,COG1,2603417,EUR
5100000095,2025-10-18,4500000350,0000100012,M047,VAL1,4891785,EUR
5100000096,2025-07-03,4500001258,0000100089,M050,COG1,2361502,INR
5100000097,2025-08-27,4500001472,0000100043,M056,BAL1,14899574,INR
5100000098,2023-09-23,4500003197,0000100154,M058,COR1,5047677,INR
5100000099,2023-06-20,4500002255,0000100129,M004,VAL1,20350280,INR
5100000100,2024-10-15,4500000212,0000100041,M046,BAL1,36068089,INR
5100000101,2025-08-22,4500000071,0000100001,M004,VAL1,98165812,INR
5100000102,2024-11-23,4500000263,0000100135,M003,HZL1,13809206,INR
5100000103,2023-12-03,4500002392,0000100062,M007,VAL1,711713,INR
5100000104,2025-11-25,4500000438,0000100046,M016,HZL1,15393995,INR
5100000105,2024-04-10,4500001177,0000100156,M003,IOD1,17183666,USD
5100000106,2025-06-23,4500000936,0000100112,M014,HZL1,1016759,INR
5100000107,2023-04-18,4500000319,0000100098,M025,HZL1,5551031,INR
5100000108,2023-05-18,4500001190,0000100052,M001,HZL1,7106251,INR
5100000109,2025-07-26,4500000073,0000100028,M014,COG1,3370079,INR
5100000110,2024-03-23,4500000188,0000100023,M017,HZL1,269133749,INR
5100000111,2023-07-19,4500002199,0000100047,M001,COG1,6280737,INR
5100000112,2024-03-30,4500002237,0000100015,M008,COG1,4854615,INR
5100000113,2024-09-10,4500002273,0000100027,M010,HZL1,1544357,INR
5100000114,2024-12-27,4500002871,0000100050,M050,VAL1,315724,INR
5100000115,2024-12-21,4500000558,0000100085,M047,BAL1,1289030,INR
5100000116,2024-01-10,4500001843,0000100066,M052,HZL1,20793628,EUR
5100000117,2023-10-26,4500003256,0000100003,M042,BAL1,39464587,INR
5100000118,2025-11-06,4500002775,0000100013,M012,IOD1,619037,INR
5100000119,2025-02-19,4500001123,0000100106,M033,HZL1,14472930,INR
5100000120,2024-03-28,4500001442,0000100069,M041,HZL1,3322940,INR
5100000121,2023-07-03,4500003048,0000100075,M013,STC1,1537788,INR
5100000122,2025-02-05,4500003057,0000100084,M013,IOD1,1253391,INR
5100000123,2024-08-21,4500000104,0000100045,M010,COG1,1069253,INR
5100000124,2025-12-13,4500000700,0000100150,M048,VAL1,531625,INR
5100000125,2024-01-15,4500001417,0000100046,M011,BAL1,1256396,INR
5100000126,2024-07-19,4500001807,0000100031,M010,STC1,1831529,INR
5100000127,2025-04-09,4500001752,0000100026,M047,HZL1,3121536,INR
5100000128,2024-04-05,4500001248,0000100140,M021,VAL1,5568623,INR
5100000129,2025-10-27,4500003308,0000100071,M029,VAL1,15730063,INR
5100000130,2023-08-30,4500003138,0000100022,M056,HZL1,4018629,INR
5100000131,2025-05-09,4500001475,0000100008,M052,HZL1,24689270,USD
5100000132,2025-08-10,4500002143,0000100097,M029,COG1,1979573,INR
5100000133,2024-01-08,4500003199,0000100113,M024,STC1,6040944,INR
5100000134,2024-05-09,4500000621,0000100098,M062,HZL1,9777896,INR
5100000135,2023-02-16,4500002412,0000100026,M018,COG1,9072709,INR
5100000136,2024-06-24,4500002889,0000100002,M022,VAL1,3111213,INR
5100000137,2023-10-21,4500001995,0000100151,M012,HZL1,414723,INR
5100000138,2025-11-15,4500001392,0000100133,M007,VAL1,18407875,INR
5100000139,2025-06-25,4500000182,0000100104,M012,COR1,3394347,INR
5100000140,2024-07-28,4500001128,0000100051,M048,VAL1,1210815,INR
5100000141,2025-11-27,4500003249,0000100022,M034,HZL1,5969683,INR
5100000142,2025-06-27,4500002057,0000100146,M040,VAL1,6667645,INR
5100000143,2025-04-20,4500001475,0000100129,M043,HZL1,6610566,INR
5100000144,2025-04-24,4500000859,0000100053,M009,COG1,5856315,INR
5100000145,2025-06-20,4500000394,0000100124,M014,HZL1,8762023,INR
5100000146,2025-01-14,4500002140,0000100005,M012,VAL1,5851299,INR
5100000147,2024-10-11,4500000324,0000100018,M002,HZL1,13203076,INR
5100000148,2025-07-26,4500001119,0000100054,M030,HZL1,10971532,USD
5100000149,2025-03-05,4500002604,0000100001,M012,HZL1,885495,INR
5100000150,2023-09-18,4500002611,0000100096,M021,STC1,1991172,INR
5100000151,2025-02-24,4500000660,0000100015,M023,HZL1,49839646,INR
5100000152,2024-09-23,4500002287,0000100062,M060,HZL1,8570847,INR
5100000153,2024-07-31,4500003071,0000100056,M007,BAL1,3424688,INR
5100000154,2023-03-08,4500001467,0000100070,M008,IOD1,4462261,INR
5100000155,2025-04-21,4500001166,0000100099,M009,STC1,749862,INR
5100000156,2025-03-01,4500001129,0000100057,M007,COR1,19834544,INR
5100000157,2024-06-12,4500001674,0000100135,M032,VAL1,5431987,INR
5100000158,2024-02-14,4500001007,0000100014,M002,COG1,9784904,INR
5100000159,2025-09-04,4500000734,0000100148,M010,HZL1,908372,INR
5100000160,2024-12-12,4500000162,0000100129,M018,STC1,81438909,INR
5100000161,2024-04-21,4500000036,0000100024,M062,COR1,4791359,INR
5100000162,2024-12-12,4500000315,0000100026,M021,HZL1,10228069,INR
5100000163,2025-01-13,4500001518,0000100002,M027,HZL1,4297476,INR
5100000164,2024-08-05,4500000123,0000100023,M010,VAL1,9683768,INR
5100000165,2023-10-29,4500002327,0000100121,M011,VAL1,2495083,INR
5100000166,2023-06-13,4500003158,0000100034,M021,VAL1,15421181,INR
5100000167,2025-04-30,4500001171,0000100090,M042,HZL1,3210711,INR
5100000168,2025-02-13,4500003212,0000100135,M050,BAL1,357229,INR
5100000169,2025-07-16,4500002239,0000100153,M025,COG1,4289663,USD
5100000170,2025-07-20,4500003149,0000100095,M008,VAL1,1609350,INR
5100000171,2023-09-06,4500000932,0000100026,M060,VAL1,13200620,INR
5100000172,2023-03-03,4500001065,0000100111,M025,BAL1,25089910,EUR
5100000173,2025-01-27,4500001210,0000100104,M040,VAL1,7749331,INR
5100000174,2025-09-01,4500002759,0000100059,M025,HZL1,3588723,INR
5100000175,2024-01-06,4500001892,0000100072,M028,COR1,12112128,USD
5100000176,2025-07-12,4500001927,0000100079,M041,IOD1,3369397,INR
5100000177,2024-10-16,4500000316,0000100136,M023,VAL1,4247607,INR
5100000178,2025-12-12,4500002424,0000100009,M024,VAL1,15899954,EUR
5100000179,2025-11-20,4500000988,0000100111,M036,HZL1,21416089,INR
5100000180,2024-03-23,4500000766,0000100044,M030,HZL1,19209469,INR
5100000181,2024-02-19,4500003298,0000100023,M054,STC1,13144710,INR
5100000182,2024-08-15,4500002002,0000100039,M011,HZL1,2252922,EUR
5100000183,2025-08-03,4500001570,0000100003,M044,VAL1,3142453,INR
5100000184,2023-08-21,4500001364,0000100038,M024,STC1,4780063,INR
5100000185,2024-01-18,4500002886,0000100120,M034,VAL1,63018385,INR
5100000186,2023-05-13,4500001849,0000100082,M040,STC1,19442902,INR
5100000187,2025-03-18,4500000707,0000100014,M025,HZL1,26014396,INR
5100000188,2024-12-24,4500001962,0000100110,M042,HZL1,2139895,INR
5100000189,2025-03-07,4500002449,0000100015,M016,VAL1,51493824,INR
5100000190,2023-04-05,4500001422,0000100125,M064,HZL1,233207,INR
5100000191,2024-12-24,4500001393,0000100036,M028,VAL1,95382511,INR
5100000192,2024-12-23,4500001300,0000100030,M044,STC1,13349930,INR
5100000193,2025-01-10,4500002881,0000100141,M047,VAL1,798325,INR
5100000194,2025-07-05,4500001578,0000100034,M023,BAL1,12426643,INR
5100000195,2023-05-03,4500002351,0000100068,M020,HZL1,35534875,INR
5100000196,2025-09-21,4500002020,0000100096,M050,STC1,652737,INR
5100000197,2024-06-09,4500001468,0000100109,M012,HZL1,11980963,INR
5100000198,2025-01-15,4500002542,0000100094,M022,HZL1,42189046,INR
5100000199,2024-04-18,4500000063,0000100082,M037,STC1,1795933,INR
5100000200,2024-09-24,4500000642,0000100119,M059,COG1,4698078,INR
5100000201,2023-06-13,4500002479,0000100013,M048,HZL1,1725601,INR
5100000202,2023-11-11,4500001610,0000100059,M036,HZL1,219624859,INR
5100000203,2024-04-03,4500000848,0000100122,M006,IOD1,26927465,EUR
5100000204,2024-10-07,4500000993,0000100057,M008,STC1,2097317,USD
5100000205,2024-08-19,4500001618,0000100002,M022,VAL1,13623865,INR
5100000206,2025-10-18,4500001986,0000100045,M034,BAL1,31488279,INR
5100000207,2023-02-08,4500001504,0000100141,M012,VAL1,1451814,INR
5100000208,2024-03-05,4500000532,0000100150,M041,STC1,9145977,INR
5100000209,2023-12-17,4500002420,0000100027,M009,COG1,2508099,INR
5100000210,2023-08-06,4500002875,0000100036,M008,BAL1,6637627,INR
5100000211,2024-02-03,4500001296,0000100045,M025,COG1,6324953,INR
5100000212,2024-08-15,4500001767,0000100092,M001,VAL1,6080744,EUR
5100000213,2025-07-30,4500002491,0000100118,M035,COG1,19049846,INR
5100000214,2024-06-12,4500002129,0000100044,M046,HZL1,959543,INR
5100000215,2024-09-12,4500000090,0000100042,M007,STC1,5009638,EUR
5100000216,2024-07-14,4500001724,0000100160,M026,STC1,9640470,INR
5100000217,2023-05-22,4500000238,0000100159,M048,STC1,526629,INR
5100000218,2025-11-25,4500001932,0000100059,M046,VAL1,1647308,INR
5100000219,2025-09-01,4500002735,0000100081,M010,HZL1,1703167,INR
5100000220,2025-06-07,4500001445,0000100139,M051,STC1,31151107,INR
5100000221,2025-11-13,4500001070,0000100046,M013,COR1,2158360,INR
5100000222,2025-03-28,4500002315,0000100018,M023,IOD1,7621331,INR
5100000223,2025-03-04,4500000053,0000100044,M001,HZL1,10415788,INR
5100000224,2024-05-09,4500003151,0000100023,M013,COG1,960578,INR
5100000225,2024-10-27,4500003114,0000100003,M045,BAL1,6733849,INR
5100000226,2025-10-07,4500000156,0000100050,M056,HZL1,7221428,INR
5100000227,2024-03-13,4500002878,0000100097,M022,BAL1,20126246,INR
5100000228,2024-02-27,4500001624,0000100126,M022,HZL1,21118784,INR
5100000229,2023-12-08,4500001533,0000100086,M006,HZL1,10406766,INR
5100000230,2025-05-07,4500001037,0000100136,M064,VAL1,1025674,INR
5100000231,2024-12-10,4500000492,0000100081,M002,STC1,20656448,INR
5100000232,2024-06-07,4500000797,0000100009,M013,VAL1,4713023,USD
5100000233,2024-02-07,4500002500,0000100082,M042,VAL1,15267626,INR
5100000234,2023-04-04,4500002063,0000100012,M026,HZL1,45235174,INR
5100000235,2025-09-16,4500001008,0000100025,M007,COR1,2245315,INR
5100000236,2025-12-06,4500003160,0000100107,M049,COG1,1144429,EUR
5100000237,2023-09-25,4500000091,0000100052,M059,BAL1,4328283,INR
5100000238,2024-11-09,4500000948,0000100116,M026,IOD1,11683892,INR
5100000239,2025-01-19,4500002658,0000100136,M029,HZL1,17376539,INR
5100000240,2025-12-28,4500000671,0000100098,M013,HZL1,823493,INR
5100000241,2024-03-26,4500001169,0000100146,M016,HZL1,45557278,INR
5100000242,2023-11-21,4500001527,0000100100,M038,COG1,4905722,INR
5100000243,2025-09-03,4500001439,0000100132,M010,BAL1,18993939,INR
5100000244,2023-12-07,4500002205,0000100052,M043,STC1,4079456,INR
5100000245,2024-07-28,4500002834,0000100042,M035,COG1,46165779,INR
5100000246,2023-05-16,4500002224,0000100061,M028,HZL1,9103603,INR
5100000247,2023-03-23,4500001867,0000100003,M012,HZL1,13193155,INR
5100000248,2025-09-25,4500002560,0000100133,M003,STC1,85950954,EUR
5100000249,2023-07-07,4500000338,0000100076,M043,VAL1,6867930,EUR
5100000250,2024-03-28,4500000766,0000100018,M003,HZL1,9104170,INR
5100000251,2024-11-21,4500001540,0000100126,M013,VAL1,5115121,INR
5100000252,2025-10-30,4500001098,0000100111,M041,IOD1,2675454,INR
5100000253,2024-01-02,4500001921,0000100031,M034,HZL1,11504777,INR
5100000254,2025-05-29,4500002398,0000100064,M004,VAL1,75828715,INR
5100000255,2023-07-16,4500003288,0000100034,M029,STC1,1656233,INR
5100000256,2024-01-04,4500001675,0000100068,M025,HZL1,12067667,INR
5100000257,2025-02-22,4500001950,0000100095,M025,VAL1,55260138,INR
5100000258,2025-07-15,4500002243,0000100087,M061,HZL1,40473241,INR
5100000259,2025-09-18,4500000772,0000100100,M032,BAL1,9967945,INR
5100000260,2025-01-25,4500001210,0000100022,M011,VAL1,1293849,INR
5100000261,2023-03-07,4500002431,0000100140,M001,HZL1,33463156,INR
5100000262,2024-01-16,4500000789,0000100118,M017,STC1,31443991,INR
5100000263,2023-05-14,4500001036,0000100099,M051,VAL1,61723642,INR
5100000264,2025-03-10,4500001805,0000100139,M029,VAL1,18667641,INR
5100000265,2023-10-27,4500001229,0000100083,M018,STC1,91406969,EUR
5100000266,2025-09-11,4500001059,0000100148,M032,VAL1,10819234,INR
5100000267,2025-10-31,4500000350,0000100071,M042,VAL1,3470963,INR
5100000268,2025-10-30,4500000301,0000100116,M012,VAL1,3785878,INR
5100000269,2025-02-24,4500002631,0000100148,M002,COR1,10783814,INR
5100000270,2023-08-04,4500003288,0000100062,M059,STC1,9284214,INR
5100000271,2025-10-01,4500001774,0000100137,M003,HZL1,3330942,USD
5100000272,2024-07-08,4500002610,0000100140,M034,BAL1,24460618,INR
5100000273,2024-11-30,4500001328,0000100101,M013,VAL1,6262892,INR
5100000274,2025-02-10,4500000204,0000100118,M003,HZL1,43812840,INR
5100000275,2025-10-26,4500002689,0000100130,M010,COR1,5273719,INR
5100000276,2024-09-05,4500000387,0000100136,M053,BAL1,3198225,INR
5100000277,2024-09-13,4500001577,0000100086,M030,COG1,5055578,INR
5100000278,2025-12-12,4500002619,0000100027,M028,HZL1,9471836,INR
5100000279,2023-07-23,4500002921,0000100001,M002,VAL1,9023483,INR
5100000280,2024-01-06,4500000271,0000100071,M026,STC1,7822315,INR
5100000281,2024-10-24,4500001940,0000100017,M009,HZL1,4557989,INR
5100000282,2024-06-22,4500001807,0000100112,M006,STC1,28796007,INR
5100000283,2024-05-07,4500000057,0000100131,M034,STC1,7309023,INR
5100000284,2025-07-26,4500000096,0000100119,M012,COG1,8927816,INR
5100000285,2025-09-01,4500002731,0000100121,M003,IOD1,24049458,INR
5100000286,2024-06-02,4500000573,0000100113,M004,VAL1,12997422,INR
5100000287,2024-09-05,4500001203,0000100030,M038,HZL1,52183599,INR
5100000288,2023-07-28,4500001732,0000100055,M015,HZL1,31084408,EUR
5100000289,2023-10-03,4500003123,0000100086,M044,COG1,3658157,INR
5100000290,2025-03-07,4500000739,0000100146,M003,HZL1,27939696,INR
5100000291,2023-05-17,4500001764,0000100079,M025,BAL1,34782461,INR
5100000292,2023-07-21,4500001918,0000100107,M010,STC1,5688006,USD
5100000293,2024-10-14,4500002668,0000100149,M035,HZL1,7501775,INR
5100000294,2023-11-03,4500000855,0000100101,M029,BAL1,8712833,INR
5100000295,2024-02-19,4500000523,0000100053,M006,BAL1,15531822,INR
5100000296,2023-06-17,4500002473,0000100001,M031,HZL1,5350114,INR
5100000297,2025-02-06,4500000540,0000100044,M005,HZL1,15925454,INR
5100000298,2025-05-23,4500001803,0000100085,M016,VAL1,59004264,INR
5100000299,2024-10-12,4500002034,0000100064,M044,VAL1,3344317,INR
5100000300,2023-06-10,4500001764,0000100053,M034,BAL1,6287151,INR
5100000301,2024-10-16,4500001106,0000100024,M038,BAL1,7993907,INR
5100000302,2024-08-24,4500002075,0000100063,M026,BAL1,2766126,INR
5100000303,2024-08-29,4500000742,0000100066,M027,COR1,7741618,INR
5100000304,2023-06-20,4500002756,0000100131,M046,COG1,25391903,INR
5100000305,2025-12-02,4500002893,0000100053,M053,HZL1,36170893,INR
5100000306,2024-11-30,4500000641,0000100154,M009,BAL1,1551973,INR
5100000307,2023-03-16,4500003067,0000100044,M013,COR1,812852,INR
5100000308,2024-02-04,4500000954,0000100081,M038,VAL1,6480727,INR
5100000309,2024-10-31,4500001237,0000100044,M057,COG1,41297573,INR
5100000310,2024-02-14,4500002700,0000100011,M056,HZL1,36034709,INR
5100000311,2025-03-02,4500000056,0000100101,M039,VAL1,11445142,INR
5100000312,2023-09-05,4500001201,0000100020,M048,VAL1,2660820,INR
5100000313,2023-11-18,4500002206,0000100022,M051,BAL1,4038261,INR
5100000314,2024-03-05,4500001316,0000100077,M012,HZL1,2619581,INR
5100000315,2023-04-26,4500001985,0000100117,M006,HZL1,56217156,INR
5100000316,2024-06-03,4500001629,0000100070,M045,VAL1,21042095,INR
5100000317,2025-07-07,4500001452,0000100130,M030,HZL1,3680087,INR
5100000318,2024-01-31,4500002175,0000100103,M054,IOD1,47473816,INR
5100000319,2024-10-03,4500000521,0000100130,M012,VAL1,2124889,INR
5100000320,2023-07-13,4500001887,0000100067,M001,VAL1,61752609,INR
5100000321,2023-02-05,4500002636,0000100126,M023,HZL1,28471148,INR
5100000322,2025-05-28,4500001317,0000100131,M042,STC1,4191958,INR
5100000323,2025-04-11,4500001906,0000100096,M058,BAL1,8726391,INR
5100000324,2023-11-29,4500002507,0000100114,M012,HZL1,4356356,INR
5100000325,2023-03-04,4500001647,0000100128,M058,HZL1,14024482,EUR
5100000326,2025-01-07,4500002816,0000100015,M036,VAL1,70674500,INR
5100000327,2023-03-28,4500000006,0000100018,M059,HZL1,29398638,INR
5100000328,2025-04-09,4500000427,0000100017,M034,BAL1,23297508,INR
5100000329,2023-10-21,4500001770,0000100085,M031,HZL1,3975387,INR
5100000330,2024-07-12,4500002355,0000100061,M027,IOD1,13146341,INR
5100000331,2024-01-07,4500000789,0000100159,M012,STC1,4516695,INR
5100000332,2023-07-15,4500002498,0000100024,M060,HZL1,5288701,INR
5100000333,2024-05-27,4500002692,0000100120,M045,COG1,11723846,INR
5100000334,2024-12-23,4500000531,0000100127,M035,HZL1,9194205,INR
5100000335,2023-03-09,4500001065,0000100074,M028,BAL1,8347169,INR
5100000336,2025-02-22,4500003000,0000100004,M057,COR1,4985897,INR
5100000337,2023-02-09,4500001342,0000100070,M007,HZL1,1580295,INR
5100000338,2023-03-04,4500003196,0000100100,M011,HZL1,665786,INR
5100000339,2024-12-17,4500000587,0000100095,M003,HZL1,8987468,INR
5100000340,2025-11-04,4500002040,0000100130,M009,BAL1,909137,INR
5100000341,2024-04-17,4500000413,0000100117,M047,VAL1,2487449,INR
5100000342,2025-12-15,4500001625,0000100141,M034,STC1,33549557,INR
5100000343,2024-09-05,4500000424,0000100078,M002,VAL1,37010351,INR
5100000344,2023-12-20,4500000785,0000100014,M055,VAL1,6523176,INR
5100000345,2023-04-20,4500001057,0000100097,M039,VAL1,23817617,INR
5100000346,2024-01-23,4500000667,0000100038,M012,HZL1,4059262,INR
5100000347,2024-05-14,4500000621,0000100139,M010,HZL1,3581444,INR
5100000348,2025-12-12,4500000551,0000100078,M040,COG1,7475844,INR
5100000349,2024-01-27,4500003199,0000100135,M001,STC1,83071866,INR
5100000350,2025-12-17,4500001839,0000100007,M055,HZL1,39649628,INR
5100000351,2023-07-13,4500001918,0000100039,M001,STC1,13729900,INR
5100000352,2023-10-19,4500000955,0000100120,M004,VAL1,56592260,INR
5100000353,2025-05-03,4500002741,0000100071,M050,STC1,1591348,INR
5100000354,2025-07-20,4500000031,0000100073,M050,STC1,1248031,INR
5100000355,2023-08-30,4500003079,0000100036,M047,VAL1,1879863,INR
5100000356,2023-10-29,4500002092,0000100070,M030,STC1,8125329,INR
5100000357,2024-01-27,4500001263,0000100082,M007,HZL1,1966213,INR
5100000358,2023-11-03,4500001583,0000100050,M026,VAL1,12109218,INR
5100000359,2024-10-12,4500002511,0000100030,M048,IOD1,873336,INR
5100000360,2025-08-25,4500001394,0000100142,M029,HZL1,3273229,EUR
5100000361,2024-02-12,4500000943,0000100024,M031,HZL1,2669092,INR
5100000362,2025-08-09,4500002095,0000100084,M025,HZL1,22830042,INR
5100000363,2024-09-27,4500000742,0000100096,M013,COR1,759101,INR
5100000364,2023-09-14,4500002117,0000100065,M017,COG1,178557758,INR
5100000365,2025-10-14,4500002136,0000100117,M045,STC1,2023323,INR
5100000366,2025-11-11,4500001759,0000100141,M065,VAL1,2024894,INR
5100000367,2025-07-14,4500001403,0000100071,M041,VAL1,14326332,INR
5100000368,2023-08-22,4500002875,0000100059,M003,BAL1,8872038,INR
5100000369,2024-11-23,4500001061,0000100123,M038,COG1,54412863,INR
5100000370,2025-10-20,4500001836,0000100139,M027,COG1,1833275,INR
5100000371,2024-03-03,4500001316,0000100139,M026,HZL1,12010626,INR
5100000372,2025-01-03,4500002313,0000100002,M011,HZL1,5386258,INR
5100000373,2024-07-11,4500002354,0000100015,M027,BAL1,7673339,INR
5100000374,2023-02-23,4500002236,0000100064,M009,HZL1,576231,INR
5100000375,2023-05-05,4500003233,0000100016,M012,HZL1,15703991,INR
5100000376,2025-07-13,4500002944,0000100141,M060,STC1,20215579,INR
5100000377,2025-04-13,4500002785,0000100054,M007,HZL1,1991741,INR
5100000378,2023-12-10,4500000155,0000100148,M011,VAL1,5667573,INR
5100000379,2025-03-16,4500001084,0000100078,M028,IOD1,6339891,INR
5100000380,2024-03-11,4500001169,0000100050,M007,HZL1,9028062,INR
5100000381,2024-06-05,4500000328,0000100110,M007,BAL1,2503847,INR
5100000382,2025-07-05,4500002983,0000100091,M012,COR1,3142591,INR
5100000383,2024-09-24,4500000120,0000100131,M007,HZL1,1145357,INR
5100000384,2023-03-20,4500000567,0000100036,M038,HZL1,6492993,INR
5100000385,2024-09-15,4500002415,0000100071,M042,STC1,2696696,INR
5100000386,2025-02-13,4500003242,0000100088,M035,HZL1,62299904,INR
5100000387,2023-04-18,4500002351,0000100028,M049,HZL1,225866,INR
5100000388,2024-09-01,4500001391,0000100063,M045,HZL1,5339142,INR
5100000389,2023-08-25,4500000169,0000100101,M030,IOD1,7219528,INR
5100000390,2024-12-12,4500001601,0000100134,M027,VAL1,7827852,INR
5100000391,2025-08-17,4500002143,0000100077,M036,COG1,5400401,INR
5100000392,2024-09-20,4500003155,0000100059,M061,HZL1,4174434,INR
5100000393,2025-10-30,4500000305,0000100068,M004,HZL1,4462067,INR
5100000394,2024-06-05,4500001787,0000100026,M026,VAL1,27258785,INR
5100000395,2025-02-06,4500002905,0000100117,M035,BAL1,25210898,INR
5100000396,2023-07-02,4500001875,0000100006,M042,COG1,8995742,INR
5100000397,2025-06-11,4500000936,0000100143,M031,HZL1,4432879,INR
5100000398,2023-09-08,4500002212,0000100084,M004,IOD1,25609407,INR
5100000399,2025-05-21,4500002059,0000100156,M038,VAL1,21758593,USD
5100000400,2023-07-06,4500001268,0000100015,M032,HZL1,2083104,INR
5100000401,2024-03-05,4500000341,0000100117,M014,BAL1,1770542,INR
5100000402,2023-03-07,4500001467,0000100135,M002,IOD1,26013460,INR
5100000403,2025-09-26,4500002272,0000100114,M057,BAL1,20507655,INR
5100000404,2024-12-24,4500003178,0000100094,M002,VAL1,45617546,USD
5100000405,2023-06-07,4500003279,0000100014,M025,HZL1,22415225,INR
5100000406,2023-07-22,4500002409,0000100043,M028,VAL1,4153520,USD
5100000407,2023-07-24,4500000879,0000100009,M021,COG1,43154717,INR
5100000408,2025-01-26,4500002749,0000100063,M005,VAL1,32513225,INR
5100000409,2025-11-03,4500002571,0000100072,M013,STC1,1107973,USD
5100000410,2025-03-03,4500003170,0000100050,M013,HZL1,1887287,INR
5100000411,2023-12-04,4500001090,0000100053,M043,HZL1,4689609,INR
5100000412,2023-06-06,4500002316,0000100119,M010,STC1,3472601,INR
5100000413,2025-06-11,4500002967,0000100001,M031,BAL1,7156317,INR
5100000414,2024-09-12,4500003133,0000100037,M055,VAL1,1599760,USD
5100000415,2023-05-02,4500002596,0000100088,M037,HZL1,13937174,INR
5100000416,2025-11-14,4500003091,0000100012,M007,HZL1,4629871,USD
5100000417,2023-10-26,4500001050,0000100124,M063,HZL1,961496,INR
5100000418,2025-04-07,4500000058,0000100009,M056,HZL1,21478085,USD
5100000419,2023-02-26,4500000076,0000100047,M053,STC1,33328974,INR
5100000420,2025-03-02,4500002798,0000100116,M040,BAL1,2714524,INR
5100000421,2025-07-13,4500002145,0000100110,M029,VAL1,7953869,INR
5100000422,2024-11-16,4500001846,0000100044,M047,VAL1,891996,INR
5100000423,2024-05-23,4500000057,0000100036,M045,STC1,5068935,INR
5100000424,2024-11-17,4500002590,0000100130,M039,VAL1,15133783,INR
5100000425,2025-02-14,4500002139,0000100033,M029,HZL1,7232201,INR
5100000426,2024-12-30,4500000651,0000100026,M002,STC1,46555717,INR
5100000427,2024-07-03,4500000044,0000100090,M037,HZL1,5817888,INR
5100000428,2023-02-11,4500000442,0000100051,M044,STC1,4385664,INR
5100000429,2025-07-23,4500000050,0000100030,M010,VAL1,4481231,INR
5100000430,2024-06-23,4500000675,0000100099,M033,HZL1,9855237,INR
5100000431,2023-04-27,4500001477,0000100090,M004,HZL1,24855142,INR
5100000432,2024-03-28,4500000479,0000100143,M014,COR1,4488967,INR
5100000433,2025-06-26,4500001452,0000100092,M026,HZL1,10300790,EUR
5100000434,2024-03-17,4500000093,0000100050,M052,BAL1,16634608,INR
5100000435,2023-01-29,4500001722,0000100031,M011,HZL1,4358345,INR
5100000436,2023-09-02,4500001219,0000100016,M013,STC1,3391878,INR
5100000437,2025-12-28,4500002399,0000100139,M058,VAL1,33801092,INR
5100000438,2024-09-12,4500002415,0000100120,M057,STC1,5162763,INR
5100000439,2024-05-09,4500000983,0000100104,M010,VAL1,1136614,INR
5100000440,2024-05-25,4500001473,0000100113,M041,VAL1,4806619,INR
5100000441,2023-03-22,4500003265,0000100067,M023,HZL1,12665851,INR
5100000442,2025-02-28,4500000516,0000100064,M058,VAL1,11839235,INR
5100000443,2024-07-16,4500001856,0000100068,M010,STC1,1481821,INR
5100000444,2023-05-22,4500000672,0000100069,M062,VAL1,12084150,INR
5100000445,2025-05-22,4500001024,0000100019,M001,STC1,60493652,INR
5100000446,2023-03-02,4500002470,0000100141,M060,COG1,24744575,INR
5100000447,2024-05-17,4500003251,0000100062,M052,STC1,17929749,INR
5100000448,2024-05-23,4500002629,0000100082,M002,HZL1,134512292,INR
5100000449,2023-12-21,4500002053,0000100036,M011,VAL1,1311680,INR
5100000450,2024-08-18,4500000905,0000100135,M035,STC1,75131434,INR
5100000451,2024-01-10,4500002717,0000100083,M025,BAL1,19789722,USD
5100000452,2024-03-07,4500003124,0000100115,M014,VAL1,1040537,INR
5100000453,2023-05-24,4500001725,0000100045,M025,VAL1,17849760,INR
5100000454,2025-10-19,4500001996,0000100070,M039,BAL1,19181583,INR
5100000455,2024-02-16,4500003020,0000100091,M026,HZL1,106387737,INR
5100000456,2024-12-05,4500003177,0000100145,M030,HZL1,5082438,INR
5100000457,2025-04-11,4500001125,0000100022,M007,BAL1,948751,INR
5100000458,2024-04-30,4500001871,0000100060,M034,VAL1,41263298,INR
5100000459,2024-10-08,4500000979,0000100071,M041,STC1,16485907,INR
5100000460,2025-06-30,4500001552,0000100079,M006,VAL1,37077303,INR
5100000461,2025-02-09,4500000410,0000100016,M006,HZL1,9489204,INR
5100000462,2023-10-10,4500002812,0000100110,M013,HZL1,1510248,INR
5100000463,2024-12-29,4500003006,0000100149,M006,COG1,45620221,INR
5100000464,2024-09-08,4500003310,0000100045,M023,VAL1,53925649,INR
5100000465,2024-06-17,4500001124,0000100047,M016,IOD1,48929551,INR
5100000466,2024-04-02,4500003062,0000100141,M050,HZL1,457781,INR
5100000467,2024-04-28,4500003060,0000100121,M009,STC1,2886913,INR
5100000468,2023-07-18,4500002413,0000100078,M011,VAL1,1447847,INR
5100000469,2023-07-15,4500003037,0000100008,M023,HZL1,19400016,EUR
5100000470,2025-05-08,4500002435,0000100111,M013,COR1,2387882,USD
5100000471,2025-06-07,4500001766,0000100122,M025,HZL1,22904730,EUR
5100000472,2023-09-03,4500000721,0000100055,M036,VAL1,6301877,USD
5100000473,2025-06-08,4500001493,0000100126,M014,STC1,2299901,INR
5100000474,2025-04-03,4500000765,0000100134,M011,HZL1,2804500,INR
5100000475,2025-01-01,4500002872,0000100124,M028,HZL1,6242727,INR
5100000476,2024-06-12,4500002580,0000100047,M012,STC1,2052148,INR
5100000477,2023-12-10,4500000785,0000100159,M013,VAL1,1299873,INR
5100000478,2023-11-15,4500001031,0000100014,M052,BAL1,3454923,INR
5100000479,2025-09-17,4500001491,0000100104,M039,HZL1,5825873,INR
5100000480,2024-09-18,4500000420,0000100050,M054,COR1,6444473,INR
5100000481,2023-07-31,4500000078,0000100090,M041,COG1,3092139,INR
5100000482,2023-05-01,4500001215,0000100047,M001,HZL1,44466938,INR
5100000483,2024-09-24,4500001683,0000100052,M023,BAL1,12502394,INR
5100000484,2023-12-25,4500002160,0000100086,M048,BAL1,1717896,INR
5100000485,2025-11-24,4500000549,0000100060,M010,VAL1,7491275,USD
5100000486,2025-04-11,4500002836,0000100057,M055,VAL1,13200857,INR
5100000487,2024-08-09,4500001724,0000100091,M007,STC1,6100201,INR
5100000488,2025-05-31,4500003116,0000100036,M030,VAL1,5877249,INR
5100000489,2024-03-03,4500001327,0000100116,M043,BAL1,1224244,INR
5100000490,2024-06-14,4500000627,0000100089,M060,VAL1,30818173,INR
5100000491,2024-08-02,4500002265,0000100139,M036,HZL1,26365950,INR
5100000492,2024-12-10,4500001869,0000100021,M007,IOD1,3688879,INR
5100000493,2024-07-02,4500000747,0000100031,M035,HZL1,8727623,INR
5100000494,2025-06-24,4500000216,0000100159,M004,IOD1,29284029,INR
5100000495,2024-08-16,4500000256,0000100070,M012,HZL1,4869045,INR
5100000496,2023-10-09,4500001050,0000100003,M033,HZL1,51654596,INR
5100000497,2025-06-20,4500000951,0000100151,M034,VAL1,8702088,INR
5100000498,2023-11-18,4500001610,0000100053,M027,HZL1,5598045,INR
5100000499,2024-03-15,4500003062,0000100148,M049,HZL1,1062150,INR
5100000500,2025-07-17,4500001418,0000100114,M038,VAL1,86233580,INR
5100000501,2024-12-04,4500000148,0000100005,M006,COG1,9843983,INR
5100000502,2025-06-11,4500002645,0000100011,M052,HZL1,37370975,INR
5100000503,2025-04-16,4500001862,0000100082,M014,HZL1,2249017,INR
5100000504,2025-11-26,4500003091,0000100005,M014,HZL1,571972,INR
5100000505,2025-10-24,4500000623,0000100093,M033,HZL1,3738952,USD
5100000506,2024-08-23,4500001297,0000100096,M026,COG1,37499087,INR
5100000507,2024-12-12,4500001395,0000100104,M001,HZL1,45853710,INR
5100000508,2025-05-22,4500002967,0000100050,M024,BAL1,38062262,INR
5100000509,2025-02-14,4500002362,0000100001,M051,COR1,9721807,INR
5100000510,2024-05-06,4500003130,0000100084,M047,STC1,666934,INR
5100000511,2023-08-15,4500002973,0000100021,M046,VAL1,3101284,INR
5100000512,2025-07-22,4500003183,0000100023,M053,COR1,11018840,INR
5100000513,2024-03-02,4500003204,0000100026,M033,COG1,46942528,INR
5100000514,2025-04-13,4500000975,0000100100,M058,STC1,5203408,INR
5100000515,2024-01-16,4500000594,0000100095,M010,BAL1,2465010,INR
5100000516,2025-12-07,4500001872,0000100097,M010,HZL1,2223771,INR
5100000517,2024-03-16,4500001323,0000100139,M064,VAL1,702962,INR
5100000518,2024-11-07,4500000456,0000100027,M032,HZL1,2077397,INR
5100000519,2025-12-31,4500003041,0000100012,M041,HZL1,26908604,EUR
5100000520,2025-06-11,4500001258,0000100138,M052,COG1,13233082,EUR
5100000521,2023-10-17,4500002110,0000100124,M048,IOD1,152882,INR
5100000522,2024-06-29,4500000591,0000100131,M039,HZL1,14399409,INR
5100000523,2024-08-05,4500001964,0000100117,M040,VAL1,5854800,INR
5100000524,2023-04-26,4500000245,0000100131,M003,BAL1,50036072,INR
5100000525,2024-04-08,4500002745,0000100119,M058,STC1,13066839,INR
5100000526,2023-05-20,4500001539,0000100110,M027,VAL1,3294401,INR
5100000527,2024-07-21,4500002445,0000100027,M055,VAL1,1295463,INR
5100000528,2024-09-27,4500000819,0000100141,M006,HZL1,11483270,INR
5100000529,2025-08-04,4500002373,0000100102,M025,COG1,21837041,EUR
5100000530,2024-01-23,4500001216,0000100049,M031,COR1,2725816,EUR
5100000531,2023-03-17,4500001101,0000100038,M026,COG1,16818899,INR
5100000532,2024-03-25,4500002706,0000100109,M048,VAL1,417177,INR
5100000533,2024-10-15,4500001356,0000100060,M059,STC1,13995646,USD
5100000534,2025-05-24,4500001095,0000100056,M004,COG1,17132355,USD
5100000535,2023-10-10,4500002854,0000100059,M025,HZL1,15496260,INR
5100000536,2023-02-24,4500002810,0000100081,M033,STC1,17950198,INR
5100000537,2024-06-18,4500003107,0000100068,M011,COR1,6797612,INR
5100000538,2025-08-26,4500001559,0000100125,M028,HZL1,3531076,INR
5100000539,2025-07-13,4500002494,0000100134,M039,IOD1,18045390,INR
5100000540,2024-09-23,4500000890,0000100011,M021,BAL1,25754053,USD
5100000541,2024-07-16,4500000201,0000100050,M043,STC1,772991,INR
5100000542,2023-07-24,4500002286,0000100133,M024,BAL1,30058845,EUR
5100000543,2025-11-14,4500001929,0000100131,M009,COG1,11221355,INR
5100000544,2024-12-14,4500000723,0000100026,M022,IOD1,36555333,INR
5100000545,2023-12-24,4500002219,0000100137,M042,COG1,10397923,INR
5100000546,2025-01-28,4500003235,0000100085,M006,COG1,13994372,INR
5100000547,2023-07-21,4500001520,0000100038,M014,VAL1,2803012,INR
5100000548,2023-11-22,4500001195,0000100022,M010,BAL1,3157526,INR
5100000549,2025-02-27,4500002994,0000100101,M061,VAL1,10882862,INR
5100000550,2024-03-20,4500001076,0000100104,M014,HZL1,5021349,INR
5100000551,2023-09-24,4500001706,0000100014,M025,VAL1,8902318,INR
5100000552,2023-06-19,4500000505,0000100136,M007,BAL1,8625754,INR
5100000553,2025-07-22,4500001739,0000100101,M061,HZL1,1316616,INR
5100000554,2023-11-25,4500002558,0000100142,M008,BAL1,5240601,INR
5100000555,2025-07-09,4500002823,0000100135,M014,BAL1,6873721,INR
5100000556,2024-06-28,4500001499,0000100099,M012,HZL1,3015359,INR
5100000557,2024-11-08,4500002034,0000100157,M047,VAL1,1288006,INR
5100000558,2023-05-28,4500002186,0000100024,M051,HZL1,12553018,INR
5100000559,2023-10-05,4500003215,0000100021,M008,HZL1,3635284,INR
5100000560,2023-09-12,4500001602,0000100143,M038,VAL1,3089019,INR
5100000561,2023-11-18,4500000230,0000100115,M031,HZL1,8015445,INR
5100000562,2024-04-29,4500002328,0000100154,M014,COG1,2010023,INR
5100000563,2025-06-08,4500001418,0000100120,M012,VAL1,1595116,INR
5100000564,2023-12-20,4500001212,0000100135,M061,HZL1,15642912,INR
5100000565,2025-02-08,4500000410,0000100113,M032,HZL1,1452358,INR
5100000566,2023-01-22,4500002566,0000100106,M013,COG1,1581661,INR
5100000567,2024-08-07,4500000347,0000100141,M037,HZL1,20167720,INR
5100000568,2023-06-25,4500002633,0000100011,M024,VAL1,16741584,USD
5100000569,2024-12-04,4500003302,0000100026,M002,VAL1,10786601,INR
5100000570,2023-02-26,4500002235,0000100117,M011,VAL1,3006504,INR
5100000571,2023-10-29,4500002743,0000100021,M041,VAL1,6882862,INR
5100000572,2024-12-20,4500002028,0000100088,M009,HZL1,2538053,INR
5100000573,2025-04-05,4500003303,0000100072,M024,BAL1,35483433,USD
5100000574,2025-05-21,4500000300,0000100089,M007,COG1,742159,INR
5100000575,2024-02-10,4500003275,0000100103,M006,BAL1,24726450,INR
5100000576,2023-04-12,4500002394,0000100091,M038,VAL1,30715436,INR
5100000577,2023-11-05,4500000683,0000100030,M045,STC1,4337120,INR
5100000578,2025-07-19,4500001825,0000100153,M009,STC1,1252394,INR
5100000579,2024-05-11,4500001446,0000100148,M041,VAL1,4204289,INR
5100000580,2024-03-28,4500000848,0000100113,M023,IOD1,21814934,INR
5100000581,2025-06-13,4500001858,0000100064,M015,COR1,91463200,INR
5100000582,2025-03-25,4500002384,0000100027,M062,COR1,5638679,INR
5100000583,2024-09-01,4500001131,0000100154,M007,VAL1,2076696,INR
5100000584,2024-09-19,4500001398,0000100055,M024,STC1,4015172,EUR
5100000585,2023-03-21,4500000006,0000100126,M061,HZL1,18909514,INR
5100000586,2024-04-05,4500001169,0000100029,M040,HZL1,6889533,INR
5100000587,2024-06-19,4500000666,0000100115,M026,COG1,1366677,INR
5100000588,2024-02-24,4500003298,0000100159,M042,STC1,18533840,INR
5100000589,2023-09-10,4500000984,0000100030,M003,COR1,33514427,INR
5100000590,2024-08-03,4500002919,0000100051,M023,STC1,7306140,INR
5100000591,2025-12-12,4500002001,0000100003,M039,COG1,8628622,INR
5100000592,2025-03-07,4500002666,0000100150,M024,HZL1,6500354,INR
5100000593,2023-12-02,4500003105,0000100023,M047,HZL1,603013,INR
5100000594,2024-08-06,4500000655,0000100027,M034,STC1,12548147,INR
5100000595,2023-07-11,4500002266,0000100103,M047,HZL1,307630,INR
5100000596,2025-10-21,4500002763,0000100064,M029,BAL1,13452067,INR
5100000597,2024-11-03,4500001402,0000100027,M023,COR1,18495775,INR
5100000598,2025-04-04,4500002167,0000100089,M044,HZL1,6760729,INR
5100000599,2024-07-02,4500001249,0000100157,M052,HZL1,32620855,INR
5100000600,2023-09-18,4500001305,0000100014,M021,BAL1,13785945,INR
5100000601,2024-11-17,4500001469,0000100079,M028,VAL1,1616022,INR
5100000602,2023-12-02,4500000725,0000100050,M013,VAL1,2319904,INR
5100000603,2024-05-24,4500002690,0000100097,M035,STC1,12190003,INR
5100000604,2025-03-16,4500000707,0000100119,M014,HZL1,2687320,INR
5100000605,2024-05-22,4500002822,0000100068,M043,IOD1,3144964,INR
5100000606,2023-09-18,4500002524,0000100079,M063,COR1,1426157,INR
5100000607,2023-09-19,4500002964,0000100124,M030,VAL1,9426613,INR
5100000608,2023-02-26,4500002412,0000100102,M016,COG1,4633909,EUR
5100000609,2024-01-04,4500002620,0000100115,M060,COG1,11262180,INR
5100000610,2024-07-03,4500001100,0000100086,M030,VAL1,9950646,INR
5100000611,2025-07-01,4500002208,0000100130,M034,COG1,14122629,INR
5100000612,2024-03-19,4500003117,0000100100,M014,STC1,5257770,INR
5100000613,2025-09-14,4500002292,0000100082,M051,COG1,898608,INR
5100000614,2025-04-13,4500001166,0000100152,M024,STC1,4184446,EUR
5100000615,2025-12-04,4500000366,0000100154,M006,HZL1,41425755,INR
5100000616,2023-12-16,4500000230,0000100024,M026,HZL1,46688986,INR
5100000617,2023-06-03,4500000358,0000100099,M020,VAL1,29822326,INR
5100000618,2024-12-06,4500002676,0000100107,M012,BAL1,923727,INR
5100000619,2025-08-12,4500003274,0000100082,M047,HZL1,787892,INR
5100000620,2024-02-18,4500000378,0000100116,M022,VAL1,16032538,INR
5100000621,2023-07-16,4500001390,0000100073,M053,COG1,3209135,INR
5100000622,2025-09-07,4500001924,0000100046,M052,VAL1,6939947,INR
5100000623,2024-05-03,4500000057,0000100114,M010,STC1,4574513,INR
5100000624,2024-02-26,4500001007,0000100017,M042,COG1,5231825,INR
5100000625,2024-08-06,4500001618,0000100153,M005,VAL1,19992632,USD
5100000626,2024-04-24,4500002955,0000100160,M062,VAL1,1407181,INR
5100000627,2025-04-15,4500001104,0000100115,M033,VAL1,40929942,INR
5100000628,2025-01-27,4500000051,0000100121,M022,HZL1,12855620,INR
5100000629,2025-03-10,4500001886,0000100057,M023,VAL1,27057619,EUR
5100000630,2025-04-02,4500001161,0000100144,M013,STC1,532627,EUR
5100000631,2023-11-13,4500000898,0000100132,M012,VAL1,1000506,INR
5100000632,2025-03-27,4500000895,0000100021,M033,COG1,39981460,INR
5100000633,2023-09-18,4500001965,0000100030,M018,HZL1,63436428,INR
5100000634,2024-03-13,4500001169,0000100047,M036,HZL1,23138120,INR
5100000635,2025-04-17,4500000355,0000100099,M043,VAL1,748618,INR
5100000636,2024-04-22,4500000113,0000100136,M029,STC1,5364111,INR
5100000637,2025-04-26,4500000533,0000100109,M003,VAL1,28957556,INR
5100000638,2025-10-14,4500001511,0000100139,M029,BAL1,38282396,INR
5100000639,2025-10-06,4500002136,0000100137,M060,STC1,20584052,EUR
5100000640,2024-02-04,4500000470,0000100127,M028,STC1,11779316,INR
5100000641,2023-11-05,4500001842,0000100147,M002,VAL1,16488843,INR
5100000642,2025-04-14,4500002573,0000100051,M058,STC1,42249519,INR
5100000643,2023-03-22,4500000595,0000100052,M019,HZL1,63318545,INR
5100000644,2025-11-25,4500002448,0000100140,M044,BAL1,6865563,INR
5100000645,2024-01-21,4500002552,0000100010,M005,HZL1,17558560,USD
5100000646,2023-03-20,4500000488,0000100117,M039,STC1,19631823,INR
5100000647,2023-10-01,4500001706,0000100114,M052,VAL1,9404905,INR
5100000648,2025-12-31,4500000015,0000100094,M023,VAL1,2861358,USD
5100000649,2024-03-13,4500002433,0000100095,M026,VAL1,8216860,INR
5100000650,2023-04-29,4500002562,0000100094,M025,STC1,19865544,USD
5100000651,2023-03-24,4500000746,0000100034,M061,VAL1,7928045,INR
5100000652,2024-08-04,4500001377,0000100019,M003,HZL1,17384732,INR
5100000653,2025-12-26,4500000022,0000100157,M042,COG1,6870632,INR
5100000654,2023-08-07,4500000276,0000100054,M041,COG1,1885647,INR
5100000655,2023-04-14,4500003265,0000100126,M014,HZL1,6746655,INR
5100000656,2023-12-11,4500001211,0000100079,M039,STC1,11381379,INR
5100000657,2024-06-27,4500001856,0000100105,M041,STC1,10744110,USD
5100000658,2025-03-26,4500002119,0000100110,M009,COR1,1780981,INR
5100000659,2025-12-14,4500002840,0000100031,M007,HZL1,3515803,INR
5100000660,2024-10-13,4500000019,0000100100,M057,STC1,12341345,INR
5100000661,2024-04-06,4500001513,0000100070,M051,COR1,39132770,INR
5100000662,2024-10-03,4500003192,0000100112,M013,STC1,18093923,INR
5100000663,2025-07-12,4500001119,0000100114,M040,HZL1,3546762,INR
5100000664,2024-09-25,4500000024,0000100104,M011,HZL1,1266382,INR
5100000665,2023-06-06,4500002310,0000100085,M009,VAL1,2473430,INR
5100000666,2025-08-17,4500002231,0000100018,M040,STC1,6362473,INR
5100000667,2025-02-14,4500001199,0000100011,M034,VAL1,29925510,INR
5100000668,2025-08-08,4500000071,0000100154,M032,VAL1,14309207,INR
5100000669,2023-12-08,4500001527,0000100064,M004,COG1,31431865,INR
5100000670,2025-07-21,4500000365,0000100032,M035,IOD1,7591259,INR
5100000671,2023-09-29,4500001831,0000100156,M043,IOD1,3926910,EUR
5100000672,2024-10-27,4500001023,0000100045,M060,VAL1,7054343,INR
5100000673,2023-06-12,4500002852,0000100061,M042,HZL1,3497493,INR
5100000674,2025-01-22,4500002871,0000100002,M006,VAL1,32165794,INR
5100000675,2024-02-03,4500000795,0000100063,M041,COG1,25019091,INR
5100000676,2023-04-11,4500000595,0000100024,M047,HZL1,2636444,INR
5100000677,2024-12-22,4500000307,0000100126,M038,HZL1,83838730,INR
5100000678,2023-03-13,4500002665,0000100015,M042,STC1,4904526,INR
5100000679,2024-01-22,4500003190,0000100072,M011,VAL1,2805541,INR
5100000680,2025-06-01,4500003023,0000100041,M041,VAL1,13279923,INR
5100000681,2025-12-11,4500001794,0000100131,M025,STC1,11767912,INR
5100000682,2024-12-09,4500000731,0000100029,M014,HZL1,4256235,INR
5100000683,2024-08-22,4500002533,0000100126,M062,STC1,13373868,INR
5100000684,2024-01-11,4500002436,0000100143,M031,VAL1,20872717,INR
5100000685,2025-06-23,4500002213,0000100021,M021,HZL1,41989809,INR
5100000686,2023-03-25,4500000970,0000100054,M052,HZL1,25393129,EUR
5100000687,2024-07-10,4500000747,0000100108,M051,HZL1,23317921,INR
5100000688,2024-04-08,4500000045,0000100158,M023,IOD1,4929927,INR
5100000689,2023-03-13,4500000461,0000100132,M010,HZL1,2315196,INR
5100000690,2025-10-07,4500001949,0000100020,M013,COG1,12571066,INR
5100000691,2023-11-03,4500000280,0000100059,M041,HZL1,13173384,INR
5100000692,2024-09-21,4500002614,0000100091,M050,HZL1,1814171,INR
5100000693,2025-02-08,4500002798,0000100097,M021,BAL1,3860664,INR
5100000694,2025-11-30,4500000395,0000100041,M034,BAL1,132535493,INR
5100000695,2023-12-10,4500000449,0000100092,M023,STC1,14174049,USD
5100000696,2023-04-18,4500000223,0000100134,M035,HZL1,13666694,INR
5100000697,2025-01-26,4500001129,0000100135,M004,COR1,103657680,INR
5100000698,2023-07-24,4500002037,0000100135,M041,VAL1,1334645,INR
5100000699,2024-12-09,4500001061,0000100084,M009,COG1,4692552,INR
5100000700,2024-04-12,4500000571,0000100065,M049,BAL1,966663,INR
5100000701,2023-03-10,4500000038,0000100116,M009,STC1,5490130,INR
5100000702,2025-12-18,4500000551,0000100157,M033,COG1,15246593,INR
5100000703,2023-10-11,4500002854,0000100067,M028,HZL1,7016780,INR
5100000704,2023-04-19,4500001502,0000100029,M007,VAL1,1665358,INR
5100000705,2023-10-02,4500001044,0000100127,M007,BAL1,3406528,INR
5100000706,2025-08-02,4500000940,0000100096,M009,VAL1,2537477,INR
5100000707,2025-06-15,4500002114,0000100083,M043,HZL1,3389448,INR
5100000708,2024-12-10,4500000818,0000100002,M041,HZL1,8540262,INR
5100000709,2023-12-04,4500001543,0000100101,M055,IOD1,7957336,INR
5100000710,2025-05-14,4500001458,0000100024,M035,COR1,29180084,INR
5100000711,2024-09-28,4500001802,0000100154,M008,VAL1,7065526,INR
5100000712,2024-08-12,4500001719,0000100095,M053,BAL1,7698398,INR
5100000713,2024-03-07,4500000745,0000100154,M026,HZL1,15437656,INR
5100000714,2023-08-26,4500001616,0000100029,M042,VAL1,5980678,INR
5100000715,2024-05-14,4500001431,0000100054,M013,VAL1,3674559,USD
5100000716,2025-08-16,4500000110,0000100019,M005,BAL1,22552376,INR
5100000717,2023-08-20,4500000796,0000100061,M033,HZL1,86773338,INR
5100000718,2023-11-20,4500000449,0000100047,M012,STC1,1518656,INR
5100000719,2023-09-19,4500003314,0000100063,M011,VAL1,4861775,INR
5100000720,2023-07-01,4500000247,0000100094,M003,VAL1,61738472,USD
5100000721,2023-12-11,4500002086,0000100134,M029,VAL1,5091891,INR
5100000722,2025-11-01,4500003257,0000100014,M026,VAL1,5129514,INR
5100000723,2024-07-25,4500000959,0000100104,M006,HZL1,15467776,INR
5100000724,2025-11-22,4500001206,0000100006,M037,HZL1,23460273,INR
5100000725,2025-10-26,4500002770,0000100051,M026,STC1,3741775,INR
5100000726,2024-09-10,4500002681,0000100084,M035,HZL1,3421505,INR
5100000727,2024-11-03,4500000809,0000100075,M042,IOD1,31457262,USD
5100000728,2025-01-27,4500002171,0000100048,M023,BAL1,36177237,INR
5100000729,2024-04-26,4500002411,0000100150,M027,COG1,3465197,INR
5100000730,2023-10-10,4500000279,0000100056,M011,IOD1,4362459,EUR
5100000731,2025-09-10,4500000071,0000100008,M040,VAL1,10828980,USD
5100000732,2025-01-28,4500002905,0000100030,M049,BAL1,313845,INR
5100000733,2023-02-02,4500001647,0000100088,M047,HZL1,4975326,INR
5100000734,2025-12-08,4500001178,0000100081,M041,HZL1,1268597,INR
5100000735,2023-02-06,4500000629,0000100130,M001,HZL1,46149526,INR
5100000736,2024-12-28,4500003119,0000100127,M001,VAL1,17751777,INR
5100000737,2023-09-28,4500000455,0000100144,M002,VAL1,13218687,EUR
5100000738,2024-08-31,4500002209,0000100024,M040,HZL1,12913360,INR
5100000739,2023-10-10,4500002540,0000100093,M006,BAL1,73678187,USD
5100000740,2023-09-16,4500000984,0000100086,M004,COR1,188566399,INR
5100000741,2024-01-31,4500003010,0000100050,M008,VAL1,2222843,INR
5100000742,2025-08-17,4500001181,0000100009,M012,HZL1,4195866,USD
5100000743,2025-01-24,4500000054,0000100159,M013,VAL1,2326190,INR
5100000744,2023-08-21,4500002071,0000100156,M024,STC1,29518201,EUR
5100000745,2023-07-22,4500003019,0000100077,M040,BAL1,4749388,INR
5100000746,2025-12-27,4500000346,0000100048,M012,HZL1,732251,USD
5100000747,2025-11-09,4500002888,0000100018,M010,HZL1,635351,INR
5100000748,2025-03-17,4500003248,0000100042,M008,HZL1,1016542,USD
5100000749,2025-05-19,4500000756,0000100002,M012,HZL1,5766476,INR
5100000750,2025-03-25,4500001824,0000100113,M026,HZL1,25004442,INR
5100000751,2025-11-09,4500000284,0000100136,M002,COR1,93529339,INR
5100000752,2025-11-18,4500001571,0000100035,M016,VAL1,70347749,INR
5100000753,2025-02-06,4500003022,0000100119,M013,IOD1,1478715,INR
5100000754,2025-07-08,4500002457,0000100040,M009,VAL1,3097596,INR
5100000755,2025-12-01,4500000937,0000100077,M006,BAL1,275950512,INR
5100000756,2023-03-30,4500000199,0000100012,M003,HZL1,9766404,INR
5100000757,2023-11-09,4500002787,0000100081,M031,HZL1,47542966,INR
5100000758,2023-02-03,4500001324,0000100127,M008,HZL1,1965812,INR
5100000759,2025-11-14,4500001052,0000100025,M027,BAL1,5465437,INR
5100000760,2025-09-04,4500002714,0000100036,M025,HZL1,3066133,INR
5100000761,2023-03-01,4500000033,0000100041,M004,STC1,59065389,INR
5100000762,2024-03-08,4500000669,0000100085,M012,COG1,694811,INR
5100000763,2024-06-26,4500001228,0000100034,M048,COR1,319971,INR
5100000764,2024-10-15,4500000890,0000100029,M004,BAL1,46434841,INR
5100000765,2024-01-09,4500002886,0000100145,M039,VAL1,6812916,INR
5100000766,2024-11-17,4500002330,0000100042,M054,VAL1,5486556,USD
5100000767,2025-08-24,4500001559,0000100030,M009,HZL1,3837236,INR
5100000768,2025-06-03,4500002134,0000100041,M002,HZL1,10540930,INR
5100000769,2024-06-25,4500003273,0000100146,M005,COG1,11073095,INR
5100000770,2023-09-30,4500000632,0000100033,M042,STC1,7891428,INR
5100000771,2023-06-11,4500000854,0000100144,M056,HZL1,52543166,EUR
5100000772,2023-12-23,4500000597,0000100042,M035,HZL1,25085963,INR
5100000773,2024-11-03,4500000187,0000100027,M054,HZL1,23375161,INR
5100000774,2023-07-27,4500001663,0000100145,M009,VAL1,5041848,INR
5100000775,2023-11-02,4500000888,0000100089,M054,COG1,30728129,INR
5100000776,2024-09-24,4500002754,0000100007,M005,HZL1,46595640,INR
5100000777,2023-02-23,4500001109,0000100069,M047,STC1,891337,INR
5100000778,2024-09-17,4500002565,0000100035,M051,STC1,5271643,INR
5100000779,2025-08-30,4500001107,0000100050,M034,VAL1,11254760,INR
5100000780,2025-01-17,4500000999,0000100073,M040,BAL1,5454051,INR
5100000781,2024-09-13,4500000192,0000100027,M027,HZL1,21268351,INR
5100000782,2025-05-01,4500001113,0000100061,M016,STC1,7720610,INR
5100000783,2025-06-06,4500000126,0000100143,M013,VAL1,2324053,INR
5100000784,2025-05-04,4500001088,0000100103,M013,HZL1,3462079,INR
5100000785,2023-04-27,4500001280,0000100009,M032,VAL1,4425242,USD
5100000786,2023-05-15,4500002125,0000100097,M034,STC1,10581975,INR
5100000787,2024-01-22,4500001563,0000100082,M024,VAL1,51555328,INR
5100000788,2024-01-18,4500001843,0000100141,M035,HZL1,93137241,INR
5100000789,2024-05-29,4500000283,0000100011,M042,STC1,7992404,INR
5100000790,2023-09-12,4500002241,0000100060,M023,VAL1,8987063,INR
5100000791,2023-07-16,4500002547,0000100055,M006,VAL1,18375917,INR
5100000792,2023-02-15,4500003209,0000100101,M041,HZL1,3587484,INR
5100000793,2025-05-23,4500000643,0000100073,M050,COG1,1398460,INR
5100000794,2023-10-21,4500002813,0000100080,M002,IOD1,27629831,INR
5100000795,2023-08-06,4500001219,0000100122,M040,STC1,1238795,INR
5100000796,2024-04-30,4500001545,0000100092,M010,HZL1,3143298,INR
5100000797,2024-08-30,4500000538,0000100158,M009,VAL1,2416842,INR
5100000798,2025-08-22,4500002765,0000100004,M009,HZL1,2656079,INR
5100000799,2023-07-23,4500000469,0000100090,M023,STC1,15339848,INR
5100000800,2025-11-16,4500001318,0000100047,M042,HZL1,5033925,INR
5100000801,2024-11-15,4500000574,0000100127,M004,COG1,27200073,INR
5100000802,2024-05-18,4500000633,0000100109,M008,STC1,2526441,INR
5100000803,2025-03-01,4500001084,0000100031,M010,IOD1,330927,INR
5100000804,2025-03-18,4500003240,0000100081,M024,BAL1,4329152,INR
5100000805,2024-08-24,4500000847,0000100002,M008,COR1,1586970,INR
5100000806,2025-12-04,4500001094,0000100051,M024,HZL1,8260217,INR
5100000807,2025-12-19,4500002619,0000100140,M058,HZL1,7572916,INR
5100000808,2025-07-13,4500001496,0000100115,M046,HZL1,3852320,INR
5100000809,2025-07-28,4500002491,0000100007,M023,COG1,10234049,INR
5100000810,2024-02-21,4500002970,0000100036,M043,VAL1,6071625,INR
5100000811,2023-03-09,4500001788,0000100018,M041,STC1,7254854,INR
5100000812,2025-12-01,4500003249,0000100132,M041,HZL1,15350585,INR
5100000813,2025-05-17,4500000376,0000100108,M005,HZL1,18096480,INR
5100000814,2024-03-10,4500002643,0000100004,M005,VAL1,24476402,INR
5100000815,2025-08-15,4500000196,0000100022,M053,IOD1,10093574,INR
5100000816,2024-09-16,4500003245,0000100046,M042,HZL1,4560070,INR
5100000817,2025-08-19,4500002708,0000100095,M012,VAL1,6658499,INR
5100000818,2025-02-13,4500002798,0000100005,M041,BAL1,3982115,INR
5100000819,2025-12-13,4500001052,0000100022,M014,BAL1,3878263,INR
5100000820,2025-06-22,4500000126,0000100157,M013,VAL1,2556030,INR
5100000821,2024-07-29,4500000648,0000100077,M044,BAL1,1695290,INR
5100000822,2023-10-28,4500001371,0000100112,M012,VAL1,923755,INR
5100000823,2024-01-14,4500002515,0000100112,M031,COG1,7161478,INR
5100000824,2025-07-26,4500001747,0000100025,M007,HZL1,4030215,INR
5100000825,2025-01-14,4500002003,0000100094,M011,STC1,3421517,EUR
5100000826,2024-01-03,4500000594,0000100105,M054,BAL1,53300932,EUR
5100000827,2024-09-01,4500001933,0000100103,M005,STC1,169781939,INR
5100000828,2025-04-23,4500001166,0000100146,M042,STC1,6959053,INR
5100000829,2024-09-18,4500002757,0000100008,M018,HZL1,78055577,EUR
5100000830,2023-11-30,4500003099,0000100159,M032,HZL1,33321998,INR
5100000831,2024-02-07,4500000684,0000100101,M035,IOD1,34632425,INR
5100000832,2023-04-29,4500001227,0000100110,M012,VAL1,2652002,INR
5100000833,2025-06-10,4500002844,0000100124,M026,VAL1,8733584,INR
5100000834,2025-11-30,4500000674,0000100146,M021,BAL1,13428853,INR
5100000835,2024-02-11,4500001989,0000100061,M049,HZL1,545357,INR
5100000836,2024-09-21,4500002594,0000100027,M032,STC1,4858303,INR
5100000837,2025-04-20,4500002157,0000100147,M048,HZL1,152112,INR
5100000838,2024-12-04,4500000492,0000100050,M044,STC1,11015993,INR
5100000839,2023-11-17,4500001450,0000100034,M041,HZL1,7055450,INR
5100000840,2023-10-16,4500001434,0000100017,M034,VAL1,37106724,INR
5100000841,2025-07-01,4500002368,0000100066,M025,HZL1,190309185,USD
5100000842,2025-03-30,4500002836,0000100101,M008,VAL1,2433342,INR
5100000843,2023-07-04,4500000215,0000100001,M012,STC1,2300328,INR
5100000844,2024-05-15,4500002353,0000100051,M013,VAL1,1940832,INR
5100000845,2023-12-06,4500001535,0000100130,M020,VAL1,12065283,INR
5100000846,2025-10-17,4500000399,0000100077,M027,COR1,19059564,INR
5100000847,2023-11-11,4500001173,0000100046,M004,IOD1,79646862,INR
5100000848,2023-08-28,4500002232,0000100019,M022,BAL1,13425355,INR
5100000849,2024-12-29,4500000181,0000100044,M013,BAL1,2408172,INR
5100000850,2024-07-05,4500000161,0000100080,M009,BAL1,2184958,EUR
5100000851,2025-06-15,4500002145,0000100052,M032,VAL1,14940428,INR
5100000852,2024-10-04,4500002681,0000100035,M011,HZL1,1260165,INR
5100000853,2025-11-15,4500003017,0000100022,M048,VAL1,1306941,INR
5100000854,2023-06-22,4500000681,0000100137,M004,VAL1,12380343,USD
5100000855,2023-05-14,4500002969,0000100082,M033,HZL1,4040464,INR
5100000856,2023-04-30,4500003233,0000100084,M002,HZL1,4621565,INR
5100000857,2024-11-27,4500000978,0000100038,M008,HZL1,1750612,INR
5100000858,2025-11-13,4500000611,0000100014,M008,HZL1,3538304,INR
5100000859,2023-01-15,4500001342,0000100131,M049,HZL1,816704,INR
5100000860,2024-01-02,4500001589,0000100099,M007,VAL1,1715988,INR
5100000861,2024-09-28,4500003146,0000100133,M014,HZL1,821554,EUR
5100000862,2023-06-10,4500001612,0000100148,M031,COG1,14045122,INR
5100000863,2023-06-16,4500002525,0000100120,M014,HZL1,10006819,INR
5100000864,2024-02-16,4500001883,0000100126,M061,IOD1,5135396,INR
5100000865,2023-04-14,4500001800,0000100129,M014,HZL1,2454664,INR
5100000866,2023-04-17,4500002737,0000100129,M003,STC1,71352178,INR
5100000867,2024-09-08,4500000819,0000100093,M011,HZL1,4209580,INR
5100000868,2024-08-31,4500001120,0000100096,M005,VAL1,8660841,INR
5100000869,2024-10-30,4500002832,0000100108,M021,BAL1,36840529,INR
5100000870,2024-06-21,4500001220,0000100026,M051,IOD1,18497261,INR
5100000871,2025-01-25,4500000556,0000100028,M023,HZL1,13454237,INR
5100000872,2024-06-18,4500002000,0000100073,M053,STC1,53485139,INR
5100000873,2025-04-25,4500000278,0000100066,M056,IOD1,3062845,INR
5100000874,2025-02-15,4500002529,0000100064,M001,VAL1,48691086,INR
5100000875,2023-10-08,4500000431,0000100062,M030,HZL1,3759775,INR
5100000876,2025-05-30,4500002844,0000100149,M032,VAL1,2163480,INR
5100000877,2024-07-24,4500001463,0000100091,M003,IOD1,50412784,INR
5100000878,2024-01-25,4500001735,0000100038,M029,VAL1,18150803,INR
5100000879,2025-03-14,4500002960,0000100134,M024,COG1,26939959,INR
5100000880,2025-09-06,4500000981,0000100088,M004,COG1,49695757,INR
5100000881,2024-10-07,4500000737,0000100100,M018,BAL1,98400323,INR
5100000882,2025-08-31,4500002669,0000100045,M034,HZL1,20823437,INR
5100000883,2024-08-04,4500001249,0000100031,M010,HZL1,19638297,INR
5100000884,2025-07-17,4500002081,0000100134,M028,COG1,10013501,INR
5100000885,2024-09-24,4500001935,0000100046,M001,HZL1,17203421,INR
5100000886,2025-12-02,4500001571,0000100112,M007,VAL1,6703260,INR
5100000887,2023-03-09,4500001257,0000100099,M040,HZL1,4992921,INR
5100000888,2025-02-06,4500003201,0000100085,M007,HZL1,17307290,INR
5100000889,2024-05-20,4500003051,0000100022,M044,IOD1,12054839,INR
5100000890,2025-12-15,4500002975,0000100042,M010,HZL1,2589562,USD
5100000891,2023-10-13,4500003215,0000100061,M005,HZL1,129700979,INR
5100000892,2024-08-01,4500002572,0000100159,M040,VAL1,3716532,INR
5100000893,2025-05-07,4500000997,0000100087,M051,COG1,5771024,INR
5100000894,2025-05-04,4500002290,0000100005,M030,HZL1,12328487,INR
5100000895,2025-02-28,4500003242,0000100156,M002,HZL1,36977494,USD
5100000896,2025-02-15,4500000800,0000100130,M049,HZL1,637643,INR
5100000897,2023-03-04,4500001550,0000100082,M004,VAL1,105241023,INR
5100000898,2024-03-19,4500000757,0000100023,M009,HZL1,4755220,INR
5100000899,2023-04-09,4500002351,0000100016,M005,HZL1,59993960,INR
5100000900,2023-11-08,4500000356,0000100121,M028,COG1,5187901,INR
5100000901,2023-04-14,4500002425,0000100104,M009,VAL1,1231035,INR
5100000902,2025-04-30,4500002685,0000100057,M041,BAL1,2377328,EUR
5100000903,2025-03-08,4500003235,0000100043,M012,COG1,1473980,INR
5100000904,2024-08-05,4500003071,0000100136,M022,BAL1,8622911,INR
5100000905,2023-11-25,4500002277,0000100081,M004,VAL1,128039283,INR
5100000906,2023-09-14,4500000108,0000100051,M003,IOD1,25922226,INR
5100000907,2025-04-05,4500003059,0000100103,M042,COR1,1143485,INR
5100000908,2025-03-16,4500001586,0000100013,M016,STC1,38768410,INR
5100000909,2025-05-22,4500001588,0000100044,M008,COG1,1003729,INR
5100000910,2024-06-20,4500001182,0000100127,M005,BAL1,21302313,INR
5100000911,2023-09-05,4500001482,0000100064,M034,STC1,14123077,INR
5100000912,2024-12-06,4500003239,0000100071,M009,COG1,3122682,INR
5100000913,2023-09-16,4500000796,0000100157,M040,HZL1,23733008,INR
5100000914,2025-05-08,4500000376,0000100025,M019,HZL1,217372674,INR
5100000915,2025-03-18,4500001988,0000100070,M004,BAL1,8937330,INR
5100000916,2023-08-05,4500001875,0000100141,M037,COG1,40568256,INR
5100000917,2024-10-01,4500002789,0000100010,M001,BAL1,21108205,EUR
5100000918,2025-01-28,4500001273,0000100061,M038,COR1,47903945,INR
5100000919,2023-02-19,4500002566,0000100116,M021,COG1,9773335,INR
5100000920,2025-07-23,4500000472,0000100132,M047,IOD1,833439,INR
5100000921,2023-08-01,4500002575,0000100113,M013,COR1,3198362,INR
5100000922,2024-03-01,4500000682,0000100085,M045,BAL1,10636804,INR
5100000923,2025-02-12,4500002529,0000100159,M002,VAL1,52767321,INR
5100000924,2023-09-25,4500002327,0000100110,M007,VAL1,4251484,INR
5100000925,2023-11-20,4500001604,0000100143,M040,HZL1,9228138,INR
5100000926,2024-11-30,4500001061,0000100082,M002,COG1,33642664,INR
5100000927,2024-08-03,4500000419,0000100132,M010,VAL1,2321363,INR
5100000928,2024-08-29,4500000963,0000100140,M032,COR1,3023095,INR
5100000929,2023-05-22,4500001036,0000100055,M005,VAL1,24633670,INR
5100000930,2024-05-30,4500002570,0000100003,M045,HZL1,5521861,INR
5100000931,2024-12-11,4500002027,0000100108,M001,HZL1,12405705,INR
5100000932,2025-01-30,4500003034,0000100005,M019,VAL1,128500578,INR
5100000933,2025-10-31,4500000821,0000100014,M028,COR1,4026973,INR
5100000934,2025-11-30,4500002461,0000100020,M041,STC1,6783092,INR
5100000935,2025-09-10,4500002204,0000100131,M031,BAL1,2679246,INR
5100000936,2024-03-06,4500001782,0000100033,M018,VAL1,121819026,INR
5100000937,2023-05-06,4500001215,0000100031,M046,HZL1,13724612,INR
5100000938,2023-04-21,4500001154,0000100004,M001,IOD1,41012638,INR
5100000939,2024-11-24,4500001347,0000100011,M014,VAL1,5290862,INR
5100000940,2023-05-27,4500002310,0000100078,M054,VAL1,10467237,INR
5100000941,2025-08-24,4500000754,0000100056,M024,HZL1,64770426,INR
5100000942,2023-04-24,4500000965,0000100050,M004,VAL1,14317465,INR
5100000943,2023-12-12,4500000020,0000100095,M036,HZL1,12818720,INR
5100000944,2025-03-23,4500001580,0000100052,M018,COR1,71761171,INR
5100000945,2025-09-13,4500000981,0000100069,M034,COG1,22864055,INR
5100000946,2023-07-06,4500002498,0000100096,M003,HZL1,13366268,INR
5100000947,2023-06-01,4500000823,0000100142,M010,HZL1,3805623,EUR
5100000948,2024-01-26,4500001900,0000100044,M047,STC1,3517037,INR
5100000949,2025-12-09,4500001966,0000100160,M032,BAL1,8791532,INR
5100000950,2024-09-24,4500000387,0000100064,M009,BAL1,1534000,INR
5100000951,2023-12-05,4500000160,0000100145,M022,HZL1,11357230,INR
5100000952,2023-06-04,4500001043,0000100036,M046,HZL1,1622370,INR
5100000953,2023-10-21,4500002458,0000100155,M050,HZL1,651204,INR
5100000954,2024-05-18,4500001761,0000100114,M009,VAL1,2980249,INR
5100000955,2024-05-10,4500000548,0000100066,M014,STC1,6495148,EUR
5100000956,2025-02-17,4500000739,0000100158,M060,HZL1,14488897,INR
5100000957,2024-01-23,4500002556,0000100067,M040,HZL1,1376794,INR
5100000958,2023-12-09,4500002509,0000100056,M057,BAL1,15949035,USD
5100000959,2023-03-23,4500002831,0000100139,M002,HZL1,19935121,INR
5100000960,2025-01-14,4500001608,0000100146,M022,VAL1,16356431,INR
5100000961,2023-08-21,4500000817,0000100041,M042,VAL1,22252049,INR
5100000962,2023-09-04,4500002071,0000100157,M042,STC1,5893970,INR
5100000963,2023-08-03,4500000879,0000100060,M023,COG1,5958148,INR
5100000964,2025-05-02,4500003181,0000100031,M019,VAL1,139083053,INR
5100000965,2025-06-21,4500002494,0000100059,M047,IOD1,291343,INR
5100000966,2024-02-02,4500001662,0000100131,M042,STC1,3815328,INR
5100000967,2025-01-26,4500001272,0000100062,M033,COG1,40517469,INR
5100000968,2024-06-16,4500001269,0000100134,M047,HZL1,1109727,INR
5100000969,2024-09-24,4500001696,0000100059,M039,BAL1,20866340,INR
5100000970,2024-09-10,4500000742,0000100029,M059,COR1,6041408,INR
5100000971,2023-10-28,4500001801,0000100017,M046,STC1,982029,INR
5100000972,2025-02-02,4500001534,0000100100,M032,VAL1,12296441,INR
5100000973,2024-05-12,4500002332,0000100044,M051,VAL1,22643288,INR
5100000974,2025-05-02,4500000602,0000100077,M021,COG1,22025626,INR
5100000975,2025-06-09,4500000846,0000100099,M024,HZL1,13136892,INR
5100000976,2023-05-14,4500001158,0000100050,M006,HZL1,260861603,INR
5100000977,2025-06-13,4500002346,0000100117,M029,IOD1,3211580,INR
5100000978,2023-12-15,4500001563,0000100114,M038,VAL1,21394871,INR
5100000979,2025-07-11,4500002559,0000100037,M016,STC1,42003685,EUR
5100000980,2024-03-24,4500001355,0000100110,M044,BAL1,8114020,INR
5100000981,2025-04-25,4500001037,0000100011,M042,VAL1,4484355,USD
5100000982,2023-10-22,4500001770,0000100069,M016,HZL1,53872897,INR
5100000983,2024-10-25,4500000534,0000100086,M006,BAL1,30876974,INR
5100000984,2025-09-15,4500001716,0000100091,M057,VAL1,3831342,INR
5100000985,2025-11-23,4500002861,0000100038,M005,COR1,19254572,INR
5100000986,2024-11-12,4500001236,0000100109,M022,HZL1,5446890,INR
5100000987,2025-04-18,4500001693,0000100148,M055,VAL1,7069648,INR
5100000988,2024-06-16,4500000593,0000100053,M021,BAL1,8391062,INR
5100000989,2024-05-31,4500002162,0000100030,M008,VAL1,1221796,INR
5100000990,2025-08-16,4500002651,0000100017,M049,BAL1,644541,INR
5100000991,2023-07-23,4500002325,0000100103,M001,VAL1,3080693,INR
5100000992,2023-05-06,4500001800,0000100157,M025,HZL1,20035026,INR
5100000993,2023-03-20,4500001867,0000100134,M003,HZL1,6928527,INR
5100000994,2025-06-01,4500001665,0000100088,M058,HZL1,20314401,INR
5100000995,2024-02-02,4500002189,0000100044,M021,VAL1,43301865,INR
5100000996,2025-10-23,4500002483,0000100001,M044,VAL1,1129451,INR
5100000997,2024-01-07,4500002664,0000100129,M002,COG1,51083698,INR
5100000998,2025-09-12,4500002719,0000100083,M027,HZL1,36165534,USD
5100000999,2023-08-18,4500002611,0000100026,M029,STC1,5782468,INR
5100001000,2024-10-06,4500002031,0000100150,M035,HZL1,34121035,INR
5100001001,2024-01-14,4500002340,0000100128,M002,BAL1,8782879,USD
5100001002,2024-10-18,4500001940,0000100077,M058,HZL1,14672824,INR
5100001003,2024-11-12,4500000125,0000100065,M003,STC1,59130624,INR
5100001004,2025-12-15,4500001265,0000100150,M021,HZL1,195943340,INR
5100001005,2024-06-16,4500002595,0000100058,M057,BAL1,5436677,USD
5100001006,2025-01-09,4500000494,0000100084,M060,COG1,20660848,INR
5100001007,2025-07-03,4500000295,0000100129,M011,VAL1,1238121,INR
5100001008,2024-03-13,4500001323,0000100062,M018,VAL1,17577887,INR
5100001009,2025-02-11,4500001768,0000100085,M063,HZL1,480526,INR
5100001010,2024-12-25,4500001698,0000100135,M049,COG1,512463,INR
5100001011,2023-05-26,4500000407,0000100081,M020,VAL1,340463757,INR
5100001012,2025-04-06,4500001407,0000100050,M040,COG1,4352818,INR
5100001013,2025-02-02,4500001673,0000100084,M040,VAL1,3248294,INR
5100001014,2024-03-29,4500000257,0000100059,M039,VAL1,27109928,INR
5100001015,2025-05-28,4500000286,0000100157,M003,HZL1,53894435,INR
5100001016,2025-05-06,4500000653,0000100047,M037,STC1,42221032,INR
5100001017,2024-12-02,4500000440,0000100071,M048,STC1,1262030,INR
5100001018,2023-08-26,4500000831,0000100021,M060,HZL1,1943003,INR
5100001019,2024-08-13,4500001041,0000100069,M011,HZL1,655931,INR
5100001020,2024-04-07,4500003276,0000100094,M031,HZL1,6922945,INR
5100001021,2024-10-29,4500000717,0000100025,M016,IOD1,13948618,INR
5100001022,2023-10-04,4500002432,0000100022,M026,BAL1,5340039,INR
5100001023,2024-11-28,4500003118,0000100159,M046,BAL1,9940714,INR
5100001024,2024-05-28,4500003051,0000100075,M002,IOD1,45471512,EUR
5100001025,2025-11-09,4500001581,0000100144,M021,BAL1,46341738,EUR
5100001026,2024-09-12,4500001904,0000100038,M036,IOD1,3986867,INR
5100001027,2025-12-01,4500001932,0000100126,M053,VAL1,10583679,INR
5100001028,2025-08-21,4500000665,0000100004,M039,HZL1,10898766,INR
5100001029,2024-11-20,4500002695,0000100138,M035,VAL1,26578061,EUR
5100001030,2023-03-12,4500000241,0000100159,M002,VAL1,55904211,INR
5100001031,2025-01-10,4500000440,0000100030,M039,STC1,9771464,INR
5100001032,2024-06-13,4500001468,0000100079,M018,HZL1,563069777,INR
5100001033,2023-05-18,4500001451,0000100084,M015,VAL1,43211527,INR
5100001034,2023-09-14,4500001721,0000100067,M050,STC1,314175,INR
5100001035,2024-07-28,4500000719,0000100150,M041,COG1,9508986,INR
5100001036,2024-10-05,4500000007,0000100117,M041,HZL1,9411311,INR
5100001037,2025-04-19,4500000460,0000100020,M050,BAL1,430787,INR
5100001038,2025-06-26,4500002833,0000100008,M004,STC1,42608794,EUR
5100001039,2023-11-07,4500001234,0000100105,M005,COG1,40384848,EUR
5100001040,2023-10-14,4500001831,0000100068,M022,IOD1,26839394,INR
5100001041,2024-12-19,4500003179,0000100086,M009,STC1,1668262,INR
5100001042,2023-06-23,4500001733,0000100149,M014,STC1,2800341,INR
5100001043,2024-04-26,4500002961,0000100010,M031,HZL1,46356024,EUR
5100001044,2024-04-19,4500002746,0000100060,M010,VAL1,3808638,INR
5100001045,2025-12-18,4500002911,0000100022,M048,COG1,742782,INR
5100001046,2023-05-20,4500001057,0000100021,M052,VAL1,26174407,INR
5100001047,2025-05-05,4500000034,0000100106,M034,COG1,39279069,INR
5100001048,2024-12-12,4500000186,0000100078,M002,HZL1,35759071,INR
5100001049,2023-06-02,4500001261,0000100090,M024,COR1,6138806,INR
5100001050,2023-09-09,4500001816,0000100091,M011,VAL1,1287450,INR
5100001051,2025-09-06,4500001465,0000100112,M011,IOD1,1286771,INR
5100001052,2025-01-03,4500002817,0000100151,M001,BAL1,68215301,INR
5100001053,2025-10-06,4500001648,0000100005,M014,VAL1,1468497,INR
5100001054,2025-02-20,4500001487,0000100023,M011,BAL1,6861960,INR
5100001055,2025-08-06,4500002095,0000100069,M022,HZL1,20996953,INR
5100001056,2024-11-03,4500000490,0000100127,M040,HZL1,10482375,INR
5100001057,2025-06-14,4500000499,0000100104,M027,STC1,10887272,INR
5100001058,2023-06-06,4500002217,0000100043,M052,VAL1,9022625,INR
5100001059,2024-03-28,4500000080,0000100011,M021,BAL1,38191236,EUR
5100001060,2025-06-05,4500000908,0000100109,M031,IOD1,2396477,INR
5100001061,2025-09-18,4500000772,0000100041,M023,BAL1,23222212,INR
5100001062,2025-02-03,4500003022,0000100140,M048,IOD1,1470418,INR
5100001063,2024-06-27,4500002404,0000100017,M037,VAL1,29151224,INR
5100001064,2023-11-21,4500002751,0000100007,M010,HZL1,9753628,INR
5100001065,2025-11-17,4500001653,0000100035,M016,VAL1,26001223,INR
5100001066,2024-06-06,4500002005,0000100139,M007,HZL1,5230421,INR
5100001067,2023-07-28,4500002544,0000100103,M042,STC1,36972890,INR
5100001068,2023-12-24,4500002086,0000100040,M007,VAL1,2372159,INR
5100001069,2025-01-13,4500002074,0000100011,M007,VAL1,2070932,EUR
5100001070,2025-02-21,4500003235,0000100058,M004,COG1,14638781,EUR
5100001071,2024-09-27,4500000192,0000100116,M037,HZL1,8641970,INR
5100001072,2025-05-24,4500002082,0000100011,M053,HZL1,11538935,EUR
5100001073,2024-06-01,4500002221,0000100061,M046,HZL1,1332774,INR
5100001074,2025-09-13,4500001511,0000100112,M030,BAL1,9415376,INR
5100001075,2025-08-10,4500000308,0000100098,M010,IOD1,2518132,INR
5100001076,2024-08-17,4500000098,0000100116,M026,HZL1,6925160,INR
5100001077,2024-05-28,4500000379,0000100099,M031,HZL1,9226272,INR
5100001078,2025-08-24,4500001145,0000100078,M007,STC1,1238113,INR
5100001079,2023-12-13,4500000374,0000100143,M031,HZL1,1558211,INR
5100001080,2025-08-01,4500002156,0000100063,M001,COG1,69770815,INR
5100001081,2025-08-26,4500002288,0000100098,M039,HZL1,3328617,INR
5100001082,2025-06-13,4500002707,0000100027,M030,VAL1,6500579,INR
5100001083,2024-07-16,4500003102,0000100099,M004,HZL1,50725385,INR
5100001084,2025-12-23,4500001094,0000100143,M009,HZL1,7539718,INR
5100001085,2025-12-18,4500002652,0000100025,M042,VAL1,42776611,INR
5100001086,2025-03-28,4500002451,0000100103,M004,HZL1,6974336,INR
5100001087,2023-02-13,4500000629,0000100020,M010,HZL1,1586014,INR
5100001088,2024-07-22,4500000421,0000100020,M051,STC1,27237333,INR
5100001089,2025-11-21,4500000396,0000100085,M008,VAL1,3349543,INR
5100001090,2025-05-11,4500001037,0000100151,M010,VAL1,2113140,INR
5100001091,2025-08-28,4500002759,0000100158,M012,HZL1,3482744,INR
5100001092,2024-03-13,4500000479,0000100046,M048,COR1,3799144,INR
5100001093,2025-12-15,4500000671,0000100062,M022,HZL1,25517579,INR
5100001094,2024-12-27,4500000833,0000100091,M037,COG1,14950846,INR
5100001095,2024-03-01,4500001593,0000100135,M050,COG1,387382,INR
5100001096,2025-03-02,4500003136,0000100158,M021,BAL1,11779346,INR
5100001097,2023-04-01,4500003315,0000100052,M023,STC1,10661696,INR
5100001098,2023-12-25,4500000311,0000100064,M048,BAL1,685379,INR
5100001099,2024-04-13,4500003153,0000100141,M057,IOD1,15353204,INR
5100001100,2024-10-22,4500002216,0000100053,M033,COG1,50667178,INR
5100001101,2023-10-29,4500000683,0000100006,M033,STC1,8608384,INR
5100001102,2023-12-05,4500003045,0000100020,M010,COG1,2778249,INR
5100001103,2025-02-23,4500002536,0000100117,M022,VAL1,6085890,INR
5100001104,2025-06-09,4500001445,0000100035,M060,STC1,4466298,INR
5100001105,2023-06-29,4500002525,0000100041,M033,HZL1,20972776,INR
5100001106,2025-06-10,4500001913,0000100063,M008,STC1,815518,INR
5100001107,2023-12-21,4500001631,0000100122,M010,HZL1,5504978,USD
5100001108,2023-10-31,4500002327,0000100109,M031,VAL1,10356082,INR
5100001109,2024-12-06,4500000340,0000100030,M038,VAL1,51868122,INR
5100001110,2023-10-07,4500001305,0000100142,M008,BAL1,6977312,USD
5100001111,2023-11-26,4500001815,0000100136,M028,HZL1,3617150,INR
5100001112,2023-08-25,4500002369,0000100045,M013,HZL1,3450336,INR
5100001113,2024-07-19,4500000719,0000100087,M005,COG1,13405118,INR
5100001114,2025-09-07,4500003241,0000100128,M011,COG1,2060871,USD
5100001115,2024-08-29,4500001553,0000100036,M013,BAL1,555418,INR
5100001116,2025-08-02,4500001071,0000100108,M037,HZL1,6879018,INR
5100001117,2024-03-30,4500001013,0000100022,M005,BAL1,21767519,INR
5100001118,2023-12-16,4500001341,0000100007,M024,STC1,12247882,INR
5100001119,2023-03-30,4500002736,0000100042,M004,VAL1,14508813,EUR
5100001120,2025-11-16,4500000611,0000100012,M048,HZL1,1473663,INR
5100001121,2023-12-25,4500001060,0000100091,M050,VAL1,2906987,INR
5100001122,2024-11-07,4500000095,0000100041,M013,BAL1,3257453,INR
5100001123,2025-04-29,4500002937,0000100029,M012,VAL1,2654548,INR
5100001124,2023-03-30,4500002032,0000100009,M007,COG1,1667340,EUR
5100001125,2024-06-13,4500000379,0000100053,M011,HZL1,13389898,INR
5100001126,2024-03-25,4500000036,0000100113,M035,COR1,29322471,INR
5100001127,2025-01-22,4500002004,0000100004,M043,STC1,7401715,INR
5100001128,2024-11-05,4500003035,0000100112,M010,HZL1,5145448,INR
5100001129,2024-08-17,4500000090,0000100063,M045,STC1,11322187,INR
5100001130,2025-09-07,4500000422,0000100090,M057,STC1,8031996,INR
5100001131,2024-06-06,4500001124,0000100143,M008,IOD1,5718016,INR
5100001132,2024-06-26,4500000060,0000100016,M008,VAL1,5061069,INR
5100001133,2023-12-31,4500001675,0000100149,M012,HZL1,5219079,INR
5100001134,2025-02-08,4500001630,0000100063,M050,HZL1,830368,INR
5100001135,2025-11-01,4500002775,0000100013,M012,IOD1,2840464,INR
5100001136,2025-05-08,4500000638,0000100126,M054,VAL1,11894108,INR
5100001137,2023-12-27,4500002428,0000100046,M009,VAL1,4434935,INR
5100001138,2024-04-26,4500001446,0000100031,M001,VAL1,7164913,INR
5100001139,2025-03-30,4500002960,0000100062,M025,COG1,13644434,INR
5100001140,2024-05-24,4500001217,0000100095,M010,VAL1,1257546,INR
5100001141,2025-03-23,4500002107,0000100141,M033,VAL1,56017261,INR
5100001142,2025-11-05,4500000438,0000100019,M037,HZL1,49716186,INR
5100001143,2025-11-30,4500001141,0000100004,M048,VAL1,5166580,INR
5100001144,2025-01-22,4500000807,0000100034,M013,BAL1,3308282,INR
5100001145,2025-02-17,4500002683,0000100002,M001,VAL1,13170725,INR
5100001146,2025-11-12,4500001581,0000100089,M029,BAL1,25729644,INR
5100001147,2023-05-07,4500003252,0000100087,M030,COG1,4406457,INR
5100001148,2024-07-12,4500000593,0000100040,M006,BAL1,51930481,INR
5100001149,2023-10-24,4500001583,0000100059,M034,VAL1,107841542,INR
5100001150,2023-02-22,4500000488,0000100094,M023,STC1,14297375,INR
5100001151,2024-05-03,4500003084,0000100114,M015,VAL1,60319972,INR
5100001152,2024-02-16,4500001438,0000100013,M057,HZL1,4950477,INR
5100001153,2023-06-20,4500001514,0000100096,M007,COG1,4882151,INR
5100001154,2024-05-05,4500002740,0000100139,M004,VAL1,16373689,INR
5100001155,2024-01-04,4500000625,0000100024,M008,COG1,281981,INR
5100001156,2024-03-13,4500000682,0000100041,M049,BAL1,769805,INR
5100001157,2025-02-01,4500003263,0000100090,M002,STC1,34812698,INR
5100001158,2024-04-03,4500000320,0000100100,M013,COR1,15998949,INR
5100001159,2025-02-14,4500001204,0000100144,M056,HZL1,4207347,INR
5100001160,2024-11-05,4500001646,0000100155,M043,COG1,1494213,USD
5100001161,2024-05-31,4500002980,0000100029,M014,BAL1,799630,INR
5100001162,2024-09-06,4500003192,0000100026,M005,STC1,26565465,INR
5100001163,2025-01-24,4500000544,0000100079,M009,VAL1,725043,INR
5100001164,2024-07-01,4500001100,0000100149,M006,VAL1,53566249,INR
5100001165,2024-07-12,4500002580,0000100096,M040,STC1,12231428,INR
5100001166,2025-08-05,4500002906,0000100099,M008,COG1,2527704,INR
5100001167,2024-01-31,4500000604,0000100062,M049,VAL1,1755861,INR
5100001168,2023-11-20,4500001186,0000100014,M047,BAL1,4853394,INR
5100001169,2024-08-25,4500000930,0000100143,M009,VAL1,1848715,INR
5100001170,2025-04-26,4500000695,0000100119,M007,VAL1,2325154,INR
5100001171,2025-05-17,4500002833,0000100142,M063,STC1,695642,USD
5100001172,2025-04-05,4500001224,0000100137,M009,STC1,1997324,INR
5100001173,2024-05-15,4500001919,0000100089,M043,COG1,4543939,INR
5100001174,2023-10-04,4500002762,0000100023,M033,VAL1,94737012,INR
5100001175,2024-12-14,4500000750,0000100148,M008,BAL1,2180283,INR
5100001176,2024-11-23,4500003258,0000100078,M045,COG1,8824683,INR
5100001177,2023-08-18,4500001326,0000100131,M038,BAL1,16864558,INR
5100001178,2024-04-26,4500000413,0000100089,M011,VAL1,5760916,INR
5100001179,2024-01-30,4500001238,0000100007,M010,VAL1,3124433,INR
5100001180,2024-09-16,4500000946,0000100100,M025,VAL1,38362344,INR
5100001181,2025-06-01,4500002967,0000100071,M013,BAL1,2045246,INR
5100001182,2025-11-25,4500002619,0000100018,M011,HZL1,2423221,INR
5100001183,2024-04-06,4500000345,0000100070,M010,HZL1,2694717,INR
5100001184,2023-12-31,4500001245,0000100121,M008,COG1,16905725,INR
5100001185,2024-12-11,4500000911,0000100085,M001,HZL1,21143707,INR
5100001186,2025-08-28,4500000370,0000100121,M057,VAL1,4659730,INR
5100001187,2025-12-07,4500002271,0000100126,M052,COG1,15030526,INR
5100001188,2024-10-03,4500002586,0000100095,M042,VAL1,5951645,INR
5100001189,2024-01-08,4500000398,0000100047,M030,COG1,10730563,INR
5100001190,2024-03-04,4500003225,0000100095,M010,HZL1,2337593,INR
5100001191,2024-10-08,4500002229,0000100159,M001,COG1,22721792,INR
5100001192,2025-09-26,4500001992,0000100051,M022,BAL1,17273816,INR
5100001193,2024-04-07,4500002705,0000100064,M014,IOD1,1790132,INR
5100001194,2023-09-20,4500002920,0000100018,M009,STC1,3255432,INR
5100001195,2025-05-23,4500000176,0000100047,M010,COR1,1496106,INR
5100001196,2023-10-14,4500002338,0000100130,M042,BAL1,6900372,INR
5100001197,2024-08-22,4500000296,0000100046,M002,STC1,39920081,INR
5100001198,2024-03-25,4500002113,0000100098,M060,HZL1,6374145,INR
5100001199,2024-11-26,4500003119,0000100146,M041,VAL1,4478772,INR
5100001200,2025-03-28,4500000178,0000100152,M040,BAL1,6327051,INR
5100001201,2025-01-13,4500003159,0000100050,M001,STC1,47421164,INR
5100001202,2023-09-23,4500002924,0000100075,M050,HZL1,402901,EUR
5100001203,2025-01-17,4500001845,0000100056,M010,VAL1,9051339,EUR
5100001204,2025-08-08,4500002913,0000100132,M056,HZL1,4201500,INR
5100001205,2023-10-11,4500000318,0000100005,M010,IOD1,5140974,INR
5100001206,2025-01-11,4500003097,0000100027,M048,IOD1,879203,INR
5100001207,2024-08-12,4500001488,0000100036,M005,COG1,34781053,INR
5100001208,2023-03-01,4500003253,0000100130,M007,HZL1,1112676,INR
5100001209,2025-01-13,4500002548,0000100026,M050,VAL1,917606,INR
5100001210,2024-07-25,4500000044,0000100132,M032,HZL1,20907811,INR
5100001211,2024-07-04,4500001100,0000100047,M061,VAL1,9847503,INR
5100001212,2024-08-10,4500000132,0000100112,M028,VAL1,17080644,INR
5100001213,2025-07-27,4500000285,0000100014,M032,COG1,3014357,INR
5100001214,2025-12-12,4500000803,0000100099,M030,STC1,21187485,INR
5100001215,2025-10-28,4500003081,0000100083,M020,IOD1,29972152,EUR
5100001216,2025-05-02,4500000435,0000100064,M008,BAL1,6344064,INR
5100001217,2025-05-24,4500002935,0000100042,M009,VAL1,11348464,EUR
5100001218,2025-09-10,4500003167,0000100155,M011,VAL1,3690004,EUR
5100001219,2023-03-25,4500001867,0000100129,M024,HZL1,27863028,INR
5100001220,2025-03-17,4500001978,0000100062,M042,IOD1,14388849,INR
5100001221,2023-03-13,4500001287,0000100145,M038,VAL1,81075448,INR
5100001222,2023-10-18,4500003123,0000100139,M002,COG1,22265355,INR
5100001223,2025-12-06,4500001859,0000100120,M009,VAL1,7018168,INR
5100001224,2023-07-09,4500002413,0000100141,M012,VAL1,1929221,INR
5100001225,2023-10-16,4500002812,0000100099,M024,HZL1,9189996,INR
5100001226,2024-09-10,4500001149,0000100109,M059,HZL1,42825328,INR
5100001227,2025-01-12,4500001664,0000100114,M034,HZL1,14642509,INR
5100001228,2025-04-14,4500002952,0000100095,M056,HZL1,52923769,INR
5100001229,2025-03-05,4500000921,0000100033,M026,VAL1,7532681,INR
5100001230,2025-04-05,4500000542,0000100001,M009,COR1,6629151,INR
5100001231,2024-01-31,4500001007,0000100019,M025,COG1,13411879,INR
5100001232,2023-12-21,4500002589,0000100041,M025,BAL1,14908088,INR
5100001233,2025-10-07,4500002742,0000100027,M006,STC1,94662103,INR
5100001234,2023-10-28,4500000944,0000100064,M024,STC1,49693059,INR
5100001235,2024-11-04,4500001405,0000100145,M002,HZL1,35431132,INR
5100001236,2023-08-14,4500003079,0000100007,M011,VAL1,976904,INR
5100001237,2025-11-01,4500000549,0000100007,M009,VAL1,2751704,INR
5100001238,2024-01-30,4500000484,0000100044,M001,HZL1,33387052,INR
5100001239,2025-09-20,4500002708,0000100158,M004,VAL1,13264165,INR
5100001240,2024-03-23,4500000857,0000100157,M023,HZL1,14680384,INR
5100001241,2024-05-14,4500000057,0000100089,M059,STC1,15597794,INR
5100001242,2023-02-03,4500001276,0000100081,M037,HZL1,62625571,INR
5100001243,2025-12-18,4500000700,0000100016,M009,VAL1,3944427,INR
5100001244,2025-12-24,4500002487,0000100118,M011,COR1,6517242,INR
5100001245,2024-04-23,4500002113,0000100033,M001,HZL1,13343828,INR
5100001246,2025-10-29,4500001785,0000100152,M039,HZL1,9213227,USD
5100001247,2025-04-07,4500000668,0000100130,M043,BAL1,3400026,INR
5100001248,2024-11-13,4500000574,0000100120,M001,COG1,138832700,INR
5100001249,2024-09-15,4500001174,0000100140,M007,VAL1,907288,INR
5100001250,2025-08-21,4500000940,0000100018,M059,VAL1,22552776,INR
5100001251,2024-03-17,4500002218,0000100077,M040,HZL1,9393198,INR
5100001252,2024-10-10,4500000111,0000100035,M010,HZL1,938940,INR
5100001253,2024-06-19,4500002073,0000100052,M005,COG1,7196740,INR
5100001254,2023-01-31,4500001342,0000100067,M050,HZL1,567981,INR
5100001255,2025-04-12,4500000131,0000100120,M013,HZL1,891955,INR
5100001256,2025-07-12,4500000472,0000100157,M002,IOD1,11262463,INR
5100001257,2024-04-23,4500002113,0000100009,M003,HZL1,35943799,USD
5100001258,2024-02-23,4500000277,0000100040,M042,VAL1,12396501,INR
5100001259,2024-03-08,4500001490,0000100114,M007,VAL1,2468535,INR
5100001260,2025-01-14,4500000480,0000100096,M013,BAL1,8546200,INR
5100001261,2025-10-22,4500002763,0000100044,M011,BAL1,1696372,INR
5100001262,2023-05-17,4500001190,0000100134,M051,HZL1,27442959,INR
5100001263,2023-12-23,4500000941,0000100008,M013,VAL1,6891769,INR
5100001264,2023-02-22,4500001324,0000100149,M012,HZL1,13117836,INR
5100001265,2024-08-20,4500000673,0000100150,M012,BAL1,9233340,INR
5100001266,2023-04-09,4500000595,0000100006,M008,HZL1,928229,INR
5100001267,2023-09-03,4500001621,0000100090,M010,HZL1,10003899,INR
5100001268,2024-07-15,4500001359,0000100141,M010,STC1,6929376,INR
5100001269,2024-09-11,4500001391,0000100158,M021,HZL1,23923952,INR
5100001270,2025-06-19,4500003108,0000100065,M007,HZL1,7495099,INR
5100001271,2023-12-01,4500003229,0000100108,M065,HZL1,92204,INR
5100001272,2023-08-10,4500000032,0000100023,M027,HZL1,3817539,INR
5100001273,2023-11-03,4500002942,0000100066,M011,HZL1,2070171,INR
5100001274,2023-08-19,4500003268,0000100082,M033,STC1,7419452,INR
5100001275,2023-10-30,4500000351,0000100030,M057,COG1,28435051,INR
5100001276,2024-08-13,4500002279,0000100118,M032,BAL1,4721249,INR
5100001277,2025-01-27,4500001519,0000100130,M036,VAL1,7676584,INR
5100001278,2024-12-23,4500000651,0000100059,M034,STC1,15479783,INR
5100001279,2024-04-25,4500001446,0000100096,M014,VAL1,4771962,INR
5100001280,2025-07-28,4500002499,0000100159,M001,STC1,48842618,INR
5100001281,2025-12-22,4500001335,0000100037,M024,COG1,15025668,INR
5100001282,2025-01-21,4500003236,0000100066,M042,BAL1,7363108,INR
5100001283,2025-03-07,4500003170,0000100082,M005,HZL1,74349292,INR
5100001284,2024-02-11,4500003190,0000100054,M005,VAL1,21637188,EUR
5100001285,2023-08-28,4500001909,0000100035,M034,HZL1,85941040,INR
5100001286,2024-09-28,4500003012,0000100067,M051,IOD1,4348319,INR
5100001287,2024-01-03,4500000789,0000100004,M055,STC1,12260922,INR
5100001288,2024-03-07,4500002598,0000100017,M028,COG1,12053886,INR
5100001289,2023-10-05,4500001816,0000100029,M047,VAL1,319412,INR
5100001290,2025-12-17,4500002910,0000100031,M042,HZL1,2572825,INR
5100001291,2023-11-01,4500001363,0000100079,M011,STC1,3055217,INR
5100001292,2023-10-18,4500001715,0000100069,M029,BAL1,5053248,INR
5100001293,2024-01-09,4500000850,0000100106,M009,HZL1,20503498,INR
5100001294,2023-12-09,4500003139,0000100070,M023,BAL1,17758567,INR
5100001295,2023-08-22,4500003138,0000100127,M048,HZL1,554444,INR
5100001296,2025-04-20,4500002685,0000100040,M005,BAL1,52221834,INR
5100001297,2023-09-11,4500003079,0000100094,M014,VAL1,3066480,USD
5100001298,2024-12-14,4500000480,0000100027,M035,BAL1,12703901,INR
5100001299,2025-03-15,4500000337,0000100016,M034,HZL1,34816417,INR
5100001300,2024-04-05,4500000857,0000100069,M050,HZL1,482408,INR
5100001301,2025-09-19,4500001321,0000100076,M055,IOD1,4907860,INR
5100001302,2025-12-22,4500002489,0000100143,M026,HZL1,5885783,INR
5100001303,2023-11-02,4500001173,0000100016,M034,IOD1,136881254,INR
5100001304,2025-11-20,4500001690,0000100040,M060,STC1,6451494,INR
5100001305,2025-03-11,4500002362,0000100004,M021,COR1,11717535,INR
5100001306,2025-07-05,4500000014,0000100014,M048,VAL1,3541389,INR
5100001307,2023-04-27,4500001138,0000100040,M004,STC1,6737403,INR
5100001308,2024-04-05,4500003271,0000100023,M032,HZL1,17477615,INR
5100001309,2024-12-11,4500001601,0000100009,M025,VAL1,47896622,EUR
5100001310,2025-09-19,4500001465,0000100108,M039,IOD1,5935647,INR
5100001311,2025-12-09,4500002893,0000100135,M038,HZL1,7983378,INR
5100001312,2023-02-09,4500000033,0000100004,M001,STC1,33663424,INR
5100001313,2025-02-04,4500001272,0000100106,M052,COG1,23966582,INR
5100001314,2025-05-10,4500000939,0000100095,M012,VAL1,4225111,INR
5100001315,2025-12-27,4500001505,0000100159,M011,COG1,3534315,INR
5100001316,2023-09-17,4500002009,0000100050,M004,HZL1,43534988,INR
5100001317,2025-02-19,4500000306,0000100014,M032,HZL1,5836771,INR
5100001318,2023-04-02,4500001502,0000100073,M039,VAL1,7346516,INR
5100001319,2025-09-19,4500002400,0000100073,M024,HZL1,5331157,INR
5100001320,2023-12-14,4500000462,0000100034,M056,HZL1,3033534,INR
5100001321,2023-05-18,4500001699,0000100160,M040,COG1,3780708,INR
5100001322,2023-11-28,4500001229,0000100042,M021,STC1,28364493,USD
5100001323,2024-05-12,4500002505,0000100036,M051,BAL1,89851816,INR
5100001324,2025-03-05,4500002626,0000100101,M008,COG1,3209149,INR
5100001325,2025-04-09,4500003170,0000100008,M014,HZL1,6604338,INR
5100001326,2025-05-27,4500002627,0000100042,M014,HZL1,2387930,EUR
5100001327,2023-09-03,4500000696,0000100106,M026,VAL1,4303741,INR
5100001328,2023-11-30,4500000333,0000100121,M024,STC1,16416513,INR
5100001329,2023-04-09,4500002672,0000100110,M037,COG1,30186633,INR
5100001330,2025-11-14,4500003083,0000100028,M005,COG1,31673198,INR
5100001331,2025-09-05,4500001059,0000100057,M039,VAL1,15997657,INR
5100001332,2023-10-27,4500003215,0000100009,M027,HZL1,50276736,USD
5100001333,2025-05-17,4500000504,0000100092,M024,STC1,3898564,INR
5100001334,2024-04-25,4500002961,0000100106,M002,HZL1,13833724,INR
5100001335,2023-06-14,4500000368,0000100020,M061,HZL1,10728065,INR
5100001336,2024-03-09,4500000147,0000100159,M005,HZL1,36570926,INR
5100001337,2023-12-04,4500003054,0000100106,M001,VAL1,19835990,INR
5100001338,2025-06-21,4500001286,0000100148,M009,VAL1,9365507,INR
5100001339,2024-03-16,4500002603,0000100065,M007,HZL1,1110462,INR
5100001340,2024-02-29,4500000539,0000100113,M010,HZL1,4676713,INR
5100001341,2024-11-02,4500002697,0000100002,M013,VAL1,10708418,INR
5100001342,2023-07-03,4500003286,0000100104,M039,VAL1,8723927,INR
5100001343,2023-07-13,4500002037,0000100148,M053,VAL1,70836392,INR
5100001344,2025-02-03,4500000883,0000100093,M038,VAL1,41704801,INR
5100001345,2025-10-03,4500002400,0000100148,M030,HZL1,2300582,INR
5100001346,2024-03-19,4500002628,0000100047,M012,STC1,797352,INR
5100001347,2024-04-28,4500002259,0000100004,M010,HZL1,6578329,INR
5100001348,2025-07-14,4500000868,0000100097,M023,COG1,15130916,INR
5100001349,2023-03-14,4500001528,0000100137,M001,STC1,20944812,USD
5100001350,2025-10-12,4500001062,0000100094,M052,BAL1,45970429,EUR
5100001351,2024-03-28,4500002495,0000100002,M040,COG1,9133896,INR
5100001352,2024-03-09,4500000745,0000100039,M035,HZL1,25939488,USD
5100001353,2025-07-04,4500001108,0000100140,M011,COG1,10388695,INR
5100001354,2025-10-03,4500000623,0000100051,M007,HZL1,564176,INR
5100001355,2023-04-24,4500001772,0000100051,M007,IOD1,20628188,INR
5100001356,2023-04-14,4500000319,0000100148,M036,HZL1,50006690,INR
5100001357,2025-02-06,4500000556,0000100021,M042,HZL1,6037760,INR
5100001358,2024-03-09,4500000539,0000100105,M054,HZL1,5730851,INR
5100001359,2024-07-11,4500000260,0000100107,M040,HZL1,10654599,EUR
5100001360,2023-04-17,4500001772,0000100033,M005,IOD1,23540627,INR
5100001361,2024-07-28,4500000383,0000100036,M040,COG1,3214990,INR
5100001362,2023-04-28,4500001800,0000100033,M040,HZL1,4252164,INR
5100001363,2023-11-14,4500002250,0000100004,M013,HZL1,3011555,INR
5100001364,2023-09-12,4500003126,0000100044,M063,HZL1,1027718,INR
5100001365,2025-12-14,4500001890,0000100063,M012,HZL1,1904354,INR
5100001366,2024-11-19,4500002028,0000100144,M031,HZL1,7029351,EUR
5100001367,2023-08-16,4500002526,0000100077,M022,COG1,10612712,INR
5100001368,2024-08-22,4500002754,0000100095,M022,HZL1,4099772,INR
5100001369,2023-04-29,4500001905,0000100116,M032,STC1,4344221,INR
5100001370,2024-03-28,4500002495,0000100029,M050,COG1,2758297,INR
5100001371,2025-06-19,4500003193,0000100017,M009,BAL1,7934751,INR
5100001372,2023-12-26,4500000941,0000100112,M038,VAL1,18142013,INR
5100001373,2024-09-10,4500001112,0000100072,M040,IOD1,9511558,INR
5100001374,2023-04-24,4500002596,0000100154,M001,HZL1,47969526,INR
5100001375,2023-03-08,4500000694,0000100024,M031,VAL1,10419078,INR
5100001376,2025-01-14,4500002379,0000100013,M033,VAL1,3447261,INR
5100001377,2025-06-10,4500000193,0000100026,M010,COR1,6294581,INR
5100001378,2023-12-26,4500002320,0000100051,M015,VAL1,73184918,INR
5100001379,2024-07-21,4500003142,0000100020,M024,HZL1,10480580,INR
5100001380,2024-11-10,4500002998,0000100089,M011,COG1,4159315,INR
5100001381,2025-02-23,4500002174,0000100095,M043,IOD1,2458881,INR
5100001382,2023-11-30,4500000923,0000100110,M041,HZL1,31558176,INR
5100001383,2024-07-11,4500002855,0000100024,M002,VAL1,19223109,INR
5100001384,2024-09-02,4500002754,0000100146,M002,HZL1,29107973,INR
5100001385,2024-05-09,4500002405,0000100045,M022,COG1,2868242,INR
5100001386,2024-06-11,4500000985,0000100113,M007,VAL1,3255946,INR
5100001387,2025-05-28,4500001829,0000100068,M028,BAL1,5265924,INR
5100001388,2025-06-15,4500002517,0000100028,M033,HZL1,42117328,INR
5100001389,2024-08-27,4500001047,0000100086,M039,VAL1,44711622,INR
5100001390,2024-11-10,4500001832,0000100084,M059,VAL1,12035656,INR
5100001391,2025-04-25,4500002778,0000100146,M012,IOD1,6133337,INR
5100001392,2025-07-09,4500002494,0000100050,M041,IOD1,16695940,INR
5100001393,2024-01-03,4500002086,0000100058,M057,VAL1,4961211,EUR
5100001394,2025-01-07,4500003159,0000100031,M051,STC1,6778856,INR
5100001395,2023-10-13,4500000279,0000100150,M028,IOD1,4348490,INR
5100001396,2025-12-11,4500003100,0000100024,M011,VAL1,591331,INR
5100001397,2024-03-24,4500000357,0000100020,M022,STC1,8159093,INR
5100001398,2023-12-01,4500000451,0000100038,M048,STC1,483189,INR
5100001399,2025-09-29,4500002549,0000100040,M050,HZL1,617677,INR
5100001400,2024-07-18,4500000070,0000100076,M007,VAL1,1663331,USD
5100001401,2024-10-18,4500000912,0000100160,M020,HZL1,23255856,INR
5100001402,2024-06-23,4500000026,0000100106,M050,BAL1,767447,INR
5100001403,2024-02-25,4500000922,0000100127,M034,HZL1,14308583,INR
5100001404,2024-07-02,4500000806,0000100127,M009,HZL1,2441664,INR
5100001405,2023-08-20,4500000924,0000100088,M009,HZL1,643542,INR
5100001406,2023-12-03,4500001709,0000100085,M030,BAL1,6392656,INR
5100001407,2024-12-29,4500000220,0000100068,M006,IOD1,41129496,INR
5100001408,2025-09-17,4500002204,0000100043,M023,BAL1,9783789,EUR
5100001409,2024-04-27,4500001322,0000100145,M001,IOD1,35460787,INR
5100001410,2023-08-11,4500001866,0000100014,M044,VAL1,5513336,INR
5100001411,2025-03-08,4500002099,0000100146,M004,HZL1,23033249,INR
5100001412,2023-05-22,4500000359,0000100147,M010,STC1,995838,INR
5100001413,2024-06-04,4500002407,0000100135,M010,HZL1,2457140,INR
5100001414,2024-06-16,4500000283,0000100103,M002,STC1,43103840,INR
5100001415,2024-08-09,4500000121,0000100065,M054,HZL1,21496563,INR
5100001416,2025-08-10,4500000871,0000100142,M052,HZL1,19437606,EUR
5100001417,2023-02-15,4500000012,0000100044,M052,VAL1,12497257,INR
5100001418,2025-11-30,4500001956,0000100154,M007,STC1,1041415,INR
5100001419,2025-11-30,4500000519,0000100101,M013,COG1,1493547,INR
5100001420,2025-04-21,4500002167,0000100014,M061,HZL1,8097271,INR
5100001421,2024-11-07,4500001469,0000100159,M010,VAL1,2953948,INR
5100001422,2023-04-05,4500000250,0000100130,M004,COR1,20601570,INR
5100001423,2025-05-23,4500001074,0000100136,M040,STC1,4535882,INR
5100001424,2024-05-07,4500000496,0000100094,M045,VAL1,2112873,EUR
5100001425,2024-05-01,4500002702,0000100158,M036,VAL1,6883385,INR
5100001426,2023-06-23,4500002247,0000100044,M050,STC1,683754,INR
5100001427,2024-09-13,4500000094,0000100050,M011,STC1,5188890,INR
5100001428,2025-08-12,4500002759,0000100110,M052,HZL1,91500331,INR
5100001429,2024-09-10,4500000248,0000100102,M045,VAL1,11829438,USD
5100001430,2025-09-20,4500000885,0000100023,M032,COG1,12830003,INR
5100001431,2024-12-09,4500002574,0000100008,M042,HZL1,2668713,INR
5100001432,2025-05-08,4500002504,0000100096,M046,COG1,4047230,INR
5100001433,2023-12-01,4500001710,0000100113,M013,HZL1,6443745,INR
5100001434,2025-07-28,4500000820,0000100143,M048,HZL1,674031,INR
5100001435,2024-12-27,4500002074,0000100010,M033,VAL1,23270144,USD
5100001436,2025-02-22,4500000999,0000100024,M027,BAL1,2989039,INR
5100001437,2025-09-07,4500003157,0000100026,M040,HZL1,15678480,INR
5100001438,2025-06-22,4500002077,0000100039,M028,IOD1,3475689,EUR
5100001439,2025-05-27,4500001552,0000100055,M060,VAL1,3648709,EUR
5100001440,2025-04-22,4500001820,0000100154,M060,BAL1,2930219,INR
5100001441,2024-08-19,4500002870,0000100078,M032,HZL1,15456484,INR
5100001442,2025-03-05,4500003170,0000100054,M030,HZL1,6640832,EUR
5100001443,2024-04-20,4500001695,0000100145,M063,BAL1,1528714,INR
5100001444,2025-11-26,4500002995,0000100053,M001,VAL1,21442193,INR
5100001445,2025-07-11,4500001119,0000100131,M051,HZL1,5142970,INR
5100001446,2024-10-09,4500001069,0000100148,M042,HZL1,19737323,INR
5100001447,2024-08-12,4500001972,0000100059,M062,HZL1,5209847,INR
5100001448,2023-06-23,4500003048,0000100087,M005,STC1,48674578,INR
5100001449,2023-10-16,4500003056,0000100068,M011,HZL1,9521974,INR
5100001450,2025-01-21,4500000791,0000100050,M011,VAL1,4941941,INR
5100001451,2023-07-22,4500003286,0000100125,M044,VAL1,36554809,INR
5100001452,2025-11-08,4500000331,0000100038,M007,BAL1,6078769,INR
5100001453,2023-08-12,4500000032,0000100156,M006,HZL1,61710417,INR
5100001454,2023-04-05,4500001065,0000100095,M046,BAL1,6243723,INR
5100001455,2025-01-12,4500000810,0000100055,M024,HZL1,50068317,EUR
5100001456,2025-12-25,4500002564,0000100001,M044,STC1,4220177,INR
5100001457,2024-12-20,4500003097,0000100016,M040,IOD1,6933768,INR
5100001458,2024-10-08,4500002662,0000100098,M033,STC1,35165100,INR
5100001459,2023-04-12,4500000713,0000100119,M045,COG1,1646284,INR
5100001460,2025-01-15,4500002176,0000100103,M010,HZL1,7009240,INR
5100001461,2024-10-20,4500002216,0000100132,M036,COG1,55450496,INR
5100001462,2025-03-31,4500000058,0000100157,M028,HZL1,11488634,INR
5100001463,2023-07-03,4500000135,0000100127,M041,HZL1,5791302,INR
5100001464,2025-12-07,4500000498,0000100125,M023,HZL1,3721379,USD
5100001465,2025-03-05,4500000056,0000100101,M027,VAL1,5484324,INR
5100001466,2023-09-10,4500001372,0000100038,M012,BAL1,1920236,INR
5100001467,2023-11-19,4500001801,0000100050,M055,STC1,16388948,INR
5100001468,2024-05-31,4500002304,0000100095,M063,COG1,222543,INR
5100001469,2025-10-15,4500001406,0000100091,M008,BAL1,5985763,INR
5100001470,2024-11-28,4500000658,0000100160,M027,HZL1,9681740,INR
5100001471,2024-01-03,4500001556,0000100064,M029,BAL1,5603135,INR
5100001472,2024-10-16,4500003114,0000100043,M050,BAL1,879862,USD
5100001473,2024-11-07,4500003063,0000100061,M040,VAL1,21370068,INR
5100001474,2023-08-11,4500001833,0000100058,M034,HZL1,12529430,EUR
5100001475,2025-08-11,4500003128,0000100056,M027,BAL1,7331732,INR
5100001476,2023-05-07,4500000401,0000100101,M034,BAL1,15890069,INR
5100001477,2023-11-19,4500001543,0000100093,M023,IOD1,14427979,INR
5100001478,2025-07-25,4500002699,0000100123,M025,VAL1,16368431,EUR
5100001479,2024-04-07,4500003283,0000100007,M045,VAL1,10457718,INR
5100001480,2023-09-21,4500000817,0000100086,M011,VAL1,2654925,INR
5100001481,2023-11-27,4500001371,0000100138,M007,VAL1,464072,USD
5100001482,2025-05-21,4500000176,0000100028,M005,COR1,71405177,INR
5100001483,2024-09-20,4500002989,0000100120,M035,STC1,29604970,INR
5100001484,2023-08-18,4500001909,0000100086,M018,HZL1,50717591,INR
5100001485,2024-03-03,4500001110,0000100019,M055,BAL1,19536776,INR
5100001486,2023-08-02,4500001866,0000100018,M004,VAL1,17792835,INR
5100001487,2025-04-29,4500000034,0000100131,M014,COG1,19294115,INR
5100001488,2025-08-21,4500002403,0000100061,M041,VAL1,6480948,INR
5100001489,2023-10-18,4500001995,0000100102,M043,HZL1,1429380,EUR
5100001490,2024-11-13,4500000893,0000100090,M052,VAL1,8627671,INR
5100001491,2025-09-06,4500001449,0000100147,M026,STC1,7274977,INR
5100001492,2024-02-24,4500001401,0000100030,M028,COR1,4952653,INR
5100001493,2025-02-19,4500000513,0000100018,M005,HZL1,20516922,INR
5100001494,2025-01-29,4500001412,0000100013,M012,STC1,2009261,INR
5100001495,2025-12-18,4500001790,0000100099,M025,VAL1,4932653,INR
5100001496,2025-11-18,4500002995,0000100059,M011,VAL1,16633004,INR
5100001497,2023-11-12,4500002274,0000100095,M030,IOD1,6118766,INR
5100001498,2023-11-22,4500002154,0000100063,M048,VAL1,4256334,INR
5100001499,2025-04-20,4500002842,0000100004,M028,HZL1,28010329,INR
5100001500,2023-11-07,4500001770,0000100038,M047,HZL1,682685,INR
5100001501,2024-09-03,4500001934,0000100153,M006,VAL1,14222307,EUR
5100001502,2025-11-03,4500002866,0000100045,M050,VAL1,1906036,INR
5100001503,2024-06-04,4500000161,0000100050,M002,BAL1,16171028,INR
5100001504,2024-01-13,4500002410,0000100016,M005,HZL1,22396630,INR
5100001505,2025-08-10,4500000820,0000100040,M055,HZL1,4887249,INR
5100001506,2024-09-09,4500000836,0000100112,M057,HZL1,8544649,INR
5100001507,2024-02-23,4500001593,0000100028,M014,COG1,15585093,INR
5100001508,2024-10-09,4500001974,0000100160,M050,HZL1,4810318,INR
5100001509,2023-06-01,4500002224,0000100116,M027,HZL1,12501252,INR
5100001510,2023-04-14,4500001154,0000100050,M020,IOD1,87276328,INR
5100001511,2024-02-18,4500000205,0000100100,M031,VAL1,5059108,INR
5100001512,2025-09-13,4500002136,0000100112,M053,STC1,7201927,INR
5100001513,2025-11-08,4500000988,0000100013,M044,HZL1,4368048,INR
5100001514,2025-06-08,4500001139,0000100052,M024,COR1,9269283,INR
5100001515,2024-11-10,4500002583,0000100126,M063,COG1,683800,INR
5100001516,2023-12-17,4500000398,0000100026,M025,COG1,10320670,INR
5100001517,2024-01-13,4500002195,0000100018,M010,STC1,5123352,INR
5100001518,2025-09-20,4500001008,0000100073,M062,COR1,49035322,INR
5100001519,2023-03-08,4500000442,0000100116,M033,STC1,22535358,INR
5100001520,2023-02-22,4500003067,0000100061,M010,COR1,6532307,INR
5100001521,2023-06-09,4500001923,0000100097,M005,STC1,21048334,INR
5100001522,2025-02-28,4500000840,0000100026,M022,VAL1,10854934,INR
5100001523,2023-06-29,4500001268,0000100104,M004,HZL1,58130759,INR
5100001524,2023-09-08,4500001621,0000100132,M050,HZL1,763297,INR
5100001525,2023-03-24,4500001280,0000100129,M027,VAL1,31646480,INR
5100001526,2024-03-11,4500003311,0000100069,M040,VAL1,23565968,INR
5100001527,2023-07-18,4500000879,0000100053,M002,COG1,57217230,INR
5100001528,2024-07-12,4500002496,0000100136,M006,COG1,12711212,INR
5100001529,2023-07-17,4500002199,0000100071,M025,COG1,39924904,INR
5100001530,2023-11-20,4500000209,0000100136,M005,VAL1,58887198,INR
5100001531,2023-12-21,4500002096,0000100104,M021,IOD1,16662172,INR
5100001532,2023-05-11,4500002713,0000100140,M001,BAL1,12346661,INR
5100001533,2024-02-14,4500000471,0000100072,M030,VAL1,2232791,EUR
5100001534,2024-12-05,4500000170,0000100030,M025,VAL1,11795826,INR
5100001535,2025-11-11,4500003121,0000100103,M026,COG1,51932637,INR
5100001536,2024-11-07,4500000620,0000100112,M012,HZL1,1427476,INR
5100001537,2024-02-13,4500003203,0000100035,M026,STC1,8102234,INR
5100001538,2025-10-22,4500001251,0000100057,M028,VAL1,18240226,USD
5100001539,2023-08-31,4500000335,0000100020,M019,STC1,68352480,INR
5100001540,2024-06-07,4500000161,0000100110,M006,BAL1,146759942,INR
5100001541,2023-12-07,4500001533,0000100136,M036,HZL1,34134962,INR
5100001542,2025-10-25,4500001340,0000100027,M035,BAL1,29196935,INR
5100001543,2024-09-30,4500001718,0000100091,M046,BAL1,16707291,INR
5100001544,2023-02-26,4500002214,0000100113,M043,VAL1,555431,INR
5100001545,2025-08-17,4500002656,0000100018,M013,VAL1,10494027,INR
5100001546,2025-04-15,4500001055,0000100034,M044,VAL1,30464201,INR
5100001547,2025-07-02,4500000813,0000100030,M001,BAL1,17850632,INR
5100001548,2024-06-13,4500002889,0000100056,M008,VAL1,1973637,INR
5100001549,2024-02-25,4500003174,0000100088,M009,VAL1,1971766,INR
5100001550,2025-05-02,4500001095,0000100077,M008,COG1,2311987,INR
5100001551,2023-07-26,4500003226,0000100037,M049,HZL1,480784,USD
5100001552,2024-02-15,4500002418,0000100081,M039,HZL1,4892190,INR
5100001553,2023-07-25,4500001918,0000100084,M046,STC1,4475226,INR
5100001554,2025-07-11,4500000868,0000100070,M055,COG1,14969823,INR
5100001555,2025-01-03,4500001474,0000100081,M034,BAL1,20682744,INR
5100001556,2023-03-05,4500003253,0000100092,M008,HZL1,5349880,EUR
5100001557,2023-12-09,4500003054,0000100021,M001,VAL1,37986140,INR
5100001558,2025-11-19,4500001785,0000100065,M024,HZL1,12487945,INR
5100001559,2025-08-21,4500001153,0000100003,M014,BAL1,1494115,INR
5100001560,2024-07-28,4500000663,0000100158,M044,STC1,7888354,INR
5100001561,2024-07-04,4500001249,0000100147,M042,HZL1,10956769,INR
5100001562,2024-03-02,4500003275,0000100088,M005,BAL1,98701096,INR
5100001563,2023-10-03,4500000944,0000100020,M003,STC1,105973247,INR
5100001564,2023-04-09,4500001576,0000100150,M013,COR1,2574892,INR
5100001565,2024-05-03,4500000272,0000100115,M011,IOD1,2638634,INR
5100001566,2024-03-09,4500002865,0000100039,M024,COG1,11210540,INR
5100001567,2023-09-15,4500000008,0000100100,M057,COG1,1450459,INR
5100001568,2024-05-20,4500003297,0000100029,M014,HZL1,8270921,INR
5100001569,2023-09-08,4500001517,0000100154,M050,HZL1,1088340,INR
5100001570,2025-06-09,4500002545,0000100034,M046,VAL1,3551623,INR
5100001571,2025-01-22,4500003269,0000100081,M041,HZL1,14486316,INR
5100001572,2025-07-11,4500002456,0000100118,M049,HZL1,525842,INR
5100001573,2025-07-30,4500000353,0000100096,M044,COG1,9397447,INR
5100001574,2025-10-27,4500001319,0000100080,M047,STC1,1900263,USD
5100001575,2025-03-09,4500001204,0000100079,M044,HZL1,1350502,INR
5100001576,2023-11-28,4500002509,0000100017,M037,BAL1,31811913,INR
5100001577,2025-12-16,4500001382,0000100031,M012,IOD1,525958,INR
5100001578,2023-12-11,4500000119,0000100103,M036,VAL1,29060786,INR
5100001579,2023-08-22,4500001252,0000100021,M012,HZL1,1631399,INR
5100001580,2023-12-14,4500002632,0000100156,M050,HZL1,555206,EUR
5100001581,2025-04-17,4500001809,0000100081,M024,BAL1,11493622,INR
5100001582,2024-05-29,4500003060,0000100031,M023,STC1,14403438,INR
5100001583,2023-10-20,4500002102,0000100027,M050,COR1,4008054,INR
5100001584,2025-01-05,4500001620,0000100113,M012,IOD1,3332924,INR
5100001585,2023-07-23,4500003200,0000100016,M022,VAL1,24574568,INR
5100001586,2024-01-30,4500000943,0000100029,M016,HZL1,39069409,INR
5100001587,2023-08-15,4500002122,0000100145,M040,HZL1,2160814,INR
5100001588,2024-01-13,4500000691,0000100041,M050,BAL1,972265,INR
5100001589,2024-06-25,4500000670,0000100102,M053,HZL1,28878762,USD
5100001590,2023-06-25,4500000322,0000100117,M011,STC1,4869804,INR
5100001591,2025-11-17,4500001956,0000100100,M063,STC1,1349523,INR
5100001592,2025-02-10,4500000999,0000100052,M018,BAL1,127321385,INR
5100001593,2025-12-09,4500000527,0000100011,M006,HZL1,27185100,EUR
5100001594,2024-08-10,4500001635,0000100095,M012,COG1,611694,INR
5100001595,2024-03-08,4500001110,0000100160,M021,BAL1,8737150,INR
5100001596,2024-12-01,4500001895,0000100045,M024,HZL1,18489033,INR
5100001597,2024-03-04,4500003275,0000100053,M047,BAL1,527697,INR
5100001598,2023-05-15,4500001451,0000100146,M006,VAL1,48442576,INR
5100001599,2024-08-07,4500002555,0000100033,M037,BAL1,11890333,INR
5100001600,2024-05-09,4500002076,0000100124,M004,VAL1,24266385,INR
5100001601,2023-08-06,4500002317,0000100002,M040,VAL1,1990432,INR
5100001602,2024-08-22,4500002579,0000100058,M061,VAL1,14623986,EUR
5100001603,2025-11-11,4500000563,0000100057,M021,IOD1,7480305,INR
5100001604,2025-08-12,4500000274,0000100086,M026,BAL1,5419485,INR
5100001605,2023-09-03,4500002232,0000100073,M049,BAL1,4283668,INR
5100001606,2025-12-15,4500002938,0000100151,M047,VAL1,1288129,INR
5100001607,2023-02-15,4500002377,0000100063,M011,STC1,7588993,INR
5100001608,2023-09-15,4500001816,0000100157,M010,VAL1,2021538,INR
5100001609,2025-10-06,4500002990,0000100066,M012,COG1,1408137,EUR
5100001610,2023-07-08,4500002430,0000100130,M003,IOD1,9159530,INR
5100001611,2024-07-11,4500000122,0000100121,M027,VAL1,19612278,INR
5100001612,2025-11-30,4500001094,0000100118,M004,HZL1,41954530,INR
5100001613,2024-06-22,4500000763,0000100146,M026,HZL1,16323616,INR
5100001614,2025-01-13,4500003208,0000100111,M004,COG1,29060029,USD
5100001615,2023-02-18,4500001957,0000100027,M049,COG1,698087,INR
5100001616,2025-01-03,4500002140,0000100015,M023,VAL1,21202245,INR
5100001617,2024-02-25,4500002883,0000100159,M013,BAL1,6105924,INR
5100001618,2023-08-13,4500002943,0000100148,M009,HZL1,8076386,INR
5100001619,2024-10-17,4500001356,0000100045,M042,STC1,15823842,INR
5100001620,2024-03-19,4500002766,0000100050,M035,HZL1,33942665,INR
5100001621,2024-10-13,4500002031,0000100063,M014,HZL1,3334594,INR
5100001622,2023-07-22,4500003200,0000100118,M043,VAL1,7823482,INR
5100001623,2024-08-09,4500003238,0000100122,M050,COG1,5114018,USD
5100001624,2023-03-02,4500002360,0000100146,M031,VAL1,28108640,INR
5100001625,2024-05-31,4500000379,0000100021,M028,HZL1,2936811,INR
5100001626,2025-04-19,4500003303,0000100152,M063,BAL1,133372,EUR
5100001627,2024-03-13,4500003203,0000100091,M051,STC1,13648725,INR
5100001628,2023-05-16,4500001699,0000100068,M004,COG1,23983626,INR
5100001629,2025-01-18,4500002613,0000100032,M049,STC1,1026557,EUR
5100001630,2023-05-30,4500003219,0000100134,M044,COR1,2743572,INR
5100001631,2023-09-20,4500002246,0000100004,M054,COR1,798905,INR
5100001632,2023-08-13,4500002266,0000100041,M022,HZL1,15927624,INR
5100001633,2025-02-05,4500002480,0000100144,M025,HZL1,9418702,INR
5100001634,2024-02-08,4500002603,0000100123,M025,HZL1,19446844,USD
5100001635,2025-06-25,4500000951,0000100084,M007,VAL1,1383612,INR
5100001636,2025-04-16,4500002778,0000100146,M028,IOD1,8993937,INR
5100001637,2024-08-09,4500001635,0000100042,M047,COG1,937973,INR
5100001638,2023-04-16,4500001215,0000100090,M036,HZL1,16613721,INR
5100001639,2024-07-15,4500000747,0000100029,M059,HZL1,40764954,INR
5100001640,2023-10-09,4500002441,0000100090,M027,HZL1,4886621,INR
5100001641,2024-12-22,4500001226,0000100070,M006,COG1,17650861,INR
5100001642,2024-01-05,4500000644,0000100023,M014,HZL1,3218958,INR
5100001643,2024-01-22,4500000515,0000100128,M036,HZL1,22161545,USD
5100001644,2025-11-09,4500001659,0000100063,M047,BAL1,921223,INR
5100001645,2024-03-21,4500003082,0000100004,M047,HZL1,1006797,INR
5100001646,2025-08-12,4500001632,0000100026,M010,HZL1,3162331,INR
5100001647,2024-11-17,4500001889,0000100087,M028,VAL1,12456586,INR
5100001648,2025-12-01,4500002121,0000100080,M048,VAL1,186861,EUR
5100001649,2023-02-06,4500001957,0000100011,M040,COG1,11507933,EUR
5100001650,2024-09-28,4500002757,0000100014,M021,HZL1,33895557,INR
5100001651,2024-02-05,4500000190,0000100124,M004,STC1,10358845,INR
5100001652,2023-02-04,4500000589,0000100094,M009,BAL1,5040145,USD
5100001653,2025-09-06,4500000274,0000100120,M006,BAL1,6855057,INR
5100001654,2025-10-26,4500001653,0000100031,M006,VAL1,20827433,INR
5100001655,2025-08-20,4500002714,0000100020,M005,HZL1,42816412,INR
5100001656,2025-07-07,4500002013,0000100047,M032,STC1,7771099,INR
5100001657,2024-06-14,4500002475,0000100143,M031,STC1,22365843,INR
5100001658,2023-09-10,4500001372,0000100100,M030,BAL1,20632490,INR
5100001659,2024-02-13,4500001368,0000100004,M001,COG1,15705097,INR
5100001660,2024-02-20,4500002698,0000100007,M003,VAL1,48411255,INR
5100001661,2024-09-03,4500001802,0000100118,M001,VAL1,36147726,INR
5100001662,2025-10-03,4500002845,0000100015,M040,BAL1,6439811,INR
5100001663,2023-08-03,4500001833,0000100126,M030,HZL1,21186797,INR
5100001664,2024-07-14,4500000726,0000100095,M039,STC1,677067,INR
5100001665,2025-05-30,4500002734,0000100103,M057,VAL1,7766795,INR
5100001666,2023-12-04,4500000412,0000100074,M009,STC1,3523341,EUR
5100001667,2025-11-18,4500002257,0000100069,M041,VAL1,4840727,INR
5100001668,2025-03-15,4500001184,0000100149,M049,COR1,1214093,INR
5100001669,2024-06-19,4500001826,0000100037,M002,COG1,65090668,INR
5100001670,2024-08-29,4500001087,0000100124,M007,STC1,1315914,INR
5100001671,2025-07-19,4500002239,0000100146,M058,COG1,29184889,INR
5100001672,2025-07-12,4500002711,0000100037,M047,HZL1,900082,EUR
5100001673,2023-05-01,4500003277,0000100143,M059,HZL1,17667629,INR
5100001674,2023-05-19,4500002932,0000100065,M004,STC1,62230037,INR
5100001675,2025-10-25,4500000767,0000100018,M004,STC1,26313961,INR
5100001676,2023-04-26,4500002780,0000100160,M022,COG1,10828702,INR
5100001677,2023-06-08,4500001994,0000100137,M015,COG1,62403529,USD
5100001678,2023-07-23,4500001685,0000100004,M035,HZL1,16833465,INR
5100001679,2023-04-04,4500003315,0000100004,M032,STC1,2808093,INR
5100001680,2023-12-14,4500001841,0000100068,M031,HZL1,4612907,INR
5100001681,2023-01-25,4500001205,0000100023,M012,HZL1,2933374,INR
5100001682,2024-08-29,4500001128,0000100140,M009,VAL1,379052,INR
5100001683,2025-05-03,4500001911,0000100044,M060,BAL1,8929641,INR
5100001684,2025-04-16,4500001669,0000100053,M001,HZL1,37269602,INR
5100001685,2023-07-23,4500002756,0000100152,M010,COG1,3378658,USD
5100001686,2024-02-06,4500000980,0000100090,M040,BAL1,3413515,INR
5100001687,2025-08-31,4500001077,0000100160,M006,HZL1,125325603,INR
5100001688,2024-09-03,4500001203,0000100107,M022,HZL1,11474027,EUR
5100001689,2023-03-23,4500002187,0000100146,M022,HZL1,20020437,INR
5100001690,2023-08-25,4500000391,0000100078,M006,COG1,19029002,INR
5100001691,2025-09-13,4500000416,0000100120,M046,VAL1,1417918,INR
5100001692,2024-08-11,4500002555,0000100003,M030,BAL1,7639756,INR
5100001693,2025-09-25,4500002767,0000100115,M062,COR1,2201015,INR
5100001694,2025-01-07,4500000798,0000100080,M014,COG1,1811784,USD
5100001695,2025-06-14,4500000211,0000100052,M013,HZL1,4209136,INR
5100001696,2025-02-07,4500001272,0000100017,M025,COG1,8055952,INR
5100001697,2025-08-17,4500000031,0000100121,M008,STC1,3174164,INR
5100001698,2024-04-05,4500000857,0000100134,M035,HZL1,23861258,INR
5100001699,2025-03-09,4500002223,0000100135,M046,IOD1,2839427,INR
5100001700,2025-10-18,4500001785,0000100032,M040,HZL1,9028524,INR
5100001701,2025-01-10,4500001187,0000100038,M033,VAL1,30086293,INR
5100001702,2024-09-23,4500003192,0000100079,M011,STC1,2516857,INR
5100001703,2024-07-03,4500002245,0000100132,M016,HZL1,37138438,INR
5100001704,2023-02-13,4500002884,0000100088,M004,COG1,25407022,INR
5100001705,2023-05-24,4500000487,0000100021,M009,HZL1,2558296,INR
5100001706,2024-04-19,4500001678,0000100034,M022,COG1,10256627,INR
5100001707,2024-04-08,4500001778,0000100131,M023,STC1,11424035,INR
5100001708,2023-10-27,4500000289,0000100003,M014,VAL1,6266646,INR
5100001709,2023-04-11,4500000595,0000100137,M035,HZL1,24932397,INR
5100001710,2024-11-01,4500002695,0000100047,M003,VAL1,58552655,INR
5100001711,2024-01-29,4500002251,0000100003,M027,HZL1,8813186,INR
5100001712,2023-12-26,4500002420,0000100116,M040,COG1,3782310,INR
5100001713,2024-08-30,4500002060,0000100017,M051,HZL1,8445352,INR
5100001714,2023-12-07,4500002481,0000100098,M011,VAL1,756125,INR
5100001715,2024-04-22,4500001837,0000100132,M041,HZL1,5649607,INR
5100001716,2023-08-23,4500001364,0000100134,M001,STC1,19511549,INR
5100001717,2025-11-28,4500001835,0000100151,M026,HZL1,10255352,INR
5100001718,2023-02-24,4500002588,0000100089,M032,COR1,9053853,INR
5100001719,2023-08-10,4500002921,0000100026,M008,VAL1,2098956,INR
5100001720,2023-07-17,4500001685,0000100009,M008,HZL1,19771001,EUR
5100001721,2023-09-25,4500000775,0000100040,M039,VAL1,14836204,INR
5100001722,2024-07-03,4500003228,0000100023,M003,COG1,15008472,INR
5100001723,2025-02-25,4500003000,0000100130,M029,COR1,15508577,INR
5100001724,2024-07-05,4500000670,0000100013,M008,HZL1,1901280,INR
5100001725,2023-11-09,4500000412,0000100044,M017,STC1,105408435,INR
5100001726,2023-01-20,4500001276,0000100160,M027,HZL1,15141955,INR
5100001727,2024-06-13,4500002772,0000100120,M031,BAL1,7027404,INR
5100001728,2023-08-08,4500000920,0000100134,M043,COG1,2099612,INR
5100001729,2025-03-19,4500001524,0000100140,M041,COG1,7298747,INR
5100001730,2024-03-06,4500002715,0000100059,M040,VAL1,7906836,INR
5100001731,2023-12-03,4500002582,0000100064,M008,BAL1,7127358,INR
5100001732,2024-07-18,4500003115,0000100145,M025,BAL1,4947565,INR
5100001733,2025-01-16,4500001542,0000100056,M032,IOD1,3006111,INR
5100001734,2024-03-23,4500001592,0000100004,M003,HZL1,41110286,INR
5100001735,2023-06-02,4500002423,0000100048,M021,STC1,6038652,EUR
5100001736,2023-12-05,4500000020,0000100059,M041,HZL1,1796047,INR
5100001737,2023-09-03,4500002439,0000100119,M048,COR1,804390,INR
5100001738,2025-03-30,4500002952,0000100011,M005,HZL1,125956650,EUR
5100001739,2023-11-30,4500002303,0000100087,M022,HZL1,14044526,INR
5100001740,2025-12-22,4500000741,0000100141,M035,COR1,45838651,INR
5100001741,2024-06-28,4500000763,0000100154,M021,HZL1,3068977,INR
5100001742,2024-09-09,4500001255,0000100126,M041,COG1,5891599,INR
5100001743,2025-08-07,4500001739,0000100038,M057,HZL1,12679944,INR
5100001744,2024-03-25,4500001284,0000100068,M002,HZL1,26346967,INR
5100001745,2025-12-24,4500001470,0000100045,M065,HZL1,2335582,INR
5100001746,2024-06-17,4500002129,0000100063,M007,HZL1,1888964,INR
5100001747,2025-07-26,4500001181,0000100049,M013,HZL1,5372734,EUR
5100001748,2024-08-18,4500002415,0000100158,M032,STC1,24565076,INR
5100001749,2025-07-14,4500002927,0000100109,M009,BAL1,2548131,INR
5100001750,2025-10-15,4500001251,0000100064,M021,VAL1,16522742,INR
5100001751,2024-07-21,4500000646,0000100115,M013,VAL1,4528844,INR
5100001752,2024-06-16,4500002162,0000100160,M003,VAL1,11561587,INR
5100001753,2025-12-01,4500002642,0000100143,M009,COR1,4424310,INR
5100001754,2023-03-18,4500002665,0000100154,M007,STC1,3007491,INR
5100001755,2024-11-07,4500002087,0000100081,M020,HZL1,103318611,INR
5100001756,2023-04-29,4500000709,0000100023,M053,COG1,18857657,INR
5100001757,2024-06-12,4500000409,0000100096,M050,COG1,839940,INR
5100001758,2024-12-24,4500001760,0000100089,M008,HZL1,909017,INR
5100001759,2023-07-15,4500000879,0000100135,M019,COG1,33876372,INR
5100001760,2023-10-28,4500001574,0000100139,M009,HZL1,8129409,INR
5100001761,2023-08-22,4500002941,0000100068,M040,HZL1,5211882,INR
5100001762,2025-06-08,4500000210,0000100145,M002,HZL1,6906263,INR
5100001763,2023-05-29,4500001164,0000100108,M001,STC1,120138806,INR
5100001764,2025-06-29,4500001549,0000100101,M048,BAL1,303610,INR
5100001765,2025-04-04,4500001299,0000100020,M031,BAL1,25111653,INR
5100001766,2024-09-14,4500003146,0000100129,M035,HZL1,15728727,INR
5100001767,2024-07-14,4500000500,0000100069,M042,STC1,1455098,INR
5100001768,2024-11-29,4500001975,0000100089,M015,COG1,30926804,INR
5100001769,2023-03-01,4500002800,0000100082,M014,HZL1,2327095,INR
5100001770,2024-08-18,4500000153,0000100071,M028,VAL1,8713708,INR
5100001771,2023-07-24,4500001520,0000100105,M039,VAL1,855229,EUR
5100001772,2024-12-29,4500002846,0000100018,M008,STC1,3367823,INR
5100001773,2024-12-18,4500001311,0000100001,M013,HZL1,3298826,INR
5100001774,2025-01-23,4500000874,0000100124,M065,VAL1,1101281,INR
5100001775,2025-01-25,4500003176,0000100100,M034,HZL1,11803486,INR
5100001776,2024-07-07,4500003142,0000100135,M014,HZL1,2274965,INR
5100001777,2024-02-07,4500000669,0000100026,M010,COG1,4079697,INR
5100001778,2024-09-21,4500001020,0000100001,M010,HZL1,15336594,INR
5100001779,2023-12-26,4500002925,0000100023,M037,HZL1,13699128,INR
5100001780,2023-12-09,4500002751,0000100113,M010,HZL1,500710,INR
5100001781,2023-04-23,4500000709,0000100037,M007,COG1,4608271,INR
5100001782,2025-03-13,4500000235,0000100113,M029,VAL1,8588880,INR
5100001783,2025-07-12,4500001114,0000100057,M002,STC1,30993398,EUR
5100001784,2023-09-09,4500001201,0000100116,M031,VAL1,4633530,INR
5100001785,2024-05-28,4500002980,0000100059,M013,BAL1,19505771,INR
5100001786,2024-04-08,4500000645,0000100023,M059,VAL1,13818887,INR
5100001787,2025-04-23,4500002901,0000100078,M047,STC1,1011983,INR
5100001788,2023-09-29,4500001003,0000100099,M046,HZL1,1009794,INR
5100001789,2024-05-15,4500003042,0000100094,M044,HZL1,6667789,USD
5100001790,2024-10-20,4500001132,0000100068,M054,BAL1,14997747,INR
5100001791,2024-06-09,4500000343,0000100085,M013,COR1,494567,INR
5100001792,2023-11-04,4500001274,0000100124,M046,STC1,21324430,INR
5100001793,2025-04-03,4500001752,0000100135,M008,HZL1,4297203,INR
5100001794,2024-08-30,4500002880,0000100091,M037,VAL1,106524706,INR
5100001795,2023-05-08,4500001451,0000100126,M055,VAL1,7401943,INR
5100001796,2025-10-27,4500001291,0000100137,M005,HZL1,39848207,USD
5100001797,2023-05-04,4500002064,0000100071,M006,VAL1,39013633,INR
5100001798,2025-04-10,4500003104,0000100127,M051,HZL1,7263528,INR
5100001799,2025-09-17,4500002305,0000100072,M010,COG1,3483580,INR
5100001800,2025-08-12,4500002178,0000100153,M040,VAL1,4633326,INR
5100001801,2025-03-29,4500002451,0000100098,M038,HZL1,154978975,INR
5100001802,2025-07-26,4500001999,0000100135,M010,BAL1,4450733,INR
5100001803,2023-03-09,4500002214,0000100032,M014,VAL1,2538925,EUR
5100001804,2024-04-07,4500002343,0000100041,M058,COG1,2634847,INR
5100001805,2024-05-15,4500000608,0000100050,M033,STC1,34322233,INR
5100001806,2024-02-17,4500001240,0000100151,M055,HZL1,7226859,INR
5100001807,2024-08-14,4500001821,0000100030,M016,STC1,13736386,INR
5100001808,2025-11-11,4500003211,0000100053,M034,HZL1,32124510,INR
5100001809,2024-05-30,4500000060,0000100106,M027,VAL1,12708102,INR
5100001810,2025-05-10,4500003140,0000100046,M027,HZL1,26907764,INR
5100001811,2024-03-06,4500001368,0000100085,M030,COG1,7279740,INR
5100001812,2025-12-18,4500000560,0000100109,M014,VAL1,9672482,INR
5100001813,2025-01-24,4500001727,0000100135,M022,HZL1,9157347,INR
5100001814,2025-01-01,4500002103,0000100130,M042,STC1,24760950,INR
5100001815,2023-12-09,4500000634,0000100013,M001,COR1,17846783,INR
5100001816,2024-09-14,4500000945,0000100148,M065,HZL1,190153,INR
5100001817,2025-09-17,4500000476,0000100155,M026,VAL1,17092884,EUR
5100001818,2024-09-13,4500001740,0000100138,M028,COG1,25570828,INR
5100001819,2025-01-27,4500001630,0000100099,M039,HZL1,3695025,INR
5100001820,2024-12-09,4500002058,0000100021,M042,VAL1,10723923,INR
5100001821,2023-04-13,4500002780,0000100115,M047,COG1,3434822,INR
5100001822,2025-06-03,4500001167,0000100056,M043,VAL1,14017643,USD
5100001823,2025-06-12,4500001432,0000100147,M010,STC1,3496245,INR
5100001824,2024-08-19,4500003085,0000100001,M002,HZL1,109767593,INR
5100001825,2024-12-14,4500003177,0000100054,M001,HZL1,56115504,USD
5100001826,2025-11-17,4500001581,0000100028,M003,BAL1,16754526,INR
5100001827,2023-12-13,4500003139,0000100027,M058,BAL1,44055377,INR
5100001828,2024-09-21,4500002667,0000100009,M055,COG1,1174863,EUR
5100001829,2025-07-03,4500000182,0000100103,M034,COR1,89703279,INR
5100001830,2023-02-18,4500002636,0000100126,M057,HZL1,24697660,INR
5100001831,2025-11-27,4500001178,0000100148,M014,HZL1,6706889,INR
5100001832,2024-07-14,4500002245,0000100014,M010,HZL1,1761979,INR
5100001833,2025-11-20,4500000822,0000100047,M012,HZL1,7442110,INR
5100001834,2025-08-09,4500000537,0000100009,M042,VAL1,20933886,USD
5100001835,2024-08-19,4500000288,0000100048,M004,STC1,78528207,USD
5100001836,2024-03-13,4500002715,0000100003,M043,VAL1,3335769,INR
5100001837,2025-06-09,4500002873,0000100017,M055,COR1,5529246,INR
5100001838,2023-12-07,4500001031,0000100096,M035,BAL1,109569504,INR
5100001839,2025-05-03,4500001911,0000100151,M020,BAL1,179898253,INR
5100001840,2023-05-20,4500001453,0000100144,M029,HZL1,1766339,EUR
5100001841,2024-12-16,4500001895,0000100005,M034,HZL1,62663518,INR
5100001842,2025-11-15,4500002455,0000100036,M048,VAL1,450666,INR
5100001843,2025-11-07,4500000639,0000100044,M021,VAL1,5330622,INR
5100001844,2023-03-18,4500002128,0000100096,M064,COG1,1393367,INR
5100001845,2025-01-10,4500002074,0000100106,M057,VAL1,5364058,INR
5100001846,2023-06-30,4500002899,0000100127,M050,STC1,804258,INR
5100001847,2023-09-01,4500001080,0000100055,M054,HZL1,4964426,INR
5100001848,2025-04-22,4500001758,0000100005,M003,VAL1,8601082,INR
5100001849,2025-11-23,4500000438,0000100120,M012,HZL1,2095202,INR
5100001850,2024-02-22,4500002970,0000100029,M056,VAL1,7540812,INR
5100001851,2024-10-01,4500002485,0000100148,M059,HZL1,6773810,INR
5100001852,2024-10-14,4500001344,0000100121,M003,HZL1,51617922,INR
5100001853,2024-10-11,4500000501,0000100090,M009,HZL1,3274797,INR
5100001854,2024-03-04,4500000147,0000100031,M003,HZL1,40875012,INR
5100001855,2025-08-12,4500003128,0000100071,M014,BAL1,4903266,INR
5100001856,2023-10-11,4500002818,0000100053,M022,COR1,12939320,INR
5100001857,2023-11-30,4500001631,0000100046,M010,HZL1,6264979,INR
5100001858,2024-11-05,4500003134,0000100138,M006,VAL1,44345675,EUR
5100001859,2025-01-17,4500002140,0000100126,M045,VAL1,4850407,INR
5100001860,2024-11-27,4500000102,0000100009,M011,HZL1,446801,USD
5100001861,2024-01-27,4500003020,0000100082,M049,HZL1,685487,INR
5100001862,2025-05-12,4500002367,0000100080,M006,HZL1,11114511,USD
5100001863,2025-12-17,4500003227,0000100068,M039,BAL1,14121908,INR
5100001864,2023-11-29,4500001604,0000100124,M003,HZL1,11519511,INR
5100001865,2025-11-29,4500001063,0000100106,M013,HZL1,4886813,INR
5100001866,2025-10-29,4500002933,0000100045,M028,COG1,21352572,INR
5100001867,2025-12-24,4500001408,0000100121,M047,VAL1,4491661,INR
5100001868,2023-10-19,4500000066,0000100118,M016,HZL1,26638854,INR
5100001869,2023-10-18,4500000955,0000100136,M027,VAL1,4879251,INR
5100001870,2024-09-24,4500000973,0000100020,M010,COG1,2172181,INR
5100001871,2024-08-08,4500001488,0000100158,M009,COG1,2049320,INR
5100001872,2025-11-28,4500000112,0000100109,M011,COG1,2378003,INR
5100001873,2023-12-26,4500003054,0000100093,M018,VAL1,60022610,USD
5100001874,2024-04-14,4500000907,0000100035,M022,BAL1,3552932,INR
5100001875,2025-08-30,4500001568,0000100099,M012,IOD1,3830196,INR
5100001876,2023-07-27,4500001515,0000100120,M035,HZL1,38861160,INR
5100001877,2025-03-22,4500002315,0000100001,M037,IOD1,37233442,INR
5100001878,2024-09-28,4500002273,0000100050,M013,HZL1,2179320,INR
5100001879,2023-12-27,4500001133,0000100008,M001,STC1,18349958,EUR
5100001880,2023-05-08,4500003147,0000100009,M033,COG1,16836570,INR
5100001881,2023-05-27,4500001985,0000100073,M055,HZL1,15834417,INR
5100001882,2025-01-19,4500002749,0000100147,M046,VAL1,3334289,INR
5100001883,2024-12-29,4500000834,0000100073,M045,VAL1,6883879,INR
5100001884,2025-08-05,4500001979,0000100002,M013,HZL1,3606065,INR
5100001885,2025-12-13,4500000115,0000100035,M044,COR1,3883724,INR
5100001886,2023-12-19,4500000785,0000100028,M025,VAL1,18289419,INR
5100001887,2025-01-25,4500003269,0000100091,M024,HZL1,6657887,INR
5100001888,2025-03-24,4500001038,0000100086,M026,COR1,20206131,INR
5100001889,2024-06-20,4500001856,0000100019,M009,STC1,1328833,INR
5100001890,2025-09-27,4500000157,0000100003,M012,HZL1,2239689,INR
5100001891,2024-01-15,4500000650,0000100096,M030,VAL1,34890482,INR
5100001892,2025-03-11,4500003222,0000100004,M039,STC1,14700187,INR
5100001893,2024-02-25,4500002637,0000100129,M040,VAL1,19053688,INR
5100001894,2023-06-07,4500002703,0000100149,M047,BAL1,858616,INR
5100001895,2024-04-14,4500002720,0000100055,M031,HZL1,4568881,INR
5100001896,2023-02-28,4500001688,0000100031,M010,COG1,3119858,INR
5100001897,2025-12-09,4500000741,0000100120,M005,COR1,24414321,INR
5100001898,2024-12-24,4500003073,0000100147,M035,VAL1,50152949,INR
5100001899,2023-07-10,4500001666,0000100132,M042,BAL1,13464734,INR
5100001900,2025-02-08,4500001565,0000100007,M033,IOD1,14402394,INR
5100001901,2025-04-16,4500003076,0000100076,M051,COG1,10474029,USD
5100001902,2024-12-07,4500000881,0000100020,M056,IOD1,2674086,INR
5100001903,2024-09-14,4500000139,0000100044,M003,IOD1,78088773,INR
5100001904,2024-11-13,4500000678,0000100071,M053,VAL1,7634552,INR
5100001905,2024-08-26,4500002468,0000100043,M021,HZL1,22895109,INR
5100001906,2025-10-27,4500000281,0000100141,M050,VAL1,1174983,INR
5100001907,2023-04-30,4500001477,0000100021,M003,HZL1,42521412,INR
5100001908,2023-06-11,4500002310,0000100116,M020,VAL1,14911275,INR
5100001909,2025-04-03,4500000990,0000100103,M011,VAL1,2387044,INR
5100001910,2025-10-29,4500001835,0000100152,M003,HZL1,12393570,INR
5100001911,2024-10-07,4500000187,0000100053,M031,HZL1,5599806,INR
5100001912,2024-02-06,4500001490,0000100060,M036,VAL1,26718166,EUR
5100001913,2024-05-25,4500003297,0000100046,M056,HZL1,3419159,INR
5100001914,2023-12-08,4500001604,0000100132,M052,HZL1,5680864,INR
5100001915,2024-03-28,4500002750,0000100118,M035,STC1,14460193,INR
5100001916,2024-03-18,4500002598,0000100143,M012,COG1,1700789,INR
5100001917,2025-06-22,4500002456,0000100132,M011,HZL1,6813682,INR
5100001918,2024-01-27,4500001316,0000100085,M006,HZL1,61165014,INR
5100001919,2024-12-26,4500000887,0000100134,M008,HZL1,10532026,INR
5100001920,2024-04-08,4500003153,0000100027,M011,IOD1,1364368,INR
5100001921,2023-04-23,4500000606,0000100095,M012,STC1,975862,INR
5100001922,2024-05-31,4500000902,0000100154,M061,VAL1,2661681,INR
5100001923,2024-03-02,4500001593,0000100030,M041,COG1,12373192,INR
5100001924,2023-04-16,4500000957,0000100016,M042,HZL1,7182950,INR
5100001925,2023-10-24,4500000898,0000100106,M020,VAL1,14130913,INR
5100001926,2025-12-04,4500001956,0000100107,M027,STC1,6863740,INR
5100001927,2025-05-13,4500001457,0000100093,M021,BAL1,17597565,EUR
5100001928,2024-10-15,4500001102,0000100160,M029,VAL1,29207129,INR
5100001929,2024-11-28,4500002395,0000100051,M049,STC1,310763,INR
5100001930,2025-09-08,4500002055,0000100140,M009,COR1,2250762,INR
5100001931,2024-11-21,4500002877,0000100059,M031,VAL1,17444303,INR
5100001932,2023-05-02,4500001585,0000100149,M053,VAL1,32308282,INR
5100001933,2025-02-18,4500001944,0000100040,M004,HZL1,10927859,INR
5100001934,2025-07-31,4500002656,0000100100,M039,VAL1,2252375,INR
5100001935,2025-07-29,4500003050,0000100151,M043,HZL1,9686890,INR
5100001936,2025-09-02,4500000934,0000100128,M013,HZL1,900733,USD
5100001937,2025-09-16,4500001329,0000100092,M008,STC1,3989728,USD
5100001938,2023-11-24,4500000230,0000100003,M028,HZL1,22019973,INR
5100001939,2023-12-02,4500002326,0000100057,M014,VAL1,4686818,USD
5100001940,2023-08-19,4500003031,0000100117,M025,BAL1,12603579,INR
5100001941,2025-06-15,4500002145,0000100121,M052,VAL1,42288967,INR
5100001942,2023-08-22,4500002115,0000100133,M058,BAL1,14777735,INR
5100001943,2025-10-23,4500000977,0000100109,M007,BAL1,15930702,INR
5100001944,2023-12-29,4500002158,0000100100,M001,BAL1,47967165,INR
5100001945,2025-07-31,4500001424,0000100109,M013,HZL1,1961986,INR
5100001946,2024-05-31,4500000826,0000100028,M013,STC1,10767141,INR
5100001947,2025-04-21,4500002167,0000100020,M004,HZL1,5317238,INR
5100001948,2024-03-17,4500001089,0000100158,M043,COG1,2088858,INR
5100001949,2025-06-22,4500000554,0000100085,M038,VAL1,10453252,INR
5100001950,2025-01-30,4500001388,0000100032,M031,COG1,9104979,USD
5100001951,2023-05-15,4500002672,0000100067,M044,COG1,11224960,INR
5100001952,2023-11-02,4500000356,0000100082,M027,COG1,19236381,INR
5100001953,2025-10-26,4500003121,0000100107,M004,COG1,34144813,USD
5100001954,2023-11-17,4500002080,0000100085,M039,IOD1,19587900,INR
5100001955,2024-12-17,4500000664,0000100046,M027,HZL1,1402227,INR
5100001956,2023-11-08,4500000155,0000100034,M008,VAL1,4309150,INR
5100001957,2023-06-30,4500000068,0000100140,M018,HZL1,24804452,INR
5100001958,2025-09-04,4500000037,0000100136,M014,HZL1,1641334,INR
5100001959,2025-02-24,4500001597,0000100154,M009,STC1,13401437,INR
5100001960,2024-07-20,4500000266,0000100103,M023,VAL1,14071166,INR
5100001961,2023-04-01,4500001576,0000100088,M008,COR1,1771159,INR
5100001962,2023-04-19,4500002104,0000100020,M042,VAL1,5836528,INR
5100001963,2024-08-09,4500002468,0000100081,M022,HZL1,25345634,INR
5100001964,2024-06-26,4500001654,0000100108,M012,HZL1,1164874,INR
5100001965,2023-08-13,4500003287,0000100131,M006,HZL1,29758697,INR
5100001966,2025-08-02,4500000365,0000100023,M014,IOD1,308300,INR
5100001967,2024-07-12,4500001277,0000100054,M014,IOD1,1868195,EUR
5100001968,2025-11-30,4500002898,0000100089,M039,COG1,3891813,INR
5100001969,2025-02-12,4500000483,0000100093,M052,COR1,7661355,EUR
5100001970,2023-11-23,4500002326,0000100090,M002,VAL1,23523450,INR
5100001971,2025-11-19,4500001720,0000100092,M056,VAL1,5341251,EUR
5100001972,2023-12-19,4500002962,0000100119,M010,VAL1,3319404,INR
5100001973,2025-06-27,4500002824,0000100113,M014,HZL1,6324287,INR
5100001974,2024-09-03,4500000773,0000100027,M046,VAL1,1964505,INR
5100001975,2025-02-08,4500001879,0000100122,M018,COR1,44737588,INR
5100001976,2025-05-15,4500001037,0000100034,M011,VAL1,1107174,INR
5100001977,2025-10-27,4500000987,0000100029,M056,BAL1,11562517,INR
5100001978,2025-08-03,4500001854,0000100150,M024,STC1,11571944,INR
5100001979,2024-02-26,4500001409,0000100097,M003,STC1,15913594,INR
5100001980,2023-05-28,4500002064,0000100079,M010,VAL1,1563124,INR
5100001981,2024-05-20,4500003251,0000100103,M001,STC1,23817829,INR
5100001982,2024-01-09,4500002679,0000100090,M021,BAL1,8761113,INR
5100001983,2023-04-28,4500000390,0000100026,M005,VAL1,49836670,INR
5100001984,2023-08-21,4500003058,0000100038,M049,STC1,564665,INR
5100001985,2024-09-29,4500002668,0000100021,M012,HZL1,7317417,INR
5100001986,2025-05-02,4500001303,0000100005,M035,HZL1,12554527,INR
5100001987,2024-03-09,4500002598,0000100011,M040,COG1,4979572,USD
5100001988,2023-06-05,4500003156,0000100007,M057,BAL1,934770,INR
5100001989,2023-12-28,4500003045,0000100044,M001,COG1,207548019,INR
5100001990,2024-04-07,4500002085,0000100056,M009,HZL1,2736566,USD
5100001991,2025-11-21,4500002843,0000100020,M040,VAL1,7931144,INR
5100001992,2024-11-19,4500002519,0000100031,M008,VAL1,3710923,INR
5100001993,2025-08-07,4500000031,0000100132,M012,STC1,12159348,INR
5100001994,2025-11-04,4500003081,0000100066,M046,IOD1,2108777,USD
5100001995,2025-11-21,4500000507,0000100130,M014,VAL1,997421,INR
5100001996,2023-07-11,4500000432,0000100115,M050,HZL1,663139,INR
5100001997,2024-07-27,4500002265,0000100110,M038,HZL1,11434884,INR
5100001998,2025-01-04,4500000736,0000100026,M004,STC1,94422883,INR
5100001999,2025-02-26,4500001708,0000100072,M044,VAL1,4306993,USD
5100002000,2023-04-25,4500002600,0000100126,M025,STC1,11400480,INR
5100002001,2025-02-15,4500000800,0000100156,M060,HZL1,1468981,INR
5100002002,2025-05-21,4500001766,0000100021,M061,HZL1,9143288,INR
5100002003,2024-12-28,4500000482,0000100097,M003,COG1,28287581,INR
5100002004,2023-08-29,4500001479,0000100126,M023,STC1,8838019,INR
5100002005,2025-08-11,4500003167,0000100038,M051,VAL1,6338048,INR
5100002006,2023-02-25,4500001205,0000100126,M041,HZL1,11541226,INR
5100002007,2024-06-11,4500000983,0000100025,M009,VAL1,3661785,INR
5100002008,2023-06-26,4500001734,0000100144,M047,BAL1,389135,INR
5100002009,2025-12-25,4500000294,0000100032,M027,VAL1,9378943,EUR
5100002010,2024-10-09,4500000456,0000100096,M038,HZL1,36749688,INR
5100002011,2024-09-03,4500000945,0000100143,M037,HZL1,13163733,INR
5100002012,2024-10-12,4500002894,0000100125,M032,VAL1,18491083,EUR
5100002013,2023-04-09,4500000567,0000100019,M009,HZL1,6197614,INR
5100002014,2023-07-02,4500000755,0000100129,M057,STC1,20266707,INR
5100002015,2024-08-11,4500002930,0000100157,M008,HZL1,2441077,INR
5100002016,2025-10-31,4500001241,0000100023,M004,STC1,62623216,INR
5100002017,2024-11-12,4500001888,0000100082,M030,STC1,11950158,INR
5100002018,2023-07-31,4500002012,0000100080,M025,HZL1,23109323,USD
5100002019,2025-10-25,4500002483,0000100071,M008,VAL1,3747487,INR
5100002020,2024-02-12,4500000745,0000100120,M025,HZL1,3910737,INR
5100002021,2023-02-18,4500001075,0000100074,M057,STC1,32299690,EUR
5100002022,2024-06-25,4500001314,0000100111,M060,HZL1,7860020,EUR
5100002023,2023-05-20,4500001942,0000100160,M024,VAL1,16393646,INR
5100002024,2024-04-15,4500000029,0000100118,M005,STC1,17866439,INR
5100002025,2025-04-17,4500001454,0000100087,M031,STC1,7432835,INR
5100002026,2025-07-06,4500002691,0000100108,M065,COG1,467405,INR
5100002027,2024-07-10,4500003071,0000100085,M009,BAL1,2878035,INR
5100002028,2023-12-18,4500000915,0000100039,M028,HZL1,20906920,EUR
5100002029,2025-05-16,4500000504,0000100128,M013,STC1,8462602,EUR
5100002030,2024-11-10,4500001481,0000100063,M037,HZL1,83974129,INR
5100002031,2025-07-16,4500001554,0000100067,M061,STC1,10573372,INR
5100002032,2023-12-07,4500001689,0000100105,M006,VAL1,36934560,EUR
5100002033,2024-12-29,4500001620,0000100040,M033,IOD1,39099932,INR
5100002034,2023-05-03,4500002713,0000100036,M012,BAL1,1311765,INR
5100002035,2025-02-15,4500001388,0000100050,M018,COG1,19921036,INR
5100002036,2025-04-30,4500001028,0000100122,M023,BAL1,6307066,USD
5100002037,2025-02-12,4500000051,0000100019,M028,HZL1,6762114,INR
5100002038,2025-10-28,4500003068,0000100057,M024,STC1,2216585,INR
5100002039,2023-12-23,4500002632,0000100061,M034,HZL1,44060866,INR
5100002040,2023-11-19,4500001595,0000100010,M026,BAL1,6099780,INR
5100002041,2025-05-22,4500001095,0000100156,M037,COG1,15435393,EUR
5100002042,2024-07-23,4500003142,0000100115,M011,HZL1,2725794,INR
5100002043,2024-02-11,4500000239,0000100021,M022,BAL1,1233898,INR
5100002044,2025-08-09,4500002283,0000100150,M014,IOD1,1851976,INR
5100002045,2025-11-02,4500002138,0000100119,M028,IOD1,3576845,INR
5100002046,2023-09-06,4500001197,0000100086,M024,COR1,39813827,INR
5100002047,2023-02-25,4500002828,0000100038,M008,COG1,2634760,INR
5100002048,2024-09-10,4500000615,0000100025,M056,HZL1,2690939,INR
5100002049,2023-08-12,4500000290,0000100073,M023,BAL1,37470039,INR
5100002050,2025-04-11,4500002685,0000100034,M012,BAL1,2448572,INR
5100002051,2024-01-18,4500002664,0000100062,M001,COG1,19998714,INR
5100002052,2025-12-23,4500002677,0000100034,M024,BAL1,2746905,INR
5100002053,2023-07-14,4500000417,0000100015,M028,HZL1,2190604,INR
5100002054,2024-01-27,4500000561,0000100088,M005,VAL1,32927417,INR
5100002055,2024-07-09,4500002809,0000100081,M027,STC1,6692528,INR
5100002056,2023-12-05,4500002876,0000100153,M050,BAL1,1014900,USD
5100002057,2024-05-18,4500001175,0000100123,M013,STC1,19624502,EUR
5100002058,2025-07-16,4500002711,0000100070,M063,HZL1,549663,INR
5100002059,2025-08-04,4500002551,0000100068,M013,BAL1,1478709,INR
5100002060,2023-06-10,4500002471,0000100032,M055,HZL1,15203921,USD
5100002061,2025-01-03,4500000030,0000100096,M050,COG1,274359,INR
5100002062,2024-05-17,4500002608,0000100145,M049,BAL1,3748882,INR
5100002063,2025-08-19,4500001264,0000100124,M039,HZL1,5454307,INR
5100002064,2024-09-04,4500001293,0000100113,M051,HZL1,8942106,INR
5100002065,2023-05-22,4500000565,0000100108,M005,IOD1,4496730,INR
5100002066,2024-09-08,4500000946,0000100032,M009,VAL1,5965482,INR
5100002067,2025-04-22,4500000460,0000100098,M021,BAL1,5981848,INR
5100002068,2023-12-08,4500003038,0000100127,M007,HZL1,3024688,INR
5100002069,2025-04-27,4500001862,0000100115,M022,HZL1,101813771,INR
5100002070,2024-02-08,4500002478,0000100017,M023,HZL1,24333483,INR
5100002071,2023-04-25,4500002914,0000100105,M044,HZL1,9036521,EUR
5100002072,2024-03-27,4500000974,0000100104,M008,BAL1,1310506,INR
5100002073,2025-04-28,4500003140,0000100042,M003,HZL1,100445224,EUR
5100002074,2023-05-04,4500000866,0000100082,M037,COG1,3059042,INR
5100002075,2025-05-08,4500000602,0000100080,M008,COG1,2783063,USD
5100002076,2023-08-27,4500003043,0000100134,M035,STC1,41742095,INR
5100002077,2025-08-29,4500002651,0000100154,M032,BAL1,3996907,INR
5100002078,2023-07-26,4500002547,0000100067,M026,VAL1,11107401,INR
5100002079,2025-01-30,4500002003,0000100112,M012,STC1,2369525,INR
5100002080,2023-04-24,4500003265,0000100044,M037,HZL1,36352603,INR
5100002081,2025-11-07,4500001966,0000100031,M003,BAL1,26293213,INR
5100002082,2023-09-30,4500002854,0000100121,M023,HZL1,8193152,INR
5100002083,2025-07-05,4500000568,0000100079,M013,VAL1,1391715,INR
5100002084,2025-01-20,4500002460,0000100021,M014,COG1,2094817,INR
5100002085,2025-07-26,4500002285,0000100068,M063,COR1,262276,INR
5100002086,2024-02-07,4500000795,0000100040,M003,COG1,9246180,INR
5100002087,2023-11-25,4500002154,0000100021,M011,VAL1,5406462,INR
5100002088,2024-12-24,4500001273,0000100036,M025,COR1,20920075,INR
5100002089,2023-02-28,4500000488,0000100087,M018,STC1,60217098,INR
5100002090,2023-06-09,4500002301,0000100132,M013,VAL1,1575428,INR
5100002091,2024-02-26,4500001679,0000100037,M025,COG1,11485476,EUR
5100002092,2023-07-27,4500002247,0000100045,M021,STC1,28862832,INR
5100002093,2023-04-17,4500001185,0000100073,M010,HZL1,945455,INR
5100002094,2023-07-16,4500000779,0000100123,M020,STC1,91145592,INR
5100002095,2025-08-29,4500001181,0000100008,M020,HZL1,13602550,EUR
5100002096,2023-07-22,4500001887,0000100099,M012,VAL1,20481653,INR
5100002097,2024-12-25,4500000616,0000100120,M029,HZL1,21364726,INR
5100002098,2024-08-19,4500001459,0000100121,M011,COG1,19239593,INR
5100002099,2025-05-19,4500000046,0000100086,M014,VAL1,1237318,INR
5100002100,2025-06-27,4500000951,0000100143,M009,VAL1,1605309,INR
5100002101,2024-04-24,4500002113,0000100003,M039,HZL1,3518066,INR
5100002102,2023-11-22,4500001613,0000100068,M054,HZL1,24193649,INR
5100002103,2024-09-13,4500000207,0000100123,M022,IOD1,9921567,INR
5100002104,2025-04-22,4500000176,0000100141,M014,COR1,2170140,INR
5100002105,2025-02-11,4500000483,0000100132,M042,COR1,9170560,INR
5100002106,2023-07-19,4500002011,0000100084,M039,VAL1,5133055,INR
5100002107,2025-09-18,4500001716,0000100018,M061,VAL1,10626877,INR
5100002108,2025-09-25,4500000142,0000100044,M031,BAL1,11381200,INR
5100002109,2024-07-11,4500002245,0000100148,M027,HZL1,12577861,INR
5100002110,2025-09-16,4500002621,0000100032,M045,COR1,2758601,EUR
5100002111,2024-06-06,4500000283,0000100116,M047,STC1,1581133,INR
5100002112,2025-04-30,4500001766,0000100064,M004,HZL1,22310389,INR
5100002113,2024-09-30,4500001577,0000100068,M034,COG1,60620658,INR
5100002114,2024-09-15,4500003133,0000100017,M011,VAL1,2045260,INR
5100002115,2025-01-29,4500002953,0000100054,M042,STC1,18310980,EUR
5100002116,2025-06-22,4500000813,0000100160,M041,BAL1,12740593,INR
5100002117,2025-12-08,4500001308,0000100074,M016,HZL1,18834776,INR
5100002118,2023-03-14,4500001973,0000100110,M002,VAL1,39277576,INR
5100002119,2025-09-21,4500003004,0000100039,M012,HZL1,1638405,USD
5100002120,2023-02-22,4500000467,0000100012,M018,VAL1,46346115,USD
5100002121,2025-05-15,4500002504,0000100115,M024,COG1,7154837,INR
5100002122,2025-02-16,4500000042,0000100087,M012,BAL1,5147540,INR
5100002123,2025-02-17,4500003222,0000100001,M062,STC1,1998861,INR
5100002124,2023-12-20,4500002497,0000100113,M013,HZL1,4929283,INR
5100002125,2023-11-26,4500001195,0000100114,M008,BAL1,1780227,INR
5100002126,2025-03-25,4500001988,0000100142,M002,BAL1,7425210,EUR
5100002127,2024-04-21,4500002393,0000100142,M004,BAL1,26960638,INR
5100002128,2024-03-13,4500000179,0000100089,M023,BAL1,58123483,INR
5100002129,2023-05-14,4500002476,0000100095,M003,VAL1,28996011,INR
5100002130,2023-08-29,4500001372,0000100011,M004,BAL1,35462281,USD
5100002131,2023-12-12,4500000028,0000100004,M032,HZL1,16443372,INR
5100002132,2024-08-14,4500003310,0000100044,M064,VAL1,236307,INR
5100002133,2024-07-30,4500002165,0000100095,M013,COG1,1660963,INR
5100002134,2023-10-10,4500001275,0000100023,M012,VAL1,2917417,INR
5100002135,2023-11-18,4500000950,0000100094,M039,STC1,26303423,INR
5100002136,2024-09-10,4500001914,0000100079,M030,COG1,11656309,INR
5100002137,2025-02-25,4500003000,0000100017,M022,COR1,6722426,INR
5100002138,2023-05-07,4500000832,0000100101,M004,HZL1,23368590,INR
5100002139,2024-07-08,4500000891,0000100111,M013,COG1,5267092,EUR
5100002140,2023-08-07,4500002266,0000100005,M018,HZL1,109307022,INR
5100002141,2025-10-12,4500002845,0000100061,M032,BAL1,13985965,INR
5100002142,2025-02-09,4500002764,0000100089,M039,VAL1,911323,INR
5100002143,2025-09-28,4500002256,0000100115,M048,COG1,379589,INR
5100002144,2025-03-06,4500002839,0000100033,M018,HZL1,63130194,INR
5100002145,2024-02-09,4500001662,0000100151,M043,STC1,10053371,INR
5100002146,2024-04-06,4500000113,0000100112,M050,STC1,340522,INR
5100002147,2024-03-10,4500000147,0000100104,M024,HZL1,767686,INR
5100002148,2023-08-24,4500002068,0000100040,M047,HZL1,3293131,INR
5100002149,2023-07-26,4500002199,0000100034,M053,COG1,17837229,INR
5100002150,2024-09-18,4500002599,0000100036,M048,STC1,1151515,INR
5100002151,2024-08-15,4500000296,0000100155,M003,STC1,53123916,EUR
5100002152,2023-10-14,4500002724,0000100098,M024,HZL1,25518916,INR
5100002153,2023-11-12,4500001595,0000100013,M013,BAL1,1965769,INR
5100002154,2024-06-02,4500000983,0000100067,M040,VAL1,806003,INR
5100002155,2024-08-01,4500003085,0000100140,M016,HZL1,125282627,INR
5100002156,2024-01-17,4500002189,0000100060,M040,VAL1,4810270,EUR
5100002157,2024-11-17,4500002978,0000100021,M010,VAL1,5126375,INR
5100002158,2024-09-02,4500003213,0000100077,M005,HZL1,76470767,INR
5100002159,2025-03-17,4500003248,0000100030,M040,HZL1,6948272,INR
5100002160,2024-12-03,4500003179,0000100058,M014,STC1,5272642,USD
5100002161,2025-12-30,4500000293,0000100037,M021,STC1,25165973,EUR
5100002162,2024-11-01,4500001681,0000100157,M023,HZL1,3027217,INR
5100002163,2025-02-10,4500001968,0000100012,M017,HZL1,36803092,USD
5100002164,2024-08-15,4500001047,0000100022,M039,VAL1,12188882,INR
5100002165,2025-12-19,4500000530,0000100072,M037,HZL1,4281266,INR
5100002166,2024-10-07,4500000269,0000100050,M025,VAL1,29186298,INR
5100002167,2024-06-26,4500002684,0000100029,M037,HZL1,17399272,INR
5100002168,2024-02-19,4500001438,0000100130,M034,HZL1,10284153,INR
5100002169,2024-03-01,4500000190,0000100090,M020,STC1,26628033,INR
5100002170,2025-08-16,4500001264,0000100067,M050,HZL1,564653,INR
5100002171,2025-06-28,4500002368,0000100054,M024,HZL1,54112721,USD
5100002172,2023-11-23,4500000838,0000100064,M039,VAL1,2605570,INR
5100002173,2024-07-11,4500001100,0000100096,M004,VAL1,33649123,INR
5100002174,2025-12-11,4500001218,0000100022,M029,HZL1,11952385,INR
5100002175,2024-11-03,4500001852,0000100026,M007,IOD1,2156926,INR
5100002176,2023-03-02,4500002032,0000100008,M013,COG1,1676289,USD
5100002177,2023-04-25,4500002394,0000100102,M042,VAL1,6476355,USD
5100002178,2025-01-03,4500003208,0000100014,M015,COG1,28141035,INR
5100002179,2025-06-20,4500001004,0000100008,M025,HZL1,6589683,INR
5100002180,2025-02-04,4500000544,0000100026,M003,VAL1,33616511,INR
5100002181,2025-03-16,4500002799,0000100157,M032,HZL1,4563619,INR
5100002182,2025-07-22,4500001677,0000100031,M027,STC1,4099057,INR
5100002183,2024-08-16,4500001878,0000100071,M032,COG1,3646433,INR
5100002184,2024-01-09,4500002436,0000100112,M055,VAL1,7711130,INR
5100002185,2023-05-26,4500002255,0000100143,M050,VAL1,703915,INR
5100002186,2024-05-28,4500001623,0000100114,M013,IOD1,5507392,INR
5100002187,2023-06-25,4500000755,0000100051,M019,STC1,18955816,INR
5100002188,2023-05-01,4500002044,0000100112,M024,HZL1,12641169,INR
5100002189,2025-02-07,4500000752,0000100006,M011,BAL1,2722223,INR
5100002190,2025-03-13,4500001579,0000100100,M055,HZL1,10083320,INR
5100002191,2025-06-08,4500001642,0000100120,M030,HZL1,2878660,INR
5100002192,2023-02-20,4500002010,0000100016,M043,HZL1,30901666,INR
5100002193,2023-05-18,4500003147,0000100085,M042,COG1,1080547,INR
5100002194,2024-08-08,4500000389,0000100160,M041,HZL1,5118061,INR
5100002195,2023-04-28,4500002063,0000100030,M052,HZL1,6434092,INR
5100002196,2024-12-14,4500000492,0000100080,M024,STC1,29082241,INR
5100002197,2024-03-12,4500000532,0000100035,M007,STC1,2857847,INR
5100002198,2023-11-03,4500002206,0000100060,M023,BAL1,115600045,USD
5100002199,2023-05-22,4500002932,0000100014,M021,STC1,7747207,INR
5100002200,2025-05-06,4500000435,0000100136,M014,BAL1,3075808,INR
5100002201,2025-09-23,4500001062,0000100108,M034,BAL1,16035243,INR
5100002202,2025-10-06,4500002742,0000100097,M042,STC1,4079349,INR
5100002203,2023-11-12,4500002582,0000100108,M001,BAL1,26206601,INR
5100002204,2024-07-29,4500003085,0000100090,M014,HZL1,802708,INR
5100002205,2024-11-07,4500000218,0000100016,M032,BAL1,33894387,INR
5100002206,2025-08-06,4500002156,0000100005,M037,COG1,13983907,INR
5100002207,2023-09-23,4500003314,0000100019,M005,VAL1,9001176,INR
5100002208,2024-02-18,4500001409,0000100081,M008,STC1,2513588,INR
5100002209,2023-06-25,4500003200,0000100013,M001,VAL1,117600017,INR
5100002210,2024-01-25,4500000684,0000100048,M036,IOD1,13197522,USD
5100002211,2025-07-17,4500001747,0000100031,M014,HZL1,880695,INR
5100002212,2024-12-05,4500003065,0000100065,M053,STC1,16334143,INR
5100002213,2025-02-24,4500003201,0000100061,M007,HZL1,4281873,INR
5100002214,2025-01-14,4500003006,0000100127,M011,COG1,1774584,INR
5100002215,2025-01-11,4500000791,0000100020,M065,VAL1,180508,INR
5100002216,2024-08-14,4500001972,0000100145,M040,HZL1,7470820,INR
5100002217,2024-07-27,4500001955,0000100108,M032,VAL1,817889,INR
5100002218,2024-09-13,4500001748,0000100098,M039,VAL1,6189815,INR
5100002219,2023-11-28,4500001229,0000100029,M012,STC1,1643291,INR
5100002220,2024-01-05,4500003016,0000100087,M024,HZL1,21436978,INR
5100002221,2024-11-25,4500000411,0000100138,M008,COG1,4541602,USD
5100002222,2023-07-03,4500000588,0000100095,M015,HZL1,197355985,INR
5100002223,2024-11-17,4500002814,0000100042,M008,HZL1,2929444,EUR
5100002224,2024-08-31,4500001297,0000100030,M025,COG1,50176753,INR
5100002225,2025-04-08,4500001797,0000100030,M006,STC1,102784286,INR
5100002226,2025-06-22,4500001085,0000100069,M012,VAL1,2839314,INR
5100002227,2023-10-20,4500000849,0000100139,M016,COG1,98360430,INR
5100002228,2023-10-16,4500001066,0000100154,M028,HZL1,2970421,INR
5100002229,2024-01-02,4500002428,0000100082,M001,VAL1,45502051,INR
5100002230,2024-06-25,4500001232,0000100047,M014,BAL1,1881381,INR
5100002231,2023-12-03,4500000342,0000100099,M044,VAL1,7581633,INR
5100002232,2023-06-25,4500002318,0000100099,M001,COG1,69842189,INR
5100002233,2024-02-23,4500002598,0000100070,M032,COG1,4326375,INR
5100002234,2024-03-28,4500003171,0000100139,M038,VAL1,16234031,INR
5100002235,2023-11-23,4500002312,0000100132,M011,BAL1,2352782,INR
5100002236,2025-07-24,4500000088,0000100073,M050,COG1,1188898,INR
5100002237,2023-12-22,4500000459,0000100028,M049,COG1,1941263,INR
5100002238,2024-01-03,4500001349,0000100096,M047,HZL1,969661,INR
5100002239,2024-01-04,4500001971,0000100146,M002,HZL1,46168667,INR
5100002240,2023-06-08,4500001923,0000100061,M023,STC1,6523278,INR
5100002241,2024-10-01,4500002987,0000100070,M048,VAL1,1972158,INR
5100002242,2024-10-05,4500002594,0000100087,M058,STC1,18428933,INR
5100002243,2024-06-03,4500002740,0000100039,M043,VAL1,8192044,USD
5100002244,2024-04-23,4500003307,0000100139,M025,STC1,33776003,INR
5100002245,2024-06-22,4500003273,0000100004,M002,COG1,4622173,INR
5100002246,2025-04-29,4500001222,0000100007,M037,VAL1,40702794,INR
5100002247,2025-01-12,4500001233,0000100047,M005,STC1,32250791,INR
5100002248,2023-10-09,4500002882,0000100072,M009,HZL1,7261768,USD
5100002249,2025-09-15,4500000422,0000100056,M011,STC1,5459309,USD
5100002250,2025-07-10,4500002267,0000100159,M005,HZL1,165480413,INR
5100002251,2025-05-22,4500002364,0000100024,M056,HZL1,10846521,INR
5100002252,2024-02-05,4500002892,0000100041,M052,HZL1,7657980,INR
5100002253,2025-06-11,4500002824,0000100126,M047,HZL1,1939995,INR
5100002254,2025-02-21,4500000676,0000100138,M040,HZL1,4308840,INR
5100002255,2024-05-06,4500003130,0000100131,M008,STC1,5087511,INR
5100002256,2025-08-02,4500001731,0000100131,M012,STC1,766273,INR
5100002257,2025-12-29,4500003168,0000100026,M005,COR1,3634893,INR
5100002258,2024-01-28,4500002679,0000100140,M046,BAL1,4480529,INR
5100002259,2024-05-09,4500000902,0000100107,M044,VAL1,6555325,INR
5100002260,2023-11-20,4500000449,0000100007,M011,STC1,2045911,INR
5100002261,2024-11-13,4500002978,0000100100,M014,VAL1,8912757,INR
5100002262,2023-10-13,4500001770,0000100063,M004,HZL1,10676997,INR
5100002263,2024-10-03,4500002618,0000100134,M041,HZL1,8224929,INR
5100002264,2025-01-12,4500001542,0000100032,M045,IOD1,6090252,INR
5100002265,2025-11-20,4500001392,0000100064,M011,VAL1,1714279,INR
5100002266,2024-08-12,4500001500,0000100110,M005,VAL1,41618639,INR
5100002267,2024-03-18,4500003298,0000100007,M051,STC1,11601670,INR
5100002268,2024-09-05,4500000819,0000100088,M026,HZL1,8917146,INR
5100002269,2023-11-23,4500001017,0000100090,M064,COR1,165064,INR
5100002270,2024-04-14,4500001592,0000100101,M050,HZL1,5046680,INR
5100002271,2025-08-26,4500002197,0000100150,M005,BAL1,38261927,INR
5100002272,2023-08-02,4500003079,0000100041,M047,VAL1,2766805,INR
5100002273,2024-08-16,4500002647,0000100084,M037,VAL1,34017981,INR
5100002274,2025-08-16,4500000820,0000100019,M023,HZL1,13089616,INR
5100002275,2024-03-01,4500000093,0000100132,M027,BAL1,2648536,INR
5100002276,2025-06-04,4500001015,0000100050,M032,STC1,35589760,INR
5100002277,2023-09-10,4500003138,0000100080,M036,HZL1,21644427,EUR
5100002278,2025-08-30,4500002055,0000100071,M033,COR1,32479050,INR
5100002279,2023-05-27,4500000882,0000100139,M013,COG1,12992512,INR
5100002280,2024-08-03,4500000288,0000100115,M012,STC1,10329514,INR
5100002281,2025-08-13,4500001394,0000100023,M012,HZL1,4348384,INR
5100002282,2023-02-15,4500000629,0000100101,M059,HZL1,5747800,INR
5100002283,2024-11-08,4500002590,0000100018,M027,VAL1,3550105,INR
5100002284,2025-03-11,4500001160,0000100034,M059,HZL1,8792227,INR
5100002285,2024-10-30,4500000534,0000100090,M047,BAL1,1178440,INR
5100002286,2025-06-28,4500000894,0000100082,M020,HZL1,19600256,INR
5100002287,2025-02-17,4500001947,0000100103,M041,COG1,6081065,INR
5100002288,2024-02-12,4500001415,0000100055,M051,STC1,6750654,INR
5100002289,2024-03-31,4500002720,0000100001,M013,HZL1,3257885,INR
5100002290,2023-12-02,4500002277,0000100113,M008,VAL1,20239010,INR
5100002291,2024-10-11,4500002061,0000100022,M064,IOD1,1554324,INR
5100002292,2024-08-13,4500003238,0000100098,M036,COG1,14469973,INR
5100002293,2023-06-14,4500000761,0000100112,M028,HZL1,508285,INR
5100002294,2025-02-05,4500002366,0000100156,M028,IOD1,10038439,USD
5100002295,2025-09-17,4500002735,0000100011,M021,HZL1,12021008,USD
5100002296,2025-09-15,4500002204,0000100003,M053,BAL1,10061199,INR
5100002297,2023-12-06,4500000708,0000100158,M010,VAL1,3516002,INR
5100002298,2023-10-14,4500003125,0000100146,M009,BAL1,955212,INR
5100002299,2023-05-23,4500001043,0000100013,M057,HZL1,8214097,INR
5100002300,2023-06-04,4500002316,0000100088,M007,STC1,13153123,INR
5100002301,2024-11-28,4500000220,0000100101,M038,IOD1,22201384,INR
5100002302,2023-10-17,4500000273,0000100132,M038,STC1,12425868,INR
5100002303,2025-01-13,4500003057,0000100058,M047,IOD1,1728267,USD
5100002304,2023-03-14,4500002472,0000100030,M024,VAL1,6021184,INR
5100002305,2023-04-11,4500000232,0000100148,M025,VAL1,43783494,INR
5100002306,2023-08-08,4500002409,0000100029,M042,VAL1,16942952,INR
5100002307,2024-04-14,4500003131,0000100036,M029,HZL1,2180685,INR
5100002308,2024-04-29,4500000113,0000100098,M026,STC1,115129437,INR
5100002309,2025-03-29,4500000728,0000100028,M022,HZL1,99127767,INR
5100002310,2024-10-06,4500000893,0000100101,M004,VAL1,33312437,INR
5100002311,2025-10-06,4500002742,0000100148,M004,STC1,54391413,INR
5100002312,2024-12-11,4500001508,0000100045,M008,IOD1,1533538,INR
5100002313,2024-07-17,4500000428,0000100052,M014,HZL1,1486981,INR
5100002314,2024-08-14,4500001391,0000100124,M042,HZL1,8361161,INR
5100002315,2024-07-30,4500001526,0000100103,M011,IOD1,1091309,INR
5100002316,2024-11-13,4500001762,0000100141,M048,VAL1,328757,INR
5100002317,2024-09-27,4500000963,0000100121,M009,COR1,1843660,INR
5100002318,2025-04-30,4500001224,0000100100,M042,STC1,8881614,INR
5100002319,2025-03-18,4500001350,0000100103,M060,VAL1,5658987,INR
5100002320,2024-11-03,4500000837,0000100079,M047,HZL1,1080555,INR
5100002321,2025-01-28,4500000013,0000100136,M039,COG1,8350010,INR
5100002322,2024-10-30,4500002144,0000100110,M012,BAL1,2796327,INR
5100002323,2024-09-23,4500001102,0000100116,M026,VAL1,25482554,INR
5100002324,2025-12-12,4500000671,0000100095,M013,HZL1,4528269,INR
5100002325,2025-01-05,4500002196,0000100135,M040,BAL1,11610182,INR
5100002326,2024-02-07,4500002381,0000100152,M057,COG1,7202889,USD
5100002327,2025-06-13,4500002630,0000100024,M012,HZL1,693996,INR
5100002328,2024-11-27,4500001646,0000100156,M014,COG1,3589567,INR
5100002329,2025-09-24,4500001062,0000100095,M007,BAL1,5227549,INR
5100002330,2023-03-14,4500001657,0000100002,M039,BAL1,15003672,INR
5100002331,2024-11-30,4500002151,0000100088,M012,HZL1,2411585,INR
5100002332,2024-11-24,4500002959,0000100024,M005,STC1,21447464,INR
5100002333,2025-02-19,4500002502,0000100108,M039,HZL1,9597677,INR
5100002334,2024-11-10,4500000574,0000100052,M010,COG1,253404,INR
5100002335,2023-10-15,4500000632,0000100143,M002,STC1,9971081,INR
5100002336,2024-05-28,4500000722,0000100065,M014,IOD1,1045497,INR
5100002337,2025-02-17,4500001630,0000100147,M025,HZL1,22637026,INR
5100002338,2023-12-20,4500001281,0000100049,M036,VAL1,22107927,EUR
5100002339,2024-11-07,4500002959,0000100076,M033,STC1,32733262,USD
5100002340,2024-09-21,4500001087,0000100050,M057,STC1,12340220,INR
5100002341,2025-11-25,4500001561,0000100139,M029,STC1,4369426,INR
5100002342,2025-03-22,4500001579,0000100158,M040,HZL1,6254861,INR
5100002343,2024-04-26,4500001837,0000100001,M012,HZL1,1524837,INR
5100002344,2024-07-27,4500002760,0000100018,M004,VAL1,44260581,INR
5100002345,2023-03-06,4500001688,0000100035,M011,COG1,4928529,INR
5100002346,2025-10-16,4500001723,0000100102,M022,COG1,8214979,INR
5100002347,2025-01-27,4500000736,0000100025,M021,STC1,211776910,INR
5100002348,2024-06-01,4500002837,0000100098,M048,HZL1,1017357,INR
5100002349,2025-12-17,4500001794,0000100140,M002,STC1,15534983,INR
5100002350,2025-04-27,4500000614,0000100078,M023,VAL1,30753065,INR
5100002351,2023-09-26,4500000775,0000100095,M014,VAL1,11979614,INR
5100002352,2025-01-06,4500000750,0000100109,M006,BAL1,26390258,INR
5100002353,2025-05-21,4500001432,0000100106,M002,STC1,11560003,INR
5100002354,2025-12-06,4500002995,0000100001,M009,VAL1,2728564,INR
5100002355,2023-03-24,4500001280,0000100041,M009,VAL1,9883784,INR
5100002356,2024-08-26,4500001398,0000100091,M051,STC1,43255625,INR
5100002357,2025-06-23,4500000463,0000100010,M009,HZL1,1736951,INR
5100002358,2023-04-09,4500001188,0000100140,M022,HZL1,27117632,INR
5100002359,2024-05-03,4500000938,0000100019,M056,COG1,9493004,INR
5100002360,2024-10-24,4500000069,0000100019,M039,VAL1,5804349,INR
5100002361,2025-09-10,4500001153,0000100147,M056,BAL1,27310215,INR
5100002362,2024-10-18,4500001069,0000100132,M040,HZL1,6804034,INR
5100002363,2024-11-13,4500002583,0000100104,M031,COG1,6801214,INR
5100002364,2024-12-28,4500003066,0000100081,M021,VAL1,5124791,INR
5100002365,2025-07-11,4500002013,0000100047,M023,STC1,38118406,INR
5100002366,2024-04-07,4500002706,0000100087,M042,VAL1,18298519,INR
5100002367,2025-06-20,4500003289,0000100038,M049,VAL1,439911,INR
5100002368,2025-12-25,4500003227,0000100053,M058,BAL1,14330339,INR
5100002369,2024-04-03,4500002745,0000100143,M023,STC1,126717929,INR
5100002370,2024-02-13,4500003275,0000100143,M055,BAL1,16057067,INR
5100002371,2024-01-18,4500000271,0000100028,M002,STC1,72752228,INR
5100002372,2025-01-10,4500000489,0000100020,M041,COG1,5070290,INR
5100002373,2025-12-25,4500002487,0000100068,M054,COR1,7718628,INR
5100002374,2025-12-31,4500003041,0000100061,M038,HZL1,10766023,INR
5100002375,2025-10-22,4500003017,0000100025,M029,VAL1,3780001,INR
5100002376,2025-08-17,4500002669,0000100091,M021,HZL1,4625661,INR
5100002377,2024-01-14,4500000650,0000100134,M002,VAL1,85024170,INR
5100002378,2025-04-15,4500001018,0000100122,M052,STC1,8126304,EUR
5100002379,2023-12-30,4500001926,0000100022,M045,STC1,7163747,INR
5100002380,2025-02-16,4500000800,0000100110,M031,HZL1,1697546,INR
5100002381,2023-07-25,4500003288,0000100022,M023,STC1,26206694,INR
5100002382,2025-08-29,4500000365,0000100051,M053,IOD1,20502518,INR
5100002383,2025-05-14,4500002901,0000100132,M013,STC1,7171246,INR
5100002384,2025-05-27,4500000997,0000100144,M013,COG1,3587871,USD
5100002385,2024-05-11,4500001678,0000100135,M055,COG1,8827924,INR
5100002386,2025-09-18,4500001329,0000100026,M031,STC1,22748103,INR
5100002387,2025-05-31,4500002734,0000100088,M007,VAL1,3380375,INR
5100002388,2025-01-30,4500000949,0000100004,M037,HZL1,63906182,INR
5100002389,2024-06-29,4500001232,0000100140,M028,BAL1,33385032,INR
5100002390,2023-10-25,4500000397,0000100031,M058,HZL1,17985068,INR
5100002391,2024-12-14,4500001667,0000100102,M040,COG1,10902391,INR
5100002392,2024-04-13,4500001433,0000100052,M037,VAL1,34362329,INR
5100002393,2024-12-11,4500000810,0000100101,M007,HZL1,719826,INR
5100002394,2024-09-01,4500002006,0000100070,M048,VAL1,3995799,INR
5100002395,2024-09-24,4500001020,0000100039,M031,HZL1,7512208,USD
5100002396,2025-07-19,4500002267,0000100047,M023,HZL1,2338289,INR
5100002397,2024-05-10,4500003297,0000100115,M009,HZL1,2174306,INR
5100002398,2024-04-08,4500001746,0000100084,M022,VAL1,8203179,INR
5100002399,2024-04-13,4500001433,0000100099,M038,VAL1,18797799,INR
5100002400,2025-02-06,4500002799,0000100091,M009,HZL1,3021254,INR
5100002401,2024-09-15,4500001577,0000100018,M042,COG1,5557885,INR
5100002402,2023-06-06,4500001242,0000100118,M008,HZL1,1892153,INR
5100002403,2025-01-01,4500002185,0000100036,M041,VAL1,4217490,INR
5100002404,2024-01-12,4500001776,0000100098,M013,COG1,5276749,INR
5100002405,2023-11-03,4500002326,0000100067,M001,VAL1,43294946,INR
5100002406,2024-01-23,4500002173,0000100002,M061,BAL1,2453722,INR
5100002407,2024-03-25,4500003117,0000100022,M032,STC1,4520047,INR
5100002408,2024-08-25,4500000916,0000100025,M055,BAL1,9434799,INR
5100002409,2023-07-29,4500002993,0000100034,M029,VAL1,1283709,INR
5100002410,2025-05-03,4500000497,0000100103,M004,HZL1,17899355,INR
5100002411,2025-06-25,4500000295,0000100007,M002,VAL1,78150980,INR
5100002412,2025-07-15,4500000566,0000100113,M009,VAL1,3980822,INR
5100002413,2023-09-07,4500000867,0000100036,M043,BAL1,947236,INR
5100002414,2023-10-06,4500002616,0000100034,M003,HZL1,17662171,INR
5100002415,2025-11-07,4500002775,0000100038,M010,IOD1,11239877,INR
5100002416,2024-02-10,4500003195,0000100092,M058,STC1,17410362,INR
5100002417,2025-08-27,4500000991,0000100128,M001,VAL1,12084914,EUR
5100002418,2023-10-04,4500002244,0000100057,M027,HZL1,8849205,INR
5100002419,2024-09-02,4500000655,0000100113,M006,STC1,18014743,INR
5100002420,2025-06-08,4500002686,0000100038,M029,HZL1,2971905,INR
5100002421,2023-09-27,4500003197,0000100135,M034,COR1,20804822,INR
5100002422,2024-10-07,4500001255,0000100050,M053,COG1,44783012,INR
5100002423,2023-07-19,4500001436,0000100047,M005,BAL1,49580333,INR
5100002424,2025-03-03,4500000306,0000100154,M010,HZL1,2807554,INR
5100002425,2025-08-29,4500000536,0000100064,M011,VAL1,2911704,INR
5100002426,2025-04-10,4500001969,0000100034,M034,HZL1,36340170,INR
5100002427,2023-02-07,4500001504,0000100051,M039,VAL1,23010786,INR
5100002428,2024-04-26,4500002184,0000100094,M047,BAL1,532722,EUR
5100002429,2023-04-10,4500002847,0000100036,M010,VAL1,4867425,INR
5100002430,2025-11-24,4500002161,0000100027,M007,COR1,1191661,INR
5100002431,2023-03-31,4500001065,0000100065,M035,BAL1,21615351,INR
5100002432,2023-08-31,4500002730,0000100143,M022,COG1,34612696,INR
5100002433,2025-08-17,4500003167,0000100049,M031,VAL1,15197497,EUR
5100002434,2023-07-22,4500003031,0000100133,M016,BAL1,50428341,EUR
5100002435,2024-01-29,4500002552,0000100031,M046,HZL1,4828873,INR
5100002436,2023-12-02,4500001595,0000100055,M028,BAL1,7446073,EUR
5100002437,2025-04-24,4500003023,0000100137,M010,VAL1,3030651,USD
5100002438,2025-11-25,4500000639,0000100079,M013,VAL1,3281536,INR
5100002439,2024-07-25,4500001176,0000100109,M022,COG1,7322524,INR
5100002440,2024-03-27,4500000619,0000100020,M043,BAL1,3785265,INR
5100002441,2024-09-05,4500001767,0000100077,M024,VAL1,6038422,INR
5100002442,2023-10-23,4500002493,0000100067,M014,HZL1,2703571,INR
5100002443,2023-08-20,4500003226,0000100050,M007,HZL1,2555498,INR
5100002444,2023-08-04,4500002887,0000100020,M018,COR1,38294265,INR
5100002445,2024-11-28,4500003179,0000100102,M050,STC1,1049960,EUR
5100002446,2025-01-11,4500001187,0000100003,M001,VAL1,13911714,INR
5100002447,2025-10-07,4500000679,0000100019,M013,STC1,1292726,INR
5100002448,2024-05-10,4500002264,0000100079,M041,HZL1,17463325,INR
5100002449,2023-11-17,4500001527,0000100049,M001,COG1,82812428,INR
5100002450,2024-12-17,4500000494,0000100143,M052,COG1,21409600,INR
5100002451,2023-12-27,4500002925,0000100152,M009,HZL1,2804398,EUR
5100002452,2023-02-06,4500001957,0000100069,M024,COG1,6872785,INR
5100002453,2024-01-30,4500002147,0000100105,M035,VAL1,21041135,USD
5100002454,2024-08-02,4500002172,0000100097,M061,COG1,3582067,INR
5100002455,2024-05-19,4500000453,0000100104,M006,HZL1,52471929,INR
5100002456,2024-12-21,4500003073,0000100126,M014,VAL1,3778866,INR
5100002457,2024-07-15,4500002396,0000100012,M044,HZL1,4495951,EUR
5100002458,2024-02-21,4500001900,0000100038,M001,STC1,10977407,INR
5100002459,2024-09-17,4500001793,0000100106,M025,COG1,11943301,INR
5100002460,2023-08-05,4500002941,0000100126,M029,HZL1,14152403,INR
5100002461,2024-05-18,4500002822,0000100054,M014,IOD1,3980802,INR
5100002462,2023-06-01,4500001242,0000100123,M055,HZL1,4040403,EUR
5100002463,2025-06-02,4500000251,0000100105,M055,STC1,1703310,INR
5100002464,2023-11-26,4500001064,0000100132,M053,BAL1,12821460,INR
5100002465,2024-12-12,4500001698,0000100043,M012,COG1,3621867,INR
5100002466,2025-07-30,4500000167,0000100069,M010,HZL1,2400066,INR
5100002467,2024-12-30,4500002486,0000100043,M022,BAL1,19176613,EUR
5100002468,2024-06-17,4500001220,0000100088,M044,IOD1,4574101,INR
5100002469,2025-09-10,4500002288,0000100157,M023,HZL1,13015477,INR
5100002470,2025-09-26,4500002152,0000100153,M009,BAL1,733882,EUR
5100002471,2025-02-07,4500002687,0000100059,M059,STC1,24844262,INR
5100002472,2025-04-16,4500000695,0000100040,M055,VAL1,11363091,INR
5100002473,2025-07-30,4500001951,0000100010,M032,VAL1,4386270,USD
5100002474,2025-01-19,4500001247,0000100102,M034,HZL1,21381673,EUR
5100002475,2025-01-08,4500001097,0000100141,M023,COR1,33216822,INR
5100002476,2025-01-02,4500000502,0000100129,M005,BAL1,30704564,INR
5100002477,2025-09-08,4500001780,0000100051,M006,HZL1,39126742,INR
5100002478,2024-05-30,4500003030,0000100105,M003,HZL1,20893786,EUR
5100002479,2023-09-17,4500002212,0000100105,M060,IOD1,7868895,EUR
5100002480,2025-06-23,4500002434,0000100069,M002,VAL1,8939409,INR
5100002481,2025-08-02,4500001416,0000100030,M008,HZL1,7753952,INR
5100002482,2024-02-11,4500000969,0000100101,M049,BAL1,1717677,INR
5100002483,2024-06-02,4500001674,0000100118,M021,VAL1,9704627,INR
5100002484,2025-02-21,4500000265,0000100048,M040,HZL1,6371764,USD
5100002485,2025-07-14,4500002783,0000100056,M044,HZL1,1038752,USD
5100002486,2025-11-11,4500003211,0000100038,M007,HZL1,1294026,INR
5100002487,2025-02-21,4500003176,0000100006,M002,HZL1,43706186,INR
5100002488,2023-08-20,4500002752,0000100007,M041,VAL1,14405635,INR
5100002489,2025-07-13,4500000956,0000100158,M012,BAL1,2171577,INR
5100002490,2023-04-29,4500001483,0000100053,M003,VAL1,39982115,INR
5100002491,2024-02-29,4500001655,0000100105,M044,HZL1,1682194,EUR
5100002492,2025-11-15,4500000783,0000100075,M031,VAL1,2409139,INR
5100002493,2025-09-04,4500003157,0000100044,M011,HZL1,5419641,INR
5100002494,2024-11-22,4500000825,0000100073,M012,COG1,7030760,INR
5100002495,2024-08-28,4500001189,0000100116,M012,STC1,2981190,INR
5100002496,2024-12-21,4500002460,0000100084,M024,COG1,12152819,INR
5100002497,2025-01-24,4500002683,0000100127,M014,VAL1,2217615,INR
5100002498,2024-06-02,4500000200,0000100030,M040,VAL1,3730617,INR
5100002499,2024-11-11,4500000430,0000100143,M012,COR1,614851,INR
5100002500,2023-04-23,4500000509,0000100142,M011,HZL1,4671109,INR
5100002501,2023-02-25,4500000582,0000100044,M002,COG1,50444656,INR
5100002502,2024-05-03,4500003042,0000100063,M039,HZL1,2687926,INR
5100002503,2024-05-19,4500001898,0000100103,M036,HZL1,118081120,INR
5100002504,2025-10-31,4500002602,0000100116,M053,COR1,29830189,INR
5100002505,2025-02-03,4500000513,0000100042,M024,HZL1,38138697,INR
5100002506,2025-08-30,4500003074,0000100106,M014,VAL1,3689519,INR
5100002507,2025-04-06,4500000052,0000100054,M060,VAL1,18393246,USD
5100002508,2024-02-18,4500000515,0000100022,M055,HZL1,8086517,INR
5100002509,2024-10-14,4500000019,0000100022,M034,STC1,38977915,INR
5100002510,2024-05-25,4500003169,0000100127,M007,VAL1,1160300,INR
5100002511,2025-02-16,4500001863,0000100135,M033,IOD1,9304734,INR
5100002512,2023-07-25,4500000077,0000100056,M014,VAL1,3516056,EUR
5100002513,2024-11-05,4500002894,0000100063,M011,VAL1,985827,INR
5100002514,2023-10-27,4500002402,0000100074,M043,COG1,7453683,EUR
5100002515,2023-12-07,4500002462,0000100158,M019,HZL1,19419435,INR
5100002516,2023-09-24,4500000321,0000100028,M021,HZL1,8458753,INR
5100002517,2024-05-18,4500000608,0000100113,M022,STC1,44216662,INR
5100002518,2024-07-29,4500003132,0000100146,M023,VAL1,2815812,INR
5100002519,2023-07-02,4500000140,0000100159,M034,HZL1,39739936,INR
5100002520,2023-06-25,4500000779,0000100015,M059,STC1,1743994,INR
5100002521,2025-07-19,4500002013,0000100069,M006,STC1,35874742,INR
5100002522,2025-09-21,4500002796,0000100143,M002,VAL1,31289505,INR
5100002523,2023-10-08,4500002862,0000100131,M022,VAL1,7952622,INR
5100002524,2023-06-11,4500001998,0000100074,M010,BAL1,11739952,INR
5100002525,2025-11-05,4500002038,0000100143,M060,HZL1,11134872,INR
5100002526,2023-06-08,4500001333,0000100150,M040,COR1,5763838,INR
5100002527,2025-06-19,4500000124,0000100068,M030,HZL1,6131810,INR
5100002528,2025-07-12,4500000377,0000100125,M023,COG1,11285739,EUR
5100002529,2025-12-23,4500000947,0000100068,M015,IOD1,122131171,INR
5100002530,2024-02-07,4500002056,0000100006,M024,VAL1,21388882,INR
5100002531,2025-12-25,4500002443,0000100014,M007,HZL1,2140275,INR
5100002532,2025-09-11,4500002400,0000100085,M038,HZL1,10039797,INR
5100002533,2023-01-16,4500002566,0000100104,M050,COG1,4869372,INR
5100002534,2024-07-08,4500000829,0000100025,M007,VAL1,1188436,INR
5100002535,2023-07-31,4500002047,0000100053,M039,STC1,26165546,INR
5100002536,2023-04-15,4500000970,0000100059,M024,HZL1,33997872,INR
5100002537,2025-06-05,4500001651,0000100059,M009,HZL1,1603983,INR
5100002538,2024-02-19,4500002997,0000100096,M053,STC1,14832475,INR
5100002539,2024-05-03,4500001175,0000100150,M058,STC1,10830633,INR
5100002540,2025-08-27,4500003180,0000100022,M025,STC1,21085241,INR
5100002541,2025-01-30,4500001808,0000100115,M009,HZL1,4468709,INR
5100002542,2025-07-24,4500001951,0000100134,M022,VAL1,47716781,INR
5100002543,2025-01-16,4500002389,0000100022,M032,VAL1,12159638,INR
5100002544,2025-07-27,4500002243,0000100039,M010,HZL1,6376873,EUR
5100002545,2025-12-18,4500001890,0000100159,M061,HZL1,11693620,INR
5100002546,2025-07-09,4500001697,0000100036,M026,IOD1,4044477,INR
5100002547,2024-10-21,4500001343,0000100015,M002,COG1,10395987,INR
5100002548,2025-11-22,4500000507,0000100019,M003,VAL1,47826986,INR
5100002549,2024-01-26,4500001373,0000100047,M025,STC1,18926062,INR
5100002550,2023-08-24,4500000486,0000100044,M001,IOD1,15193251,INR
5100002551,2024-09-24,4500001786,0000100042,M009,VAL1,2728015,EUR
5100002552,2024-07-08,4500001807,0000100018,M002,STC1,161073580,INR
5100002553,2023-11-16,4500000230,0000100050,M046,HZL1,909730,INR
5100002554,2023-11-26,4500001574,0000100050,M002,HZL1,16404366,INR
5100002555,2025-07-11,4500000295,0000100097,M002,VAL1,94179559,INR
5100002556,2023-04-22,4500000509,0000100045,M035,HZL1,15365316,INR
5100002557,2023-05-28,4500001471,0000100073,M004,HZL1,32083038,INR
5100002558,2025-10-05,4500002272,0000100061,M026,BAL1,5187673,INR
5100002559,2025-11-05,4500002248,0000100058,M034,COG1,8689470,INR
5100002560,2023-07-29,4500003111,0000100015,M024,COG1,30240796,INR
5100002561,2023-03-23,4500002235,0000100102,M013,VAL1,2853266,USD
5100002562,2025-05-01,4500002674,0000100146,M039,VAL1,7866624,INR
5100002563,2024-08-07,4500000044,0000100003,M032,HZL1,6520222,INR
5100002564,2024-04-08,4500002218,0000100010,M013,HZL1,2361857,EUR
5100002565,2023-02-05,4500002016,0000100023,M010,VAL1,3108546,INR
5100002566,2024-09-06,4500002667,0000100133,M014,COG1,2326594,INR
5100002567,2025-10-29,4500003068,0000100012,M047,STC1,1434330,USD
5100002568,2023-05-18,4500000146,0000100053,M014,HZL1,1511974,INR
5100002569,2024-06-13,4500002889,0000100045,M024,VAL1,20067913,INR
5100002570,2024-06-05,4500003052,0000100045,M053,HZL1,30279393,INR
5100002571,2023-09-03,4500002875,0000100004,M036,BAL1,51106107,INR
5100002572,2025-03-28,4500002223,0000100089,M051,IOD1,9274636,INR
5100002573,2023-04-03,4500001354,0000100076,M021,VAL1,89285204,USD
5100002574,2025-10-18,4500002549,0000100079,M031,HZL1,4621684,INR
5100002575,2023-11-12,4500001769,0000100146,M002,HZL1,11749626,INR
5100002576,2024-02-20,4500003203,0000100127,M046,STC1,5529162,INR
5100002577,2023-09-29,4500002117,0000100019,M035,COG1,6289655,INR
5100002578,2024-12-22,4500000170,0000100058,M021,VAL1,7381174,USD
5100002579,2025-01-19,4500000900,0000100041,M024,COG1,23692928,INR
5100002580,2025-03-07,4500000927,0000100024,M011,HZL1,2986120,INR
5100002581,2025-01-13,4500003208,0000100128,M035,COG1,48331997,EUR
5100002582,2024-02-05,4500000795,0000100011,M057,COG1,9735522,USD
5100002583,2025-07-23,4500000861,0000100003,M004,HZL1,17522213,INR
5100002584,2025-03-01,4500001586,0000100130,M021,STC1,473467,INR
5100002585,2023-02-11,4500003209,0000100051,M058,HZL1,6432682,INR
5100002586,2023-11-24,4500002962,0000100076,M006,VAL1,23298778,INR
5100002587,2024-04-15,4500000177,0000100138,M024,VAL1,10171376,EUR
5100002588,2024-01-16,4500001358,0000100079,M031,VAL1,7102303,INR
5100002589,2025-06-23,4500001262,0000100087,M012,VAL1,2339698,INR
5100002590,2024-09-28,4500002252,0000100022,M049,BAL1,224776,INR
5100002591,2024-12-06,4500003178,0000100119,M027,VAL1,28496659,INR
5100002592,2025-10-14,4500002141,0000100068,M047,HZL1,1060939,INR
5100002593,2025-07-11,4500001512,0000100050,M055,IOD1,11644806,INR
5100002594,2024-02-24,4500001679,0000100052,M053,COG1,19884259,INR
5100002595,2023-12-25,4500002462,0000100123,M006,HZL1,103265189,INR
5100002596,2024-02-19,4500000205,0000100047,M050,VAL1,2705871,INR
5100002597,2023-11-13,4500001017,0000100004,M038,COR1,7859174,INR
5100002598,2025-05-22,4500000418,0000100065,M037,VAL1,16733750,INR
5100002599,2025-12-05,4500003100,0000100062,M041,VAL1,21365882,INR
5100002600,2023-09-27,4500002654,0000100057,M047,HZL1,297846,EUR
5100002601,2023-12-03,4500000412,0000100134,M033,STC1,14738669,INR
5100002602,2024-03-05,4500000470,0000100083,M008,STC1,4008108,USD
5100002603,2024-05-31,4500003003,0000100020,M026,IOD1,7349168,INR
5100002604,2025-02-23,4500001441,0000100072,M003,VAL1,12820128,USD
5100002605,2025-09-13,4500003237,0000100001,M033,VAL1,39263994,INR
5100002606,2023-07-31,4500000686,0000100036,M040,COG1,3994069,INR
5100002607,2025-06-29,4500002164,0000100106,M050,VAL1,1633993,INR
5100002608,2024-12-07,4500002569,0000100139,M042,VAL1,20913041,INR
5100002609,2023-08-13,4500003031,0000100015,M006,BAL1,20405535,INR
5100002610,2023-10-27,4500000388,0000100103,M001,COR1,8847261,INR
5100002611,2024-02-25,4500001989,0000100096,M009,HZL1,178701,INR
5100002612,2023-10-02,4500000730,0000100114,M046,VAL1,2382158,INR
5100002613,2023-12-11,4500000650,0000100023,M045,VAL1,1621009,INR
5100002614,2025-08-30,4500002929,0000100118,M013,VAL1,1347983,INR
5100002615,2024-07-16,4500000806,0000100001,M035,HZL1,31867866,INR
5100002616,2025-01-14,4500000326,0000100042,M049,HZL1,2011092,INR
5100002617,2024-12-14,4500003178,0000100060,M063,VAL1,457007,USD
5100002618,2023-08-17,4500002306,0000100042,M012,STC1,5915254,EUR
5100002619,2023-09-17,4500002524,0000100139,M025,COR1,15994553,INR
5100002620,2023-04-24,4500000685,0000100081,M049,VAL1,675352,INR
5100002621,2024-04-26,4500001744,0000100051,M043,HZL1,4356919,INR
5100002622,2024-03-07,4500000179,0000100105,M003,BAL1,115106492,INR
5100002623,2023-09-06,4500001080,0000100079,M042,HZL1,15991390,INR
5100002624,2024-02-21,4500002528,0000100081,M006,STC1,58998481,INR
5100002625,2024-01-22,4500001417,0000100005,M014,BAL1,679940,INR
5100002626,2025-11-28,4500001690,0000100026,M038,STC1,7684472,INR
5100002627,2023-02-21,4500000892,0000100018,M014,IOD1,625929,INR
5100002628,2025-11-27,4500002779,0000100046,M063,STC1,858709,INR
5100002629,2024-04-07,4500002701,0000100118,M037,HZL1,50768350,INR
5100002630,2024-03-20,4500001081,0000100118,M004,STC1,5321070,INR
5100002631,2023-10-01,4500003056,0000100039,M009,HZL1,8000315,EUR
5100002632,2024-11-07,4500001888,0000100115,M011,STC1,13482606,INR
5100002633,2023-12-18,4500001567,0000100053,M019,VAL1,33041994,INR
5100002634,2023-06-20,4500002525,0000100144,M010,HZL1,630229,USD
5100002635,2025-06-29,4500001636,0000100099,M038,COG1,29642004,INR
5100002636,2023-06-04,4500002788,0000100108,M013,HZL1,4309281,INR
5100002637,2025-03-07,4500002119,0000100030,M006,COR1,67671661,INR
5100002638,2025-12-19,4500000287,0000100143,M045,COG1,1543418,INR
5100002639,2023-10-26,4500003256,0000100156,M024,BAL1,14732570,EUR
5100002640,2025-06-19,4500002709,0000100140,M054,HZL1,8371007,INR
5100002641,2023-09-29,4500002862,0000100141,M011,VAL1,3278781,INR
5100002642,2025-05-10,4500002992,0000100101,M012,HZL1,16750781,INR
5100002643,2023-03-06,4500000589,0000100069,M010,BAL1,2167023,INR
5100002644,2025-08-02,4500001731,0000100108,M043,STC1,9109447,INR
5100002645,2025-11-06,4500001966,0000100033,M053,BAL1,18593386,INR
5100002646,2025-05-10,4500000243,0000100129,M010,VAL1,2723028,INR
5100002647,2025-04-22,4500003076,0000100097,M002,COG1,26828007,INR
5100002648,2023-12-28,4500001589,0000100014,M014,VAL1,1744359,INR
5100002649,2025-08-26,4500003247,0000100153,M039,HZL1,43958524,USD
5100002650,2023-05-23,4500001043,0000100099,M047,HZL1,936926,INR
5100002651,2023-09-18,4500000189,0000100102,M048,IOD1,1582187,INR
5100002652,2024-06-04,4500000925,0000100089,M046,STC1,1140580,INR
5100002653,2023-03-26,4500001657,0000100067,M007,BAL1,2353635,INR
5100002654,2024-12-14,4500003260,0000100058,M025,HZL1,15653031,EUR
5100002655,2023-08-26,4500000039,0000100041,M013,COG1,1649436,INR
5100002656,2024-04-22,4500000724,0000100079,M008,HZL1,14671644,INR
5100002657,2025-10-03,4500002767,0000100050,M005,COR1,7921337,INR
5100002658,2024-02-26,4500000922,0000100082,M012,HZL1,1236887,INR
5100002659,2025-02-16,4500000660,0000100016,M012,HZL1,10050482,INR
5100002660,2025-12-30,4500000586,0000100079,M001,VAL1,12995037,INR
5100002661,2023-12-09,4500000020,0000100091,M022,HZL1,54633704,INR
5100002662,2025-02-23,4500000048,0000100143,M026,IOD1,25474388,INR
5100002663,2024-07-06,4500000264,0000100052,M021,VAL1,7623275,INR
5100002664,2025-12-06,4500002516,0000100052,M032,HZL1,3531653,INR
5100002665,2025-03-26,4500002416,0000100056,M060,COR1,881312,INR
5100002666,2023-10-09,4500002557,0000100092,M020,STC1,22657211,INR
5100002667,2025-07-09,4500000103,0000100069,M013,VAL1,8255519,INR
5100002668,2024-04-17,4500001013,0000100022,M018,BAL1,64175829,INR
5100002669,2025-03-24,4500003189,0000100140,M006,HZL1,127441197,INR
5100002670,2024-03-20,4500000539,0000100139,M015,HZL1,72619545,INR
5100002671,2025-11-13,4500002977,0000100109,M048,VAL1,2035258,INR
5100002672,2023-05-25,4500000408,0000100114,M007,HZL1,14777577,INR
5100002673,2025-02-26,4500001278,0000100118,M053,HZL1,30585832,INR
5100002674,2024-09-29,4500002599,0000100026,M045,STC1,1860974,INR
5100002675,2024-03-23,4500002701,0000100100,M024,HZL1,15034399,INR
5100002676,2025-04-17,4500002682,0000100077,M029,HZL1,9393824,INR
5100002677,2023-06-21,4500003015,0000100015,M022,COR1,4518688,INR
5100002678,2025-09-22,4500002365,0000100086,M025,BAL1,16761919,INR
5100002679,2024-07-25,4500001499,0000100121,M003,HZL1,15758912,INR
5100002680,2023-10-25,4500002387,0000100047,M034,HZL1,29322936,INR
5100002681,2023-10-11,4500001254,0000100023,M051,HZL1,21456900,INR
5100002682,2024-04-24,4500001822,0000100036,M020,COG1,117840847,INR
5100002683,2023-10-29,4500002080,0000100063,M007,IOD1,3342643,INR
5100002684,2024-02-20,4500001655,0000100076,M001,HZL1,83482743,INR
5100002685,2025-03-07,4500003248,0000100119,M009,HZL1,1653887,INR
5100002686,2024-03-06,4500002673,0000100073,M041,HZL1,21457377,INR
5100002687,2023-02-17,4500000851,0000100074,M022,IOD1,11956039,INR
5100002688,2023-04-26,4500000606,0000100022,M042,STC1,10039225,INR
5100002689,2024-08-13,4500001230,0000100070,M035,VAL1,44273386,INR
5100002690,2024-09-19,4500001961,0000100053,M008,HZL1,986704,INR
5100002691,2025-12-20,4500002791,0000100015,M013,COG1,499041,INR
5100002692,2023-03-30,4500001019,0000100013,M058,VAL1,14802589,INR
5100002693,2023-08-01,4500000215,0000100055,M005,STC1,15745124,EUR
5100002694,2025-11-19,4500001536,0000100148,M011,STC1,5905175,INR
5100002695,2023-02-16,4500002262,0000100026,M047,COG1,124746,INR
5100002696,2023-12-11,4500002507,0000100064,M043,HZL1,6606991,INR
5100002697,2023-10-20,4500000512,0000100132,M045,HZL1,3796747,INR
5100002698,2024-08-15,4500000207,0000100061,M013,IOD1,297894,INR
5100002699,2024-02-28,4500000996,0000100112,M007,HZL1,785033,INR
5100002700,2024-05-02,4500000454,0000100034,M022,IOD1,3410787,INR
5100002701,2025-09-22,4500003047,0000100019,M013,IOD1,1671273,INR
5100002702,2025-11-09,4500001117,0000100098,M035,HZL1,6291186,INR
5100002703,2025-11-10,4500003083,0000100112,M029,COG1,7005579,INR
5100002704,2024-07-25,4500002282,0000100004,M023,BAL1,20742893,INR
5100002705,2024-11-16,4500002522,0000100150,M035,VAL1,52091669,INR
5100002706,2025-11-18,4500002248,0000100011,M038,COG1,17609722,INR
5100002707,2025-08-01,4500000073,0000100003,M013,COG1,1620446,INR
5100002708,2025-07-08,4500002267,0000100017,M013,HZL1,1490353,INR
5100002709,2023-05-27,4500000802,0000100077,M043,HZL1,1509055,INR
5100002710,2025-05-21,4500001626,0000100039,M023,VAL1,41910124,USD
5100002711,2023-05-18,4500001827,0000100150,M012,VAL1,11961295,INR
5100002712,2024-03-27,4500000330,0000100091,M021,VAL1,20525912,INR
5100002713,2024-08-18,4500000104,0000100081,M014,COG1,7150585,INR
5100002714,2023-12-18,4500002462,0000100130,M037,HZL1,27035399,INR
5100002715,2025-11-01,4500001098,0000100088,M032,IOD1,24387507,INR
5100002716,2023-12-24,4500002420,0000100057,M029,COG1,5218728,USD
5100002717,2025-06-29,4500002388,0000100094,M030,VAL1,10735683,EUR
5100002718,2023-02-05,4500001930,0000100004,M043,VAL1,3667117,INR
5100002719,2024-05-10,4500000496,0000100137,M016,VAL1,17718587,USD
5100002720,2025-02-07,4500000042,0000100051,M012,BAL1,1738230,INR
5100002721,2023-08-02,4500003268,0000100071,M009,STC1,16700125,INR
5100002722,2024-04-22,4500001385,0000100011,M009,HZL1,3012617,USD
5100002723,2025-12-15,4500002612,0000100085,M035,STC1,35821519,INR
5100002724,2023-09-02,4500000329,0000100090,M044,HZL1,1858500,INR
5100002725,2025-11-18,4500000563,0000100123,M050,IOD1,4734126,EUR
5100002726,2024-03-02,4500003174,0000100079,M034,VAL1,16627475,INR
5100002727,2023-12-31,4500002046,0000100006,M009,STC1,2085424,INR
5100002728,2024-06-05,4500003145,0000100070,M002,VAL1,14426978,INR
5100002729,2023-05-09,4500000735,0000100136,M011,HZL1,4172311,INR
5100002730,2024-08-13,4500000288,0000100059,M033,STC1,23376254,INR
5100002731,2025-04-01,4500002451,0000100076,M022,HZL1,3964839,USD
5100002732,2025-08-21,4500003128,0000100112,M009,BAL1,1819166,INR
5100002733,2023-08-30,4500001044,0000100012,M009,BAL1,4200948,USD
5100002734,2024-12-10,4500000164,0000100018,M002,COG1,50563186,INR
5100002735,2025-04-28,4500002729,0000100015,M014,VAL1,1845289,INR
5100002736,2025-03-24,4500003026,0000100154,M058,HZL1,20863291,INR
5100002737,2025-11-16,4500002248,0000100018,M014,COG1,1849691,INR
5100002738,2024-10-03,4500000979,0000100095,M031,STC1,8709552,INR
5100002739,2025-06-04,4500000787,0000100119,M059,HZL1,990164,INR
5100002740,2025-06-22,4500002114,0000100130,M013,HZL1,3822135,INR
5100002741,2025-12-27,4500000947,0000100087,M008,IOD1,2979888,INR
5100002742,2025-03-05,4500002397,0000100095,M014,VAL1,5224257,INR
5100002743,2024-01-06,4500000506,0000100114,M014,VAL1,5710736,INR
5100002744,2025-02-05,4500002658,0000100082,M029,HZL1,4184812,INR
5100002745,2025-03-30,4500000895,0000100089,M024,COG1,22904716,INR
5100002746,2025-05-06,4500001018,0000100003,M012,STC1,3276546,INR
5100002747,2025-10-04,4500002954,0000100088,M010,STC1,1466627,INR
5100002748,2024-01-09,4500002556,0000100127,M012,HZL1,6218201,INR
5100002749,2023-08-09,4500002544,0000100085,M048,STC1,449355,INR
5100002750,2024-08-29,4500002533,0000100110,M004,STC1,28820973,INR
5100002751,2024-03-13,4500003124,0000100013,M013,VAL1,5139466,INR
5100002752,2024-06-27,4500000747,0000100121,M010,HZL1,501505,INR
5100002753,2025-07-25,4500001424,0000100013,M027,HZL1,7668751,INR
5100002754,2023-10-29,4500002110,0000100031,M001,IOD1,97165536,INR
5100002755,2024-06-12,4500002629,0000100123,M026,HZL1,6664110,INR
5100002756,2023-05-29,4500000238,0000100143,M064,STC1,150648,INR
5100002757,2023-09-27,4500002477,0000100025,M008,HZL1,4245457,INR
5100002758,2025-01-17,4500002658,0000100118,M009,HZL1,556329,INR
5100002759,2023-07-23,4500000276,0000100099,M047,COG1,701464,INR
5100002760,2025-12-02,4500001581,0000100093,M047,BAL1,2580850,EUR
5100002761,2023-03-01,4500000550,0000100029,M002,VAL1,51335742,INR
5100002762,2023-07-20,4500000761,0000100084,M033,HZL1,9379495,INR
5100002763,2023-07-19,4500002324,0000100081,M042,VAL1,10252768,INR
5100002764,2025-07-01,4500003184,0000100084,M034,STC1,35515591,INR
5100002765,2023-06-21,4500002270,0000100024,M015,STC1,73609847,INR
5100002766,2025-04-29,4500003281,0000100015,M012,VAL1,906039,INR
5100002767,2024-01-28,4500001692,0000100041,M014,VAL1,1946747,INR
5100002768,2024-03-02,4500001339,0000100125,M027,VAL1,58800011,USD
5100002769,2024-01-06,4500002503,0000100071,M002,HZL1,60564576,INR
5100002770,2023-12-23,4500001384,0000100069,M011,BAL1,1382187,INR
5100002771,2023-09-25,4500001700,0000100022,M028,COR1,2788722,INR
5100002772,2025-08-05,4500001860,0000100040,M012,IOD1,6568964,INR
5100002773,2025-04-25,4500001016,0000100153,M004,HZL1,108526322,EUR
5100002774,2023-11-16,4500001527,0000100086,M042,COG1,3825458,INR
5100002775,2024-11-02,4500000620,0000100150,M024,HZL1,10314366,INR
5100002776,2024-10-19,4500000805,0000100036,M007,HZL1,5224178,INR
5100002777,2024-11-19,4500002978,0000100079,M006,VAL1,29792506,INR
5100002778,2024-08-13,4500002794,0000100055,M007,HZL1,483893,INR
5100002779,2023-04-22,4500002044,0000100077,M007,HZL1,5351576,INR
5100002780,2024-02-12,4500003195,0000100127,M033,STC1,27710493,INR
5100002781,2025-07-07,4500001083,0000100152,M051,VAL1,10943706,EUR
5100002782,2024-05-16,4500000262,0000100139,M049,BAL1,1067986,INR
5100002783,2025-07-21,4500002499,0000100115,M029,STC1,8695040,INR
5100002784,2025-11-17,4500000003,0000100022,M050,STC1,1070866,INR
5100002785,2024-12-29,4500003006,0000100141,M026,COG1,16013448,INR
5100002786,2025-03-04,4500001619,0000100089,M007,HZL1,4847237,INR
5100002787,2023-04-29,4500000713,0000100067,M002,COG1,9392184,INR
5100002788,2025-09-03,4500000464,0000100053,M026,VAL1,42531560,INR
5100002789,2025-06-25,4500003220,0000100082,M048,COG1,1181851,INR
5100002790,2023-05-22,4500002587,0000100033,M040,HZL1,8453994,INR
5100002791,2023-05-07,4500002821,0000100125,M001,VAL1,25909854,INR
5100002792,2025-08-22,4500003167,0000100131,M042,VAL1,5329746,INR
5100002793,2024-10-16,4500001974,0000100060,M009,HZL1,4913122,USD
5100002794,2024-04-28,4500001678,0000100077,M026,COG1,8769689,INR
5100002795,2025-07-12,4500002089,0000100132,M013,HZL1,16002279,INR
5100002796,2024-05-25,4500003182,0000100087,M032,HZL1,6318447,INR
5100002797,2023-12-26,4500001133,0000100130,M064,STC1,2517716,INR
5100002798,2023-05-12,4500002423,0000100108,M061,STC1,5410843,INR
5100002799,2024-06-01,4500002793,0000100134,M023,BAL1,5736269,INR
5100002800,2024-04-26,4500001079,0000100017,M009,STC1,3184126,INR
5100002801,2024-10-05,4500002635,0000100103,M027,HZL1,1927698,INR
5100002802,2023-08-17,4500002369,0000100087,M023,HZL1,4442321,INR
5100002803,2025-08-03,4500002231,0000100026,M008,STC1,1480554,INR
5100002804,2024-08-08,4500002234,0000100151,M052,COG1,15135007,INR
5100002805,2023-04-25,4500002007,0000100068,M023,STC1,14502505,INR
5100002806,2025-12-05,4500002161,0000100053,M003,COR1,26225188,INR
5100002807,2025-09-16,4500002022,0000100030,M040,HZL1,9496433,INR
5100002808,2024-04-10,4500001746,0000100127,M002,VAL1,28442201,INR
5100002809,2025-10-11,4500001652,0000100120,M062,HZL1,16738879,INR
5100002810,2025-06-20,4500001521,0000100078,M015,HZL1,118530492,INR
5100002811,2024-04-23,4500002259,0000100073,M036,HZL1,38306911,INR
5100002812,2024-06-17,4500000060,0000100112,M049,VAL1,860847,INR
5100002813,2024-02-22,4500000523,0000100025,M031,BAL1,11859720,INR
5100002814,2025-09-02,4500001745,0000100018,M028,HZL1,22458584,INR
5100002815,2023-03-18,4500001257,0000100115,M033,HZL1,39812880,INR
5100002816,2023-08-24,4500000564,0000100108,M013,HZL1,5086613,INR
5100002817,2024-07-06,4500000421,0000100036,M008,STC1,4692021,INR
5100002818,2023-08-22,4500002544,0000100087,M033,STC1,12859035,INR
5100002819,2024-03-08,4500000165,0000100151,M003,VAL1,69615834,INR
5100002820,2023-06-02,4500000487,0000100109,M049,HZL1,1976660,INR
5100002821,2024-02-17,4500000604,0000100073,M014,VAL1,5393984,INR
5100002822,2024-11-03,4500002061,0000100054,M019,IOD1,75127768,EUR
5100002823,2023-12-18,4500001090,0000100157,M014,HZL1,7412380,INR
5100002824,2024-12-14,4500000005,0000100090,M063,VAL1,1353414,INR
5100002825,2023-10-11,4500001995,0000100086,M058,HZL1,8140590,INR
5100002826,2025-02-04,4500000999,0000100131,M008,BAL1,6125348,INR
5100002827,2025-11-30,4500002612,0000100137,M025,STC1,33699189,EUR
5100002828,2025-11-03,4500001653,0000100101,M051,VAL1,17552691,INR
5100002829,2023-08-21,4500002115,0000100006,M057,BAL1,21676397,INR
5100002830,2024-12-10,4500001667,0000100016,M011,COG1,2681010,INR
5100002831,2024-10-12,4500000534,0000100011,M036,BAL1,115630356,EUR
5100002832,2025-03-25,4500002738,0000100145,M023,HZL1,15852336,INR
5100002833,2023-04-09,4500000199,0000100099,M038,HZL1,34927216,INR
5100002834,2025-01-18,4500002366,0000100101,M025,IOD1,122554682,INR
5100002835,2024-09-01,4500000387,0000100135,M052,BAL1,5761606,INR
5100002836,2023-06-12,4500003158,0000100158,M034,VAL1,15954646,INR
5100002837,2024-10-10,4500000007,0000100026,M045,HZL1,6876483,INR
5100002838,2023-05-04,4500002044,0000100128,M027,HZL1,6052791,USD
5100002839,2024-11-11,4500000263,0000100110,M030,HZL1,3894878,INR
5100002840,2024-03-17,4500001370,0000100062,M021,BAL1,5780249,INR
5100002841,2024-01-31,4500002503,0000100113,M061,HZL1,7745837,INR
5100002842,2024-10-09,4500002599,0000100157,M022,STC1,16603680,INR
5100002843,2025-03-18,4500000337,0000100087,M037,HZL1,24050775,INR
5100002844,2024-05-09,4500001260,0000100030,M031,STC1,2463638,INR
5100002845,2024-08-15,4500001767,0000100034,M024,VAL1,29698750,INR
5100002846,2025-06-06,4500001795,0000100013,M014,VAL1,2280230,INR
5100002847,2023-05-08,4500002064,0000100133,M003,VAL1,13864046,INR
5100002848,2025-03-24,4500003027,0000100029,M050,VAL1,579671,INR
5100002849,2025-01-09,4500002281,0000100114,M024,HZL1,2087497,INR
5100002850,2025-05-28,4500002709,0000100048,M031,HZL1,3348699,EUR
5100002851,2023-11-30,4500002154,0000100155,M056,VAL1,1880648,USD
5100002852,2025-10-15,4500001880,0000100081,M035,VAL1,30389235,INR
5100002853,2024-09-15,4500001255,0000100019,M026,COG1,24615466,INR
5100002854,2025-07-22,4500001495,0000100009,M007,HZL1,2773483,INR
5100002855,2025-09-24,4500001291,0000100155,M036,HZL1,34448901,USD
5100002856,2025-03-24,4500001084,0000100102,M061,IOD1,8141129,INR
5100002857,2023-05-12,4500002640,0000100050,M043,COR1,2319009,INR
5100002858,2023-08-25,4500002115,0000100129,M004,BAL1,14014869,INR
5100002859,2025-03-30,4500000927,0000100018,M040,HZL1,4035265,INR
5100002860,2023-02-23,4500000589,0000100050,M054,BAL1,7163234,INR
5100002861,2023-11-29,4500002205,0000100068,M006,STC1,8162629,INR
5100002862,2025-12-07,4500001005,0000100062,M034,HZL1,14369223,INR
5100002863,2024-04-20,4500000869,0000100134,M029,HZL1,2393570,INR
5100002864,2024-05-03,4500001837,0000100159,M005,HZL1,141407016,INR
5100002865,2025-12-31,4500001749,0000100009,M010,COR1,10084099,EUR
5100002866,2024-03-21,4500000475,0000100064,M036,HZL1,5826706,INR
5100002867,2025-11-25,4500002001,0000100110,M015,COG1,242923750,INR
5100002868,2024-12-05,4500002849,0000100067,M044,COR1,4633595,INR
5100002869,2023-10-01,4500001305,0000100030,M006,BAL1,24208635,INR
5100002870,2024-05-07,4500002302,0000100150,M032,IOD1,6167468,INR
5100002871,2025-07-30,4500000991,0000100059,M046,VAL1,8384012,INR
5100002872,2025-11-08,4500001155,0000100114,M008,HZL1,2631790,INR
5100002873,2023-12-13,4500002507,0000100070,M003,HZL1,19205645,INR
5100002874,2025-07-18,4500000308,0000100025,M009,IOD1,2491833,INR
5100002875,2024-08-03,4500002755,0000100020,M010,HZL1,2571875,INR
5100002876,2025-05-11,4500001074,0000100055,M061,STC1,3157183,EUR
5100002877,2025-11-12,4500000415,0000100072,M014,VAL1,9519379,INR
5100002878,2025-06-07,4500001870,0000100121,M013,COG1,2109144,INR
5100002879,2025-11-08,4500002039,0000100147,M026,HZL1,31795116,INR
5100002880,2025-02-08,4500002362,0000100113,M041,COR1,18489346,INR
5100002881,2025-07-06,4500003108,0000100130,M012,HZL1,18560700,INR
5100002882,2024-01-11,4500002925,0000100030,M008,HZL1,3854173,INR
5100002883,2024-12-03,4500001460,0000100043,M005,COG1,54199624,INR
5100002884,2024-03-11,4500001134,0000100100,M060,BAL1,7940810,INR
5100002885,2023-08-14,4500000276,0000100137,M054,COG1,21629634,EUR
5100002886,2023-10-16,4500001894,0000100137,M011,HZL1,7529091,INR
5100002887,2025-04-15,4500003264,0000100014,M007,VAL1,2918979,INR
5100002888,2024-05-21,4500000781,0000100033,M062,VAL1,1298512,INR
5100002889,2025-10-07,4500001420,0000100125,M021,BAL1,5195517,EUR
5100002890,2025-01-22,4500002591,0000100035,M060,HZL1,16140325,INR
5100002891,2024-01-31,4500000219,0000100098,M012,HZL1,2919772,INR
5100002892,2023-12-19,4500001056,0000100034,M003,COR1,33600798,INR
5100002893,2025-04-24,4500000705,0000100041,M010,HZL1,5401843,INR
5100002894,2025-07-08,4500002783,0000100087,M005,HZL1,132357890,INR
5100002895,2025-03-24,4500002370,0000100077,M025,HZL1,16128079,INR
5100002896,2025-10-04,4500001836,0000100078,M010,COG1,4827594,INR
5100002897,2023-02-02,4500001647,0000100099,M035,HZL1,84979087,INR
5100002898,2024-04-24,4500002947,0000100113,M025,IOD1,27314296,INR
5100002899,2023-12-26,4500001484,0000100019,M005,VAL1,16366147,INR
5100002900,2024-07-13,4500001897,0000100153,M034,VAL1,17145312,INR
5100002901,2025-01-27,4500002816,0000100059,M052,VAL1,5523450,INR
5100002902,2025-11-03,4500000305,0000100147,M001,HZL1,20805705,INR
5100002903,2024-07-08,4500000332,0000100133,M006,HZL1,13614196,USD
5100002904,2025-01-09,4500003097,0000100134,M053,IOD1,15315016,INR
5100002905,2024-06-28,4500000627,0000100001,M054,VAL1,1888093,INR
5100002906,2023-11-19,4500001031,0000100051,M022,BAL1,17908567,INR
5100002907,2024-05-25,4500000065,0000100074,M011,HZL1,782118,INR
5100002908,2023-11-12,4500002458,0000100051,M007,HZL1,1338716,INR
5100002909,2023-02-25,4500003021,0000100096,M033,VAL1,10225305,INR
5100002910,2025-11-17,4500000415,0000100071,M012,VAL1,6365064,INR
5100002911,2025-11-07,4500002689,0000100098,M038,COR1,7043759,INR
5100002912,2024-10-21,4500002345,0000100093,M042,VAL1,10841191,EUR
5100002913,2024-12-26,4500003290,0000100135,M061,HZL1,23244062,INR
5100002914,2023-02-13,4500002010,0000100025,M036,HZL1,8598103,INR
5100002915,2025-05-03,4500000533,0000100039,M036,VAL1,14676994,EUR
5100002916,2025-10-06,4500000087,0000100124,M008,BAL1,2121104,INR
5100002917,2024-11-25,4500002648,0000100025,M056,BAL1,5203103,INR
5100002918,2023-12-19,4500002727,0000100144,M009,VAL1,2318855,USD
5100002919,2024-02-02,4500003188,0000100001,M013,HZL1,3032685,INR
5100002920,2025-12-24,4500002938,0000100053,M033,VAL1,11696778,INR
5100002921,2023-09-08,4500001197,0000100034,M002,COR1,12005059,INR
5100002922,2024-07-06,4500002999,0000100079,M021,BAL1,38786098,INR
5100002923,2023-09-21,4500001146,0000100147,M003,HZL1,50578213,INR
5100002924,2024-06-05,4500002407,0000100028,M037,HZL1,219492899,INR
5100002925,2025-02-11,4500001673,0000100045,M012,VAL1,15271462,INR
5100002926,2025-07-11,4500002551,0000100041,M061,BAL1,10976920,INR
5100002927,2023-11-04,4500002108,0000100023,M034,HZL1,13314676,INR
5100002928,2025-05-14,4500001285,0000100127,M026,VAL1,55061511,INR
5100002929,2023-12-29,4500002620,0000100156,M047,COG1,1998130,USD
5100002930,2023-12-12,4500002160,0000100122,M002,BAL1,15569404,INR
5100002931,2024-11-22,4500000166,0000100014,M015,HZL1,8078981,INR
5100002932,2024-11-25,4500003239,0000100096,M037,COG1,20381663,INR
5100002933,2023-05-01,4500000875,0000100046,M010,STC1,5500859,INR
5100002934,2025-02-03,4500003046,0000100113,M009,HZL1,8889926,INR
5100002935,2023-08-05,4500003234,0000100012,M005,IOD1,26098467,USD
5100002936,2024-04-07,4500002766,0000100053,M017,HZL1,32766409,INR
5100002937,2025-04-05,4500003059,0000100147,M041,COR1,3226046,INR
5100002938,2024-06-10,4500000591,0000100034,M010,HZL1,3981660,INR
5100002939,2025-08-26,4500000088,0000100049,M013,COG1,791696,INR
5100002940,2024-03-06,4500002418,0000100149,M062,HZL1,6260256,INR
5100002941,2023-09-12,4500001172,0000100092,M039,BAL1,7283679,USD
5100002942,2025-10-08,4500002826,0000100105,M049,STC1,740008,EUR
5100002943,2024-01-29,4500001921,0000100157,M041,HZL1,8820849,INR
5100002944,2024-08-20,4500002572,0000100160,M005,VAL1,33990909,INR
5100002945,2025-12-06,4500002710,0000100062,M052,BAL1,17501365,INR
5100002946,2024-08-30,4500002159,0000100007,M033,HZL1,39850965,INR
5100002947,2025-06-19,4500002691,0000100041,M052,COG1,2305335,INR
5100002948,2023-03-20,4500001550,0000100154,M058,VAL1,3969803,INR
5100002949,2025-06-10,4500002824,0000100075,M048,HZL1,1244394,USD
5100002950,2025-10-30,4500000305,0000100029,M002,HZL1,21322084,INR
5100002951,2024-06-22,4500000826,0000100085,M034,STC1,17598003,INR
5100002952,2025-11-10,4500000767,0000100060,M031,STC1,25290450,EUR
5100002953,2023-10-27,4500001801,0000100040,M028,STC1,13212239,INR
5100002954,2025-04-05,4500002384,0000100021,M007,COR1,3315667,INR
5100002955,2023-08-12,4500000564,0000100065,M030,HZL1,15574164,INR
5100002956,2023-09-13,4500002296,0000100116,M058,HZL1,3783479,INR
5100002957,2025-08-31,4500000233,0000100135,M022,VAL1,17959624,INR
5100002958,2024-04-29,4500002506,0000100029,M061,COR1,7350721,INR
5100002959,2024-03-15,4500000766,0000100117,M010,HZL1,1340767,INR
5100002960,2023-02-24,4500002412,0000100150,M011,COG1,334359,INR
5100002961,2025-09-18,4500001992,0000100102,M021,BAL1,19209967,INR
5100002962,2025-04-20,4500000376,0000100129,M049,HZL1,1199789,INR
5100002963,2024-10-29,4500000656,0000100113,M050,HZL1,722549,INR
5100002964,2024-05-10,4500000496,0000100070,M047,VAL1,501877,INR
5100002965,2025-12-28,4500001455,0000100052,M010,HZL1,8460828,INR
5100002966,2024-07-07,4500002595,0000100010,M036,BAL1,2376386,INR
5100002967,2024-11-15,4500001395,0000100130,M039,HZL1,7163672,INR
5100002968,2025-01-25,4500000410,0000100141,M010,HZL1,8821347,INR
5100002969,2023-06-17,4500000802,0000100047,M041,HZL1,5507054,INR
5100002970,2025-07-10,4500003183,0000100131,M026,COR1,6822791,INR
5100002971,2025-08-27,4500001315,0000100013,M043,VAL1,2394275,INR
5100002972,2024-03-05,4500001379,0000100127,M002,BAL1,119271602,INR
5100002973,2023-02-18,4500000414,0000100156,M014,HZL1,1434087,INR
5100002974,2023-07-23,4500001866,0000100011,M009,VAL1,2161608,EUR
5100002975,2024-03-01,4500002495,0000100059,M047,COG1,832655,INR
5100002976,2023-07-14,4500002199,0000100147,M014,COG1,3655882,INR
5100002977,2024-04-25,4500002550,0000100022,M009,VAL1,2853629,INR
5100002978,2024-08-03,4500002760,0000100155,M035,VAL1,48278649,INR
5100002979,2024-11-14,4500000069,0000100055,M026,VAL1,40945088,USD
5100002980,2025-04-05,4500003061,0000100082,M019,BAL1,107813857,INR
5100002981,2025-04-23,4500001222,0000100072,M050,VAL1,978625,USD
5100002982,2023-04-05,4500001188,0000100074,M024,HZL1,6224900,INR
5100002983,2023-12-19,4500000625,0000100059,M014,COG1,10497669,INR
5100002984,2025-03-19,4500002776,0000100160,M006,STC1,45632115,INR
5100002985,2025-09-25,4500000393,0000100084,M037,HZL1,9414610,INR
5100002986,2023-07-20,4500001485,0000100137,M038,VAL1,11850292,USD
5100002987,2025-01-29,4500000204,0000100115,M033,HZL1,7198935,INR
5100002988,2025-02-08,4500001204,0000100035,M035,HZL1,21155948,INR
5100002989,2024-09-07,4500000212,0000100127,M014,BAL1,3691971,INR
5100002990,2025-01-26,4500000600,0000100081,M048,VAL1,1462160,INR
5100002991,2024-01-20,4500002963,0000100095,M009,HZL1,987568,INR
5100002992,2024-11-23,4500000340,0000100147,M003,VAL1,8319328,INR
5100002993,2023-12-12,4500003038,0000100150,M010,HZL1,2785304,INR
5100002994,2023-07-12,4500002547,0000100132,M022,VAL1,1957446,INR
5100002995,2024-01-31,4500002336,0000100103,M026,VAL1,1328530,INR
5100002996,2023-04-04,4500001354,0000100089,M024,VAL1,5377309,INR
5100002997,2025-04-14,4500002960,0000100082,M017,COG1,66233342,INR
5100002998,2024-01-30,4500003020,0000100046,M033,HZL1,19406884,INR
5100002999,2023-07-04,4500000259,0000100003,M007,HZL1,3741314,INR
5100003000,2025-08-09,4500002906,0000100040,M042,COG1,8415319,INR
5100003001,2025-05-13,4500000034,0000100017,M048,COG1,870274,INR
5100003002,2024-09-14,4500002614,0000100144,M014,HZL1,2545936,INR
5100003003,2024-11-12,4500000490,0000100059,M032,HZL1,10062116,INR
5100003004,2024-10-24,4500000187,0000100123,M011,HZL1,2336417,EUR
5100003005,2023-05-15,4500000866,0000100034,M007,COG1,2322595,INR
5100003006,2023-09-10,4500002094,0000100020,M011,HZL1,10372171,INR
5100003007,2024-05-23,4500000591,0000100158,M011,HZL1,1419728,INR
5100003008,2023-12-23,4500002903,0000100069,M038,STC1,10734401,INR
5100003009,2024-03-06,4500000277,0000100070,M026,VAL1,9155603,INR
5100003010,2025-12-18,4500001720,0000100149,M060,VAL1,22436055,INR
5100003011,2025-01-27,4500001534,0000100129,M005,VAL1,8315164,INR
5100003012,2025-03-23,4500002934,0000100046,M012,VAL1,4699142,INR
5100003013,2024-12-04,4500000254,0000100006,M003,VAL1,33011534,INR
5100003014,2024-01-20,4500002056,0000100140,M014,VAL1,4065704,INR
5100003015,2024-08-01,4500001499,0000100029,M056,HZL1,10705682,INR
5100003016,2024-11-24,4500002334,0000100086,M012,COG1,4011331,INR
5100003017,2024-04-17,4500003084,0000100051,M027,VAL1,5112199,INR
5100003018,2024-06-03,4500002580,0000100091,M039,STC1,4637239,INR
5100003019,2024-05-04,4500001448,0000100116,M044,VAL1,5852268,INR
5100003020,2024-12-04,4500001200,0000100028,M061,HZL1,14875280,INR
5100003021,2025-09-13,4500000422,0000100096,M035,STC1,93754712,INR
5100003022,2023-04-20,4500002640,0000100158,M022,COR1,60913754,INR
5100003023,2025-12-12,4500001506,0000100131,M039,HZL1,10606403,INR
5100003024,2023-06-03,4500001261,0000100097,M011,COR1,2013613,INR
5100003025,2024-05-28,4500001928,0000100033,M057,BAL1,3465267,INR
5100003026,2024-07-22,4500002809,0000100006,M051,STC1,19438786,INR
5100003027,2025-07-21,4500000566,0000100097,M009,VAL1,389085,INR
5100003028,2023-09-20,4500002863,0000100028,M034,STC1,68781649,INR
5100003029,2024-01-02,4500001736,0000100123,M014,BAL1,1728492,EUR
5100003030,2024-08-01,4500003150,0000100132,M064,STC1,444078,INR
5100003031,2024-07-05,4500001249,0000100134,M025,HZL1,13758013,INR
5100003032,2023-10-23,4500001796,0000100044,M012,HZL1,924272,INR
5100003033,2023-06-09,4500003048,0000100099,M026,STC1,10130468,INR
5100003034,2023-08-03,4500002321,0000100112,M014,VAL1,8655144,INR
5100003035,2024-10-29,4500000019,0000100060,M054,STC1,9604625,USD
5100003036,2024-03-27,4500001081,0000100092,M035,STC1,101974461,INR
5100003037,2025-10-10,4500000910,0000100004,M004,COG1,21237668,INR
5100003038,2024-11-27,4500001311,0000100057,M035,HZL1,36042870,USD
5100003039,2023-11-02,4500000397,0000100003,M023,HZL1,6370298,INR
5100003040,2025-05-25,4500002805,0000100068,M010,HZL1,2373471,INR
5100003041,2024-12-04,4500002739,0000100148,M009,BAL1,1807478,INR
5100003042,2023-07-24,4500000032,0000100121,M007,HZL1,1834060,INR
5100003043,2025-05-28,4500000117,0000100087,M013,STC1,3157843,INR
5100003044,2025-10-18,4500000082,0000100113,M053,VAL1,7678923,INR
5100003045,2025-08-16,4500000088,0000100082,M048,COG1,1125606,INR
5100003046,2025-03-12,4500001184,0000100034,M061,COR1,26332866,INR
5100003047,2025-11-18,4500000611,0000100108,M004,HZL1,21100288,INR
5100003048,2023-09-13,4500003036,0000100002,M030,HZL1,2880458,INR
5100003049,2024-12-13,4500003302,0000100090,M020,VAL1,182872212,INR
5100003050,2025-12-15,4500000234,0000100022,M001,BAL1,89538349,INR
5100003051,2024-11-23,4500001313,0000100070,M033,VAL1,7663271,INR
5100003052,2023-08-22,4500002306,0000100035,M021,STC1,15304689,INR
5100003053,2025-01-02,4500003250,0000100047,M001,BAL1,23116310,INR
5100003054,2024-08-16,4500001189,0000100135,M029,STC1,16850047,INR
5100003055,2024-01-26,4500002963,0000100063,M007,HZL1,5265849,INR
5100003056,2025-08-10,4500001315,0000100037,M004,VAL1,30501115,USD
5100003057,2024-03-02,4500001624,0000100082,M035,HZL1,12119897,INR
5100003058,2023-12-17,4500000468,0000100025,M035,HZL1,18554096,INR
5100003059,2023-09-05,4500002441,0000100001,M014,HZL1,2187768,INR
5100003060,2023-10-14,4500000081,0000100015,M031,STC1,16095633,INR
5100003061,2024-07-06,4500002534,0000100003,M009,BAL1,2814128,INR
5100003062,2024-11-13,4500001974,0000100156,M008,HZL1,954023,INR
5100003063,2025-11-07,4500002248,0000100010,M024,COG1,12722135,INR
5100003064,2024-11-30,4500001395,0000100131,M011,HZL1,486804,INR
5100003065,2025-06-09,4500002860,0000100021,M046,VAL1,3432338,INR
5100003066,2025-04-20,4500000497,0000100158,M024,HZL1,41451606,INR
5100003067,2024-07-08,4500002809,0000100064,M014,STC1,583058,INR
5100003068,2023-06-30,4500000777,0000100088,M039,IOD1,2109254,INR
5100003069,2024-07-27,4500001878,0000100156,M028,COG1,7731137,USD
5100003070,2025-11-11,4500001021,0000100063,M001,VAL1,30428247,INR
5100003071,2025-05-01,4500002901,0000100109,M037,STC1,24962322,INR
5100003072,2024-03-23,4500001442,0000100112,M013,HZL1,1059146,INR
5100003073,2024-09-28,4500001144,0000100038,M021,BAL1,6484773,INR
5100003074,2023-07-18,4500002409,0000100142,M046,VAL1,3174025,EUR
5100003075,2025-04-13,4500001161,0000100103,M012,STC1,4472312,INR
5100003076,2025-02-16,4500001630,0000100059,M024,HZL1,3925630,INR
5100003077,2024-05-17,4500000647,0000100026,M005,COR1,11969520,INR
5100003078,2024-01-03,4500000733,0000100126,M014,HZL1,4775131,INR
5100003079,2025-11-12,4500001206,0000100043,M007,HZL1,3472501,EUR
5100003080,2024-01-09,4500001830,0000100130,M013,STC1,3777766,INR
5100003081,2023-11-05,4500000388,0000100034,M027,COR1,10305324,INR
5100003082,2023-06-16,4500000358,0000100152,M053,VAL1,21801811,INR
5100003083,2024-10-26,4500000534,0000100120,M060,BAL1,8293601,INR
5100003084,2024-03-26,4500000179,0000100100,M056,BAL1,10397747,INR
5100003085,2025-12-15,4500001168,0000100019,M010,HZL1,3101337,INR
5100003086,2025-10-18,4500001704,0000100055,M005,VAL1,23576709,USD
5100003087,2023-12-05,4500001806,0000100018,M059,VAL1,25520061,INR
5100003088,2024-12-19,4500000841,0000100017,M035,HZL1,45779039,INR
5100003089,2023-12-27,4500002962,0000100082,M034,VAL1,32072782,INR
5100003090,2024-02-10,4500001337,0000100062,M037,HZL1,9256590,INR
5100003091,2023-11-29,4500002046,0000100035,M023,STC1,42557754,INR
5100003092,2024-01-31,4500001522,0000100141,M035,BAL1,7009680,INR
5100003093,2024-11-26,4500002959,0000100061,M058,STC1,4702882,INR
5100003094,2023-12-15,4500001926,0000100090,M022,STC1,17781479,INR
5100003095,2023-04-21,4500001959,0000100069,M021,IOD1,3883225,INR
5100003096,2025-04-30,4500001458,0000100093,M019,COR1,33220530,USD
5100003097,2024-11-16,4500002928,0000100071,M055,HZL1,13869570,INR
5100003098,2023-07-12,4500001516,0000100031,M016,BAL1,89899823,INR
5100003099,2024-12-25,4500002535,0000100102,M023,BAL1,19450361,EUR
5100003100,2024-12-03,4500002151,0000100105,M008,HZL1,10391131,EUR
5100003101,2023-12-11,4500001017,0000100004,M034,COR1,115540121,INR
5100003102,2023-08-24,4500002581,0000100141,M014,IOD1,2556398,INR
5100003103,2024-02-12,4500001692,0000100145,M054,VAL1,7822033,INR
5100003104,2025-12-14,4500002576,0000100126,M045,VAL1,1237918,INR
5100003105,2024-03-25,4500001777,0000100084,M028,STC1,8123726,INR
5100003106,2025-03-12,4500002653,0000100037,M021,STC1,39182937,INR
5100003107,2023-12-21,4500001631,0000100003,M046,HZL1,6404762,INR
5100003108,2024-05-17,4500003003,0000100077,M049,IOD1,873662,INR
5100003109,2025-06-26,4500000951,0000100095,M036,VAL1,15386579,INR
5100003110,2024-10-04,4500000424,0000100069,M007,VAL1,3844422,INR
5100003111,2025-01-28,4500002816,0000100126,M002,VAL1,6993884,INR
5100003112,2025-07-03,4500002531,0000100067,M012,STC1,2287030,INR
5100003113,2025-12-21,4500002260,0000100136,M057,VAL1,10899239,INR
5100003114,2025-04-27,4500003303,0000100072,M010,BAL1,5491758,EUR
5100003115,2025-06-27,4500000463,0000100078,M014,HZL1,8530134,INR
5100003116,2024-01-21,4500002336,0000100032,M044,VAL1,1182428,INR
5100003117,2024-08-07,4500002755,0000100129,M030,HZL1,4497067,INR
5100003118,2023-12-16,4500001815,0000100078,M008,HZL1,3494888,INR
5100003119,2025-07-25,4500000088,0000100097,M039,COG1,4367624,INR
5100003120,2024-05-03,4500001433,0000100029,M023,VAL1,7643985,INR
5100003121,2023-03-23,4500002214,0000100081,M012,VAL1,7679819,INR
5100003122,2024-07-19,4500001499,0000100062,M002,HZL1,22912358,INR
5100003123,2025-04-29,4500001906,0000100143,M008,BAL1,15965642,INR
5100003124,2025-09-23,4500002708,0000100113,M034,VAL1,10146016,INR
5100003125,2024-10-29,4500002023,0000100051,M004,COG1,57429657,INR
5100003126,2024-09-10,4500003213,0000100079,M035,HZL1,43884723,INR
5100003127,2023-11-05,4500002080,0000100036,M008,IOD1,2868378,INR
5100003128,2025-04-28,4500001396,0000100059,M011,STC1,479990,INR
5100003129,2025-12-08,4500002448,0000100045,M039,BAL1,5522441,INR
5100003130,2024-12-28,4500001922,0000100096,M025,IOD1,36038469,INR
5100003131,2025-04-04,4500002968,0000100029,M047,HZL1,2691538,INR
5100003132,2025-07-02,4500002829,0000100084,M007,VAL1,1122330,INR
5100003133,2023-02-12,4500000746,0000100017,M022,VAL1,6128844,INR
5100003134,2025-10-29,4500001835,0000100092,M031,HZL1,3954965,INR
5100003135,2024-08-19,4500002909,0000100051,M027,BAL1,7131796,INR
5100003136,2024-06-22,4500000409,0000100004,M032,COG1,11826989,INR
5100003137,2023-10-31,4500002344,0000100132,M039,VAL1,41785203,INR
5100003138,2023-05-06,4500003135,0000100006,M055,IOD1,2607086,INR
5100003139,2023-11-27,4500001031,0000100064,M023,BAL1,7332015,INR
5100003140,2024-08-03,4500000961,0000100005,M044,STC1,6893106,INR
5100003141,2025-05-07,4500001303,0000100069,M041,HZL1,6313847,INR
5100003142,2024-09-20,4500000111,0000100121,M033,HZL1,60267137,INR
5100003143,2025-08-05,4500003157,0000100013,M005,HZL1,67348675,INR
5100003144,2025-02-04,4500001743,0000100092,M042,VAL1,28188931,USD
5100003145,2025-05-05,4500000765,0000100031,M049,HZL1,790438,INR
5100003146,2025-12-09,4500002726,0000100087,M005,VAL1,46821595,INR
5100003147,2023-09-28,4500002979,0000100035,M059,VAL1,8928880,INR
5100003148,2024-03-23,4500001013,0000100095,M008,BAL1,3271162,INR
5100003149,2024-10-24,4500001213,0000100145,M041,COG1,5495986,INR
5100003150,2025-10-06,4500000336,0000100122,M047,HZL1,873254,INR
5100003151,2023-07-06,4500002464,0000100063,M043,HZL1,3265583,INR
5100003152,2024-12-20,4500000587,0000100129,M025,HZL1,4295610,INR
5100003153,2025-08-13,4500000711,0000100091,M033,BAL1,20829314,INR
5100003154,2024-08-21,4500001391,0000100074,M021,HZL1,17268220,USD
5100003155,2024-07-24,4500002915,0000100150,M005,STC1,19848044,INR
5100003156,2025-07-09,4500000607,0000100139,M048,HZL1,597485,INR
5100003157,2025-01-03,4500002801,0000100033,M011,STC1,3420724,INR
5100003158,2025-01-13,4500001845,0000100159,M011,VAL1,2213018,INR
5100003159,2023-03-07,4500002431,0000100106,M017,HZL1,55599632,INR
5100003160,2023-08-24,4500001219,0000100002,M001,STC1,21999875,INR
5100003161,2025-04-30,4500002991,0000100067,M005,HZL1,7350643,INR
5100003162,2025-09-11,4500001077,0000100106,M050,HZL1,1268712,INR
5100003163,2025-08-08,4500000665,0000100055,M036,HZL1,29069612,INR
5100003164,2024-03-21,4500002867,0000100116,M055,VAL1,1558561,INR
5100003165,2024-09-15,4500003232,0000100018,M014,HZL1,3663565,INR
5100003166,2025-08-27,4500002283,0000100012,M003,IOD1,45241482,USD
5100003167,2025-02-06,4500002294,0000100059,M054,HZL1,4713760,INR
5100003168,2024-06-16,4500001811,0000100035,M011,VAL1,9510714,INR
5100003169,2025-06-05,4500002082,0000100045,M021,HZL1,48389496,INR
5100003170,2023-03-24,4500001772,0000100062,M022,IOD1,3947106,INR
5100003171,2024-08-09,4500002607,0000100154,M009,HZL1,8743720,INR
5100003172,2023-08-05,4500001360,0000100069,M020,IOD1,135842761,INR
5100003173,2025-09-18,4500001648,0000100160,M042,VAL1,2958841,INR
5100003174,2024-04-17,4500003187,0000100013,M025,COR1,36089160,INR
5100003175,2024-11-11,4500001832,0000100111,M027,VAL1,14606365,INR
5100003176,2025-01-29,4500000291,0000100079,M013,VAL1,2733441,INR
5100003177,2025-11-19,4500001956,0000100054,M013,STC1,2917599,INR
5100003178,2024-09-26,4500002789,0000100146,M014,BAL1,1063672,INR
5100003179,2023-03-09,4500001688,0000100056,M039,COG1,145101513,USD
5100003180,2024-10-26,4500000324,0000100004,M011,HZL1,6738590,INR
5100003181,2024-01-27,4500002222,0000100006,M002,HZL1,3631184,INR
5100003182,2025-05-22,4500001167,0000100061,M013,VAL1,4610344,INR
5100003183,2024-01-16,4500000691,0000100020,M035,BAL1,1800521,INR
5100003184,2024-01-22,4500001358,0000100100,M029,VAL1,5591639,INR
5100003185,2024-01-19,4500002744,0000100078,M036,VAL1,41097999,INR
5100003186,2024-05-11,4500000935,0000100023,M043,BAL1,3376835,INR
5100003187,2024-04-09,4500000425,0000100138,M046,COG1,7563197,EUR
5100003188,2024-05-07,4500001448,0000100099,M003,VAL1,73883994,INR
5100003189,2024-11-19,4500001799,0000100099,M063,BAL1,862837,INR
5100003190,2023-04-20,4500002737,0000100095,M060,STC1,34280507,INR
5100003191,2025-05-30,4500000035,0000100046,M048,HZL1,1423414,INR
5100003192,2025-04-24,4500002504,0000100140,M008,COG1,663744,INR
5100003193,2023-03-05,4500001019,0000100061,M005,VAL1,119984092,INR
5100003194,2023-11-12,4500002786,0000100134,M028,COR1,7349662,INR
5100003195,2024-01-20,4500000870,0000100108,M018,BAL1,30697800,INR
5100003196,2024-05-12,4500002505,0000100126,M012,BAL1,2123283,INR
5100003197,2024-12-07,4500003040,0000100007,M034,COG1,45392861,INR
5100003198,2025-01-23,4500001312,0000100005,M035,VAL1,41908877,INR
5100003199,2024-05-27,4500002083,0000100066,M028,HZL1,1786667,EUR
5100003200,2025-03-12,4500000483,0000100108,M009,COR1,7586198,INR
5100003201,2025-03-21,4500000759,0000100089,M031,BAL1,46009998,INR
5100003202,2023-07-29,4500002372,0000100069,M025,HZL1,10063567,INR
5100003203,2024-12-03,4500000818,0000100149,M006,HZL1,46268409,INR
5100003204,2025-02-01,4500000354,0000100099,M009,COR1,3414762,INR
5100003205,2025-03-03,4500000226,0000100105,M015,HZL1,137279452,EUR
5100003206,2024-02-10,4500003165,0000100085,M010,HZL1,1972991,INR
5100003207,2024-12-02,4500000411,0000100038,M007,COG1,1723040,INR
5100003208,2023-10-17,4500003110,0000100126,M028,HZL1,2660258,INR
5100003209,2023-11-25,4500001574,0000100118,M032,HZL1,1135721,INR
5100003210,2025-05-02,4500002657,0000100079,M003,COG1,11154615,INR
5100003211,2025-11-29,4500000716,0000100024,M049,VAL1,1488046,INR
5100003212,2024-11-18,4500001294,0000100020,M014,HZL1,2054155,INR
5100003213,2025-06-12,4500002935,0000100066,M033,VAL1,21028339,INR
5100003214,2023-05-17,4500001043,0000100087,M008,HZL1,811261,INR
5100003215,2025-04-18,4500001840,0000100018,M001,VAL1,24998442,INR
5100003216,2024-06-01,4500000748,0000100094,M022,IOD1,4348920,EUR
5100003217,2025-07-02,4500002808,0000100030,M029,HZL1,1475369,INR
5100003218,2025-06-26,4500001325,0000100074,M022,COG1,32655507,EUR
5100003219,2024-10-06,4500001102,0000100082,M002,VAL1,6046820,INR
5100003220,2025-07-10,4500000116,0000100053,M059,STC1,3268502,INR
5100003221,2025-06-23,4500001948,0000100142,M029,HZL1,11979087,EUR
5100003222,2023-10-02,4500002820,0000100097,M030,HZL1,1571651,INR
5100003223,2025-05-13,4500001074,0000100135,M049,STC1,1322490,INR
5100003224,2024-11-12,4500003101,0000100106,M010,VAL1,4940979,INR
5100003225,2024-03-21,4500003171,0000100148,M009,VAL1,3975536,INR
5100003226,2025-02-28,4500001183,0000100012,M033,VAL1,15626162,EUR
5100003227,2023-03-03,4500001205,0000100112,M042,HZL1,6722688,INR
5100003228,2023-07-23,4500002761,0000100160,M022,BAL1,2632729,INR
5100003229,2023-06-15,4500000407,0000100103,M035,VAL1,41192951,INR
5100003230,2025-01-24,4500000309,0000100086,M026,COG1,9582861,INR
5100003231,2024-12-31,4500001808,0000100027,M023,HZL1,30185042,INR
5100003232,2025-10-22,4500001241,0000100034,M040,STC1,5972837,INR
5100003233,2025-10-05,4500002414,0000100041,M047,BAL1,843328,INR
5100003234,2024-02-13,4500002336,0000100052,M062,VAL1,12993095,INR
5100003235,2025-01-17,4500002548,0000100134,M034,VAL1,12973161,INR
5100003236,2023-03-31,4500000567,0000100110,M026,HZL1,1050722,INR
5100003237,2025-07-10,4500001119,0000100063,M010,HZL1,6865856,INR
5100003238,2023-10-31,4500000898,0000100067,M022,VAL1,3597920,INR
5100003239,2025-04-14,4500000928,0000100038,M017,COG1,42811793,INR
5100003240,2025-01-20,4500001156,0000100114,M057,HZL1,14312914,INR
5100003241,2023-11-17,4500001980,0000100073,M030,VAL1,6434562,INR
5100003242,2024-08-15,4500001357,0000100050,M010,HZL1,4958761,INR
5100003243,2025-09-20,4500000628,0000100143,M038,VAL1,79126797,INR
5100003244,2025-01-26,4500001534,0000100067,M032,VAL1,12863766,INR
5100003245,2023-08-17,4500001348,0000100005,M010,VAL1,1443899,INR
5100003246,2025-04-10,4500003061,0000100153,M054,BAL1,4432398,INR
5100003247,2024-02-16,4500002673,0000100130,M025,HZL1,3129740,INR
5100003248,2025-04-13,4500000661,0000100003,M015,COR1,17135949,INR
5100003249,2025-11-09,4500001711,0000100106,M010,VAL1,3592483,INR
5100003250,2025-07-06,4500002490,0000100028,M047,HZL1,2475606,INR
5100003251,2025-08-15,4500002231,0000100152,M013,STC1,1877423,INR
5100003252,2025-06-20,4500002686,0000100067,M052,HZL1,4130347,INR
5100003253,2023-05-06,4500000866,0000100005,M025,COG1,4522719,INR
5100003254,2023-08-20,4500000924,0000100154,M034,HZL1,16643827,INR
5100003255,2024-09-26,4500000973,0000100136,M021,COG1,14268564,INR
5100003256,2024-04-29,4500000543,0000100007,M014,COG1,2946864,INR
5100003257,2023-04-01,4500002736,0000100150,M001,VAL1,75547669,INR
5100003258,2024-02-06,4500001925,0000100059,M056,BAL1,27060230,INR
5100003259,2024-07-26,4500002075,0000100036,M002,BAL1,72447988,INR
5100003260,2025-09-18,4500000087,0000100084,M010,BAL1,2011648,INR
5100003261,2024-02-23,4500000471,0000100142,M013,VAL1,17124933,USD
5100003262,2023-02-05,4500002636,0000100151,M025,HZL1,15481741,INR
5100003263,2025-07-04,4500002927,0000100101,M010,BAL1,2165813,INR
5100003264,2023-11-14,4500000323,0000100112,M028,VAL1,1584941,INR
5100003265,2025-05-18,4500000614,0000100011,M039,VAL1,6681959,INR
5100003266,2023-12-12,4500000412,0000100035,M012,STC1,5389207,INR
5100003267,2023-04-19,4500000957,0000100005,M049,HZL1,2510850,INR
5100003268,2023-02-20,4500002884,0000100053,M012,COG1,6647059,INR
5100003269,2025-03-09,4500001597,0000100115,M057,STC1,4911318,INR
5100003270,2024-05-25,4500002407,0000100051,M018,HZL1,203386184,INR
5100003271,2025-10-18,4500002826,0000100119,M042,STC1,35346750,INR
5100003272,2024-04-03,4500002343,0000100095,M053,COG1,24774606,INR
5100003273,2025-08-17,4500002714,0000100028,M043,HZL1,1276820,INR
5100003274,2024-01-30,4500000208,0000100134,M010,HZL1,507626,INR
5100003275,2023-12-22,4500002340,0000100101,M025,BAL1,12228399,INR
5100003276,2024-05-24,4500002505,0000100022,M050,BAL1,979036,INR
5100003277,2025-05-01,4500002541,0000100126,M014,HZL1,2477460,INR
5100003278,2025-07-31,4500001374,0000100158,M049,STC1,2139643,INR
5100003279,2025-10-22,4500000776,0000100047,M004,IOD1,19941733,INR
5100003280,2024-05-10,4500000547,0000100039,M005,HZL1,25791007,INR
5100003281,2025-07-11,4500002093,0000100131,M007,BAL1,1559294,INR
5100003282,2024-01-13,4500002436,0000100100,M047,VAL1,838682,INR
5100003283,2025-06-02,4500000939,0000100139,M033,VAL1,27499378,INR
5100003284,2024-09-17,4500002599,0000100059,M013,STC1,3854692,INR
5100003285,2025-06-10,4500000936,0000100020,M043,HZL1,1807862,INR
5100003286,2023-07-28,4500002325,0000100044,M009,VAL1,2766514,INR
5100003287,2025-01-13,4500002881,0000100130,M012,VAL1,2465051,INR
5100003288,2024-08-12,4500001587,0000100110,M006,COR1,48534177,INR
5100003289,2023-12-24,4500002088,0000100050,M047,HZL1,1386376,INR
5100003290,2025-04-17,4500001758,0000100027,M014,VAL1,1665678,INR
5100003291,2024-01-12,4500000208,0000100080,M010,HZL1,1706348,INR
5100003292,2025-08-27,4500000599,0000100002,M005,COR1,13790283,INR
5100003293,2023-12-02,4500002250,0000100106,M012,HZL1,7112535,INR
5100003294,2025-04-02,4500003281,0000100119,M008,VAL1,2827966,INR
5100003295,2025-01-03,4500002634,0000100065,M045,HZL1,5986477,INR
5100003296,2024-08-07,4500001537,0000100045,M049,HZL1,1546943,INR
5100003297,2023-04-25,4500001036,0000100090,M042,VAL1,8009734,INR
5100003298,2025-04-27,4500003104,0000100025,M042,HZL1,2872819,INR
5100003299,2024-03-23,4500001284,0000100016,M012,HZL1,7773135,INR
5100003300,2025-07-19,4500001645,0000100138,M011,HZL1,5563326,EUR
5100003301,2023-10-03,4500003123,0000100013,M052,COG1,8990661,INR
5100003302,2024-04-06,4500002347,0000100045,M030,STC1,11010185,INR
5100003303,2024-03-09,4500002867,0000100112,M043,VAL1,2171041,INR
5100003304,2023-05-01,4500002596,0000100112,M040,HZL1,4767542,INR
5100003305,2025-04-28,4500000926,0000100015,M063,BAL1,1329670,INR
5100003306,2024-07-21,4500000646,0000100156,M005,VAL1,107187515,INR
5100003307,2023-11-16,4500001710,0000100084,M058,HZL1,6341431,INR
5100003308,2025-06-14,4500002686,0000100146,M041,HZL1,12608447,INR
5100003309,2024-10-17,4500001750,0000100112,M010,IOD1,2582883,INR
5100003310,2023-03-05,4500000816,0000100035,M002,HZL1,28677847,INR
5100003311,2025-09-09,4500001107,0000100016,M004,VAL1,11548802,INR
5100003312,2023-10-14,4500001271,0000100069,M031,HZL1,6176439,INR
5100003313,2024-08-22,4500001821,0000100064,M004,STC1,55919368,INR
5100003314,2025-08-10,4500001394,0000100158,M029,HZL1,15059881,INR
5100003315,2025-01-02,4500000810,0000100044,M044,HZL1,6059728,INR
5100003316,2023-06-26,4500000303,0000100129,M002,VAL1,21365039,INR
5100003317,2024-10-26,4500001622,0000100076,M041,HZL1,6691782,USD
5100003318,2025-07-25,4500000196,0000100043,M030,IOD1,6597441,INR
5100003319,2023-05-24,4500002123,0000100108,M057,HZL1,20141605,INR
5100003320,2024-06-05,4500000722,0000100015,M030,IOD1,9052171,INR
5100003321,2025-03-09,4500002099,0000100052,M023,HZL1,7944330,INR
5100003322,2025-02-15,4500002191,0000100052,M010,STC1,1494025,INR
5100003323,2024-05-03,4500000543,0000100067,M009,COG1,3052321,INR
5100003324,2024-04-07,4500003062,0000100023,M062,HZL1,5455107,INR
5100003325,2024-03-20,4500000378,0000100005,M023,VAL1,5458254,INR
5100003326,2023-08-07,4500000108,0000100077,M007,IOD1,3144214,INR
5100003327,2025-03-16,4500002606,0000100020,M013,IOD1,17246556,INR
5100003328,2024-12-14,4500001311,0000100134,M009,HZL1,4640723,INR
5100003329,2025-06-18,4500001279,0000100023,M041,COG1,10657041,INR
5100003330,2025-01-13,4500001639,0000100114,M010,VAL1,9770906,INR
5100003331,2024-12-16,4500000687,0000100025,M053,HZL1,105319616,INR
5100003332,2023-08-17,4500002611,0000100032,M008,STC1,1201136,EUR
5100003333,2023-12-09,4500001535,0000100156,M050,VAL1,4925195,USD
5100003334,2025-08-14,4500002656,0000100050,M013,VAL1,6181220,INR
5100003335,2024-06-25,4500000763,0000100080,M007,HZL1,1427777,EUR
5100003336,2025-02-04,4500001400,0000100041,M044,HZL1,2665265,INR
5100003337,2025-10-28,4500000804,0000100004,M008,HZL1,6189801,INR
5100003338,2023-06-29,4500001887,0000100069,M031,VAL1,16247847,INR
5100003339,2024-11-03,4500001207,0000100139,M012,VAL1,1640551,INR
5100003340,2024-07-30,4500000184,0000100130,M029,VAL1,20102682,INR
5100003341,2025-12-29,4500000444,0000100070,M016,HZL1,240052577,INR
5100003342,2025-07-28,4500002231,0000100032,M001,STC1,29417171,INR
5100003343,2025-08-31,4500001214,0000100150,M021,HZL1,10219905,INR
5100003344,2024-06-27,4500002000,0000100007,M021,STC1,14336398,INR
5100003345,2023-09-30,4500000008,0000100114,M009,COG1,508252,INR
5100003346,2025-01-08,4500002126,0000100087,M053,VAL1,4804165,INR
5100003347,2025-08-07,4500000084,0000100042,M002,STC1,11546962,INR
5100003348,2025-03-01,4500000542,0000100129,M058,COR1,9745412,INR
5100003349,2024-06-30,4500002354,0000100063,M014,BAL1,2829192,INR
5100003350,2024-10-15,4500000094,0000100118,M005,STC1,30226407,INR
5100003351,2024-03-30,4500001284,0000100070,M046,HZL1,3368252,INR
5100003352,2024-03-15,4500000865,0000100065,M013,VAL1,663808,INR
5100003353,2025-12-07,4500002133,0000100110,M009,BAL1,3109552,INR
5100003354,2025-12-27,4500003254,0000100060,M051,BAL1,2759474,EUR
5100003355,2023-08-28,4500001201,0000100052,M035,VAL1,22498708,INR
5100003356,2025-10-13,4500003299,0000100031,M010,HZL1,7808740,INR
5100003357,2025-03-08,4500002666,0000100146,M049,HZL1,1598392,INR
5100003358,2025-01-18,4500003075,0000100073,M001,VAL1,82809237,INR
5100003359,2025-01-27,4500001838,0000100079,M004,VAL1,29712722,INR
5100003360,2023-01-31,4500003209,0000100152,M002,HZL1,13222531,INR
5100003361,2024-04-21,4500001013,0000100063,M060,BAL1,10139840,INR
5100003362,2024-09-09,4500000024,0000100109,M027,HZL1,4218102,INR
5100003363,2025-11-13,4500002923,0000100100,M034,HZL1,7542776,INR
5100003364,2024-05-01,4500001668,0000100075,M034,HZL1,18921918,USD
5100003365,2023-06-15,4500003279,0000100085,M022,HZL1,26015213,INR
5100003366,2025-01-09,4500002281,0000100051,M022,HZL1,26854831,INR
5100003367,2024-09-04,4500000347,0000100135,M028,HZL1,16208041,INR
5100003368,2024-04-15,4500002577,0000100130,M063,HZL1,2977964,INR
5100003369,2024-11-14,4500000218,0000100100,M042,BAL1,6559391,INR
5100003370,2025-10-22,4500000448,0000100130,M053,HZL1,59821768,INR
5100003371,2024-09-18,4500000024,0000100158,M009,HZL1,6431664,INR
5100003372,2025-03-08,4500003189,0000100144,M035,HZL1,13547040,EUR
5100003373,2023-02-26,4500001788,0000100021,M038,STC1,17345713,INR
5100003374,2023-07-16,4500003120,0000100027,M046,BAL1,3541784,INR
5100003375,2024-02-20,4500001771,0000100140,M052,HZL1,62828420,INR
5100003376,2025-06-09,4500002630,0000100140,M061,HZL1,5893696,INR
5100003377,2024-08-16,4500002130,0000100150,M046,HZL1,1197534,INR
5100003378,2025-08-06,4500002711,0000100074,M014,HZL1,4649436,USD
5100003379,2025-10-06,4500002365,0000100017,M052,BAL1,15953531,INR
5100003380,2025-02-14,4500002366,0000100028,M056,IOD1,30735222,INR
5100003381,2023-02-23,4500001075,0000100059,M023,STC1,13500073,INR
5100003382,2025-12-29,4500003164,0000100073,M014,VAL1,4428653,INR
5100003383,2024-11-13,4500001405,0000100006,M056,HZL1,13983405,INR
5100003384,2025-07-09,4500002208,0000100128,M041,COG1,30604396,EUR
5100003385,2024-08-28,4500000886,0000100100,M052,VAL1,27213492,INR
5100003386,2025-12-30,4500002612,0000100014,M006,STC1,46478239,INR
5100003387,2023-11-14,4500002693,0000100003,M056,VAL1,14115891,INR
5100003388,2024-07-20,4500001821,0000100059,M042,STC1,9371899,INR
5100003389,2024-01-11,4500001983,0000100053,M037,IOD1,39596833,INR
5100003390,2024-04-03,4500002766,0000100078,M049,HZL1,1096650,INR
5100003391,2025-07-16,4500002625,0000100035,M046,STC1,6866004,INR
5100003392,2025-01-20,4500000556,0000100012,M002,HZL1,35382745,USD
5100003393,2023-11-13,4500001509,0000100037,M039,HZL1,6013991,USD
5100003394,2025-05-29,4500001766,0000100062,M024,HZL1,3833568,INR
5100003395,2024-03-04,4500002308,0000100104,M001,STC1,35204374,INR
5100003396,2023-04-27,4500002640,0000100117,M039,COR1,6276805,INR
5100003397,2024-03-30,4500002113,0000100111,M038,HZL1,27222661,INR
5100003398,2024-01-09,4500003139,0000100066,M012,BAL1,12855256,INR
5100003399,2024-07-25,4500000132,0000100097,M051,VAL1,69242668,INR
5100003400,2024-06-06,4500002319,0000100143,M033,COG1,22602986,INR
5100003401,2023-05-19,4500002587,0000100126,M002,HZL1,20687225,INR
5100003402,2023-10-03,4500000388,0000100077,M009,COR1,1644632,INR
5100003403,2025-06-05,4500001325,0000100064,M016,COG1,72539965,INR
5100003404,2023-08-10,4500002972,0000100137,M014,VAL1,1366639,EUR
5100003405,2024-08-15,4500001131,0000100078,M040,VAL1,4665713,INR
5100003406,2024-02-13,4500000001,0000100153,M014,COG1,5522261,EUR
5100003407,2023-10-24,4500002851,0000100103,M054,HZL1,14564647,INR
5100003408,2023-09-08,4500002862,0000100006,M036,VAL1,51102122,INR
5100003409,2025-10-30,4500002033,0000100146,M060,STC1,14640705,INR
5100003410,2023-07-17,4500001641,0000100148,M027,VAL1,17024288,INR
5100003411,2023-02-17,4500000816,0000100056,M024,HZL1,6616166,USD
5100003412,2024-03-23,4500001208,0000100058,M057,STC1,15494694,EUR
5100003413,2024-07-14,4500002017,0000100006,M006,VAL1,104874765,INR
5100003414,2023-06-21,4500002479,0000100119,M010,HZL1,1328953,INR
5100003415,2024-01-25,4500002100,0000100052,M006,BAL1,23077428,INR
5100003416,2023-02-17,4500002236,0000100095,M015,HZL1,25240968,INR
5100003417,2024-07-09,4500000829,0000100127,M038,VAL1,25485975,INR
5100003418,2025-09-04,4500002361,0000100016,M007,STC1,221522,INR
5100003419,2023-05-19,4500000866,0000100022,M002,COG1,41176147,INR
5100003420,2023-11-23,4500000914,0000100075,M002,VAL1,83396119,USD
5100003421,2024-09-24,4500000918,0000100044,M013,HZL1,1963111,INR
5100003422,2025-03-14,4500002764,0000100142,M060,VAL1,13593937,USD
5100003423,2023-07-28,4500002904,0000100044,M047,HZL1,705243,INR
5100003424,2023-07-04,4500002230,0000100115,M012,HZL1,13312290,INR
5100003425,2024-05-20,4500001674,0000100097,M010,VAL1,7676692,INR
5100003426,2025-09-29,4500000350,0000100001,M028,VAL1,12574166,INR
5100003427,2025-09-06,4500000871,0000100057,M032,HZL1,6731701,INR
5100003428,2025-01-01,4500002486,0000100035,M033,BAL1,20474007,INR
5100003429,2024-09-04,4500002533,0000100099,M055,STC1,4188649,INR
5100003430,2025-04-04,4500000695,0000100138,M009,VAL1,5804697,EUR
5100003431,2024-01-25,4500002556,0000100158,M038,HZL1,23475619,INR
5100003432,2025-10-10,4500002039,0000100042,M021,HZL1,22375875,INR
5100003433,2023-05-23,4500002539,0000100107,M044,HZL1,11581691,EUR
5100003434,2024-05-31,4500000858,0000100134,M004,IOD1,27809580,INR
5100003435,2025-02-10,4500000016,0000100057,M045,COG1,5887355,INR
5100003436,2025-08-19,4500000233,0000100046,M006,VAL1,16022915,INR
5100003437,2023-03-12,4500002474,0000100117,M025,HZL1,14621435,INR
5100003438,2024-06-12,4500000675,0000100061,M042,HZL1,2534340,INR
5100003439,2023-05-18,4500001227,0000100038,M007,VAL1,2280314,INR
5100003440,2024-01-13,4500000398,0000100110,M008,COG1,7934556,INR
5100003441,2023-03-19,4500000550,0000100104,M022,VAL1,30148202,INR
5100003442,2023-07-08,4500001476,0000100095,M042,STC1,36857869,INR
5100003443,2025-10-23,4500002039,0000100145,M009,HZL1,2353412,INR
5100003444,2025-06-18,4500001913,0000100132,M024,STC1,57968433,INR
5100003445,2025-08-09,4500002929,0000100027,M035,VAL1,14780477,INR
5100003446,2025-05-20,4500000035,0000100020,M041,HZL1,5305570,INR
5100003447,2024-06-28,4500002073,0000100099,M035,COG1,6533721,INR
5100003448,2025-03-06,4500001810,0000100084,M010,HZL1,3809558,INR
5100003449,2025-02-08,4500001412,0000100100,M008,STC1,300026,INR
5100003450,2024-05-11,4500002328,0000100046,M058,COG1,17495147,INR
5100003451,2023-06-26,4500002703,0000100045,M005,BAL1,47105187,INR
5100003452,2025-10-28,4500002141,0000100046,M058,HZL1,9521742,INR
5100003453,2023-10-09,4500002924,0000100001,M041,HZL1,2045241,INR
5100003454,2024-07-01,4500002245,0000100109,M032,HZL1,4496372,INR
5100003455,2023-08-28,4500003214,0000100069,M016,IOD1,29757675,INR
5100003456,2024-11-15,4500002151,0000100081,M001,HZL1,34484838,INR
5100003457,2025-08-09,4500003183,0000100042,M047,COR1,897086,USD
5100003458,2023-09-04,4500001847,0000100038,M041,HZL1,3437825,INR
5100003459,2023-06-02,4500002815,0000100045,M045,VAL1,1033377,INR
5100003460,2023-11-04,4500002537,0000100088,M016,HZL1,30688609,INR
5100003461,2023-09-06,4500000984,0000100054,M036,COR1,549401491,EUR
5100003462,2024-03-03,4500001687,0000100077,M003,STC1,21827434,INR
5100003463,2023-11-26,4500001371,0000100143,M024,VAL1,22516328,INR
5100003464,2025-09-18,4500003143,0000100063,M038,HZL1,8659093,INR
5100003465,2025-08-01,4500002699,0000100147,M062,VAL1,8819244,INR
5100003466,2025-03-17,4500003059,0000100106,M048,COR1,2738002,INR
5100003467,2024-03-30,4500000724,0000100136,M025,HZL1,14950331,INR
5100003468,2023-09-06,4500002820,0000100027,M006,HZL1,44302467,INR
5100003469,2025-01-08,4500001532,0000100117,M040,STC1,4030448,INR
5100003470,2023-12-08,4500001589,0000100151,M049,VAL1,928375,INR
5100003471,2023-07-16,4500002921,0000100150,M041,VAL1,2921471,INR
5100003472,2025-02-03,4500002201,0000100134,M012,IOD1,3136840,INR
5100003473,2023-06-02,4500000897,0000100137,M039,HZL1,11456503,USD
5100003474,2023-12-14,4500000708,0000100109,M055,VAL1,4444503,INR
5100003475,2024-10-13,4500001834,0000100081,M010,HZL1,8709635,INR
5100003476,2024-03-03,4500003266,0000100063,M001,HZL1,70231593,INR
5100003477,2023-04-21,4500000381,0000100034,M052,HZL1,12414656,INR
5100003478,2025-09-24,4500000336,0000100101,M053,HZL1,16707625,INR
5100003479,2025-03-13,4500002019,0000100133,M031,VAL1,11062186,USD
5100003480,2024-04-27,4500000177,0000100127,M033,VAL1,21369276,INR
5100003481,2023-06-15,4500000681,0000100006,M016,VAL1,103807134,INR
5100003482,2025-08-05,4500000308,0000100140,M007,IOD1,17658105,INR
5100003483,2025-05-13,4500000117,0000100051,M052,STC1,10060324,INR
5100003484,2024-09-02,4500003155,0000100071,M022,HZL1,4518277,INR
5100003485,2025-04-12,4500002315,0000100127,M062,IOD1,12085746,INR
5100003486,2025-01-25,4500003022,0000100159,M026,IOD1,14141965,INR
5100003487,2025-01-17,4500001726,0000100127,M021,VAL1,36403526,INR
5100003488,2024-12-20,4500002817,0000100051,M061,BAL1,15608915,INR
5100003489,2024-01-15,4500002106,0000100093,M039,VAL1,3008827,INR
5100003490,2023-07-21,4500002899,0000100010,M012,STC1,1385662,USD
5100003491,2023-10-08,4500000304,0000100128,M019,COG1,151186368,EUR
5100003492,2023-12-13,4500001090,0000100026,M042,HZL1,1384466,INR
5100003493,2025-08-14,4500000061,0000100150,M016,STC1,47751846,INR
5100003494,2024-02-27,4500002963,0000100091,M005,HZL1,29655371,INR
5100003495,2024-06-25,4500000500,0000100078,M051,STC1,23162318,INR
5100003496,2024-09-19,4500002647,0000100135,M022,VAL1,11344672,INR
5100003497,2024-04-13,4500001494,0000100157,M033,VAL1,4827083,INR
5100003498,2024-05-13,4500000935,0000100050,M024,BAL1,2684604,INR
5100003499,2023-10-12,4500000455,0000100004,M041,VAL1,7683654,INR
5100003500,2025-09-08,4500003274,0000100158,M025,HZL1,20134090,INR
5100003501,2025-08-07,4500000377,0000100066,M036,COG1,8156326,EUR
5100003502,2025-12-28,4500001931,0000100032,M041,COG1,6458165,INR
5100003503,2025-02-09,4500002210,0000100062,M013,BAL1,6965008,INR
5100003504,2024-12-31,4500003002,0000100127,M040,COR1,34599801,INR
5100003505,2023-10-03,4500003125,0000100021,M049,BAL1,732719,INR
5100003506,2025-07-15,4500000089,0000100116,M013,HZL1,1438398,INR
5100003507,2025-04-10,4500003061,0000100029,M022,BAL1,7375440,INR
5100003508,2023-05-25,4500000408,0000100031,M029,HZL1,4423586,INR
5100003509,2024-01-02,4500000941,0000100075,M048,VAL1,1665220,INR
5100003510,2024-12-14,4500000494,0000100120,M009,COG1,2364627,INR
5100003511,2025-09-17,4500002796,0000100077,M025,VAL1,33879426,INR
5100003512,2024-06-06,4500002646,0000100115,M032,HZL1,22026137,INR
5100003513,2023-05-20,4500001985,0000100011,M001,HZL1,70059739,USD
5100003514,2024-01-24,4500002514,0000100154,M046,VAL1,4365484,INR
5100003515,2023-11-23,4500000289,0000100059,M007,VAL1,4382520,INR
5100003516,2023-07-21,4500002230,0000100078,M023,HZL1,2293356,INR
5100003517,2023-10-01,4500000172,0000100048,M050,VAL1,1016429,USD
5100003518,2024-08-21,4500002841,0000100045,M056,COG1,11377121,INR
5100003519,2025-02-04,4500001187,0000100100,M033,VAL1,17742421,INR
5100003520,2025-10-07,4500002560,0000100035,M021,STC1,36933307,INR
5100003521,2023-04-11,4500002179,0000100135,M044,VAL1,5968957,INR
5100003522,2025-03-15,4500001597,0000100062,M036,STC1,6759239,INR
5100003523,2023-12-08,4500000693,0000100091,M013,COR1,5550576,INR
5100003524,2025-07-10,4500002777,0000100090,M038,VAL1,11845954,INR
5100003525,2024-06-24,4500001078,0000100082,M003,STC1,14673888,INR
5100003526,2024-01-04,4500002072,0000100143,M052,VAL1,10794803,INR
5100003527,2024-02-08,4500001447,0000100126,M037,STC1,15060963,INR
5100003528,2024-10-19,4500002183,0000100140,M042,STC1,8283582,INR
5100003529,2025-12-11,4500001292,0000100044,M010,HZL1,6667607,INR
5100003530,2024-04-02,4500000080,0000100104,M005,BAL1,74033988,INR
5100003531,2024-08-19,4500000090,0000100015,M028,STC1,6676338,INR
5100003532,2024-02-22,4500001415,0000100129,M008,STC1,3183858,INR
5100003533,2025-10-19,4500003143,0000100113,M050,HZL1,308599,INR
5100003534,2025-04-03,4500002622,0000100102,M024,VAL1,17980687,INR
5100003535,2025-08-22,4500000734,0000100150,M027,HZL1,16853550,INR
5100003536,2023-04-24,4500000830,0000100011,M021,IOD1,26370044,USD
5100003537,2025-04-28,4500002901,0000100012,M031,STC1,10470495,USD
5100003538,2025-03-28,4500000131,0000100153,M058,HZL1,14184788,INR
5100003539,2025-08-16,4500000110,0000100089,M011,BAL1,3785589,INR
5100003540,2024-10-17,4500001239,0000100045,M006,COG1,31760617,INR
5100003541,2025-03-15,4500000178,0000100033,M026,BAL1,32205955,INR
5100003542,2025-11-20,4500002859,0000100155,M065,STC1,638778,INR
5100003543,2025-02-22,4500000689,0000100040,M007,VAL1,1995623,INR
5100003544,2023-11-16,4500001610,0000100051,M006,HZL1,79453261,INR
5100003545,2023-07-11,4500003309,0000100061,M012,IOD1,10697686,INR
5100003546,2025-12-16,4500001671,0000100074,M012,HZL1,1745670,EUR
5100003547,2025-02-04,4500003176,0000100029,M014,HZL1,2490979,INR
5100003548,2024-10-21,4500000316,0000100049,M051,VAL1,1666540,INR
5100003549,2024-11-04,4500001876,0000100023,M006,VAL1,62853795,INR
5100003550,2023-10-31,4500000730,0000100136,M022,VAL1,16418668,INR
5100003551,2025-12-16,4500000363,0000100082,M013,STC1,1133279,INR
5100003552,2024-11-13,4500000477,0000100100,M042,HZL1,3641287,INR
5100003553,2025-09-17,4500001716,0000100061,M033,VAL1,17059222,INR
5100003554,2025-08-16,4500000370,0000100090,M006,VAL1,42632358,INR
5100003555,2025-11-20,4500002417,0000100146,M039,BAL1,11000707,INR
5100003556,2025-09-15,4500002806,0000100055,M007,BAL1,5020580,INR
5100003557,2025-03-21,4500002352,0000100026,M040,HZL1,9323921,INR
5100003558,2023-02-03,4500000629,0000100043,M045,HZL1,5067906,INR
5100003559,2023-09-21,4500001706,0000100033,M036,VAL1,56414224,INR
5100003560,2024-02-19,4500000684,0000100134,M044,IOD1,9508441,INR
5100003561,2024-09-26,4500002667,0000100129,M026,COG1,30620631,INR
5100003562,2023-05-27,4500002819,0000100128,M028,VAL1,5054128,EUR
5100003563,2024-10-10,4500002618,0000100008,M039,HZL1,5692198,USD
5100003564,2024-12-08,4500001698,0000100108,M014,COG1,2552141,INR
5100003565,2024-10-12,4500002348,0000100112,M037,HZL1,93458426,INR
5100003566,2024-08-29,4500003292,0000100017,M012,COG1,4946907,INR
5100003567,2025-11-26,4500001218,0000100063,M011,HZL1,12823928,INR
5100003568,2025-08-28,4500000233,0000100121,M029,VAL1,85683551,INR
5100003569,2024-01-08,4500002514,0000100049,M052,VAL1,23655582,INR
5100003570,2025-04-19,4500002435,0000100054,M035,COR1,27339343,INR
5100003571,2025-07-14,4500002145,0000100046,M010,VAL1,1934386,INR
5100003572,2023-09-05,4500002900,0000100148,M027,HZL1,3178323,INR
5100003573,2025-07-26,4500002093,0000100101,M049,BAL1,2911596,INR
5100003574,2023-06-30,4500002949,0000100020,M032,HZL1,6526638,INR
5100003575,2024-03-04,4500002643,0000100151,M010,VAL1,4829571,INR
5100003576,2024-01-05,4500000106,0000100055,M024,IOD1,9576051,INR
5100003577,2024-12-02,4500001099,0000100114,M010,VAL1,1284470,INR
5100003578,2023-12-02,4500001186,0000100144,M065,BAL1,168136,USD
5100003579,2024-02-15,4500002222,0000100113,M025,HZL1,7797257,INR
5100003580,2025-01-28,4500003235,0000100006,M013,COG1,1628654,INR
5100003581,2025-09-11,4500001264,0000100150,M026,HZL1,12178540,INR
5100003582,2024-10-28,4500001200,0000100025,M021,HZL1,3895016,INR
5100003583,2024-05-12,4500001898,0000100067,M039,HZL1,5450786,INR
5100003584,2025-02-18,4500002311,0000100105,M009,VAL1,2211859,EUR
5100003585,2023-05-26,4500003161,0000100070,M043,COG1,2554528,INR
5100003586,2023-10-31,4500002787,0000100127,M012,HZL1,2218370,INR
5100003587,2024-10-03,4500000481,0000100014,M041,BAL1,5174515,INR
5100003588,2023-03-06,4500001550,0000100155,M034,VAL1,35268811,EUR
5100003589,2024-12-19,4500001002,0000100067,M014,IOD1,12924260,INR
5100003590,2024-08-07,4500002795,0000100140,M042,BAL1,17601192,INR
5100003591,2023-12-13,4500002744,0000100011,M041,VAL1,1021448,EUR
5100003592,2023-12-15,4500001527,0000100023,M036,COG1,29290084,INR
5100003593,2023-04-10,4500001027,0000100022,M023,HZL1,10754643,INR
5100003594,2025-06-29,4500000499,0000100157,M023,STC1,6671065,INR
5100003595,2024-09-02,4500001041,0000100073,M029,HZL1,2356360,INR
5100003596,2024-08-15,4500003150,0000100132,M024,STC1,17163671,INR
5100003597,2024-11-20,4500001023,0000100104,M047,VAL1,953360,INR
5100003598,2023-12-21,4500002106,0000100026,M045,VAL1,8712525,INR
5100003599,2025-08-13,4500002491,0000100018,M027,COG1,1734660,INR
5100003600,2023-08-10,4500001348,0000100039,M021,VAL1,75258216,USD
5100003601,2023-09-10,4500001456,0000100060,M005,VAL1,93361191,EUR
5100003602,2025-09-16,4500000037,0000100127,M003,HZL1,10049175,INR
5100003603,2025-10-16,4500000082,0000100084,M053,VAL1,46737317,INR
5100003604,2024-04-11,4500001338,0000100134,M054,VAL1,17942077,INR
5100003605,2024-09-30,4500002242,0000100011,M013,STC1,4832774,INR
5100003606,2025-12-09,4500002101,0000100011,M022,VAL1,14708374,USD
5100003607,2024-12-26,4500003066,0000100120,M038,VAL1,4988379,INR
5100003608,2024-01-14,4500001925,0000100079,M037,BAL1,10227057,INR
5100003609,2025-12-30,4500002677,0000100083,M012,BAL1,8096209,USD
5100003610,2025-02-23,4500002502,0000100068,M064,HZL1,717334,INR
5100003611,2025-01-21,4500002309,0000100148,M009,VAL1,2923835,INR
5100003612,2023-05-22,4500002914,0000100048,M049,HZL1,861659,INR
5100003613,2023-02-14,4500000033,0000100022,M002,STC1,26749588,INR
5100003614,2024-08-14,4500000419,0000100032,M007,VAL1,7557464,INR
5100003615,2024-11-07,4500002849,0000100160,M008,COR1,2452480,INR
5100003616,2025-01-06,4500002641,0000100004,M013,HZL1,379311,INR
5100003617,2024-06-06,4500000652,0000100054,M021,COG1,15660935,USD
5100003618,2023-06-28,4500000408,0000100107,M057,HZL1,6988094,INR
5100003619,2025-05-09,4500001911,0000100129,M008,BAL1,1635119,INR
5100003620,2025-03-07,4500002604,0000100150,M012,HZL1,5298632,INR
5100003621,2025-08-20,4500001153,0000100002,M064,BAL1,724777,INR
5100003622,2023-04-21,4500003161,0000100056,M022,COG1,9096771,USD
5100003623,2025-11-14,4500002429,0000100160,M001,VAL1,18979321,INR
5100003624,2025-07-08,4500003001,0000100002,M003,COR1,32769436,INR
5100003625,2025-02-11,4500003011,0000100092,M002,IOD1,39446037,USD
5100003626,2024-04-18,4500003276,0000100085,M051,HZL1,5673062,INR
5100003627,2023-05-08,4500002425,0000100062,M040,VAL1,4531294,INR
5100003628,2023-04-01,4500002472,0000100037,M012,VAL1,2346124,USD
5100003629,2025-06-07,4500001457,0000100147,M007,BAL1,1006926,INR
5100003630,2025-01-03,4500000900,0000100022,M027,COG1,5076567,INR
5100003631,2025-07-21,4500002768,0000100095,M049,BAL1,3704111,INR
5100003632,2024-07-27,4500001120,0000100153,M013,VAL1,3867593,INR
5100003633,2024-04-05,4500002237,0000100049,M053,COG1,11714472,EUR
5100003634,2024-05-26,4500003052,0000100034,M027,HZL1,9340523,INR
5100003635,2024-11-11,4500002877,0000100055,M012,VAL1,6154955,USD
5100003636,2024-06-24,4500002684,0000100131,M032,HZL1,6835591,INR
5100003637,2024-12-07,4500000492,0000100005,M013,STC1,1013858,INR
5100003638,2025-03-25,4500001752,0000100103,M035,HZL1,7623586,INR
5100003639,2025-03-25,4500000267,0000100148,M030,HZL1,5549831,INR
5100003640,2024-07-17,4500001078,0000100160,M039,STC1,5308080,INR
5100003641,2025-05-21,4500000705,0000100110,M006,HZL1,12072075,INR
5100003642,2023-07-03,4500001040,0000100118,M012,COG1,5123654,INR
5100003643,2023-05-19,4500002125,0000100006,M033,STC1,79106054,INR
5100003644,2024-05-06,4500002702,0000100002,M026,VAL1,18062381,INR
5100003645,2025-02-25,4500001586,0000100148,M018,STC1,22721573,INR
5100003646,2023-11-16,4500001173,0000100025,M050,IOD1,1697419,INR
5100003647,2025-10-12,4500000601,0000100104,M011,COR1,3696604,INR
5100003648,2024-03-13,4500001073,0000100075,M030,IOD1,7158248,EUR
5100003649,2024-12-12,4500000254,0000100031,M028,VAL1,3192523,INR
5100003650,2025-10-23,4500002623,0000100054,M054,STC1,3266543,INR
5100003651,2024-12-04,4500000880,0000100020,M027,HZL1,1600575,INR
5100003652,2024-05-31,4500003089,0000100004,M002,VAL1,23951998,INR
5100003653,2025-12-07,4500001178,0000100098,M007,HZL1,2098814,INR
5100003654,2025-03-26,4500003094,0000100146,M039,IOD1,7074500,INR
5100003655,2023-10-19,4500000351,0000100149,M050,COG1,282776,INR
5100003656,2024-11-12,4500000055,0000100038,M011,VAL1,844311,INR
5100003657,2024-06-21,4500002227,0000100046,M026,COG1,5853600,INR
5100003658,2023-09-13,4500003043,0000100076,M015,STC1,119161232,USD
5100003659,2024-04-24,4500003096,0000100141,M013,IOD1,3037302,INR
5100003660,2025-12-09,4500002861,0000100025,M022,COR1,11018031,INR
5100003661,2025-11-17,4500002893,0000100076,M021,HZL1,43730426,USD
5100003662,2024-06-29,4500002907,0000100141,M001,COG1,73128594,INR
5100003663,2025-05-16,4500002541,0000100134,M050,HZL1,709494,INR
5100003664,2023-08-02,4500000686,0000100071,M009,COG1,1279494,INR
5100003665,2023-06-16,4500000303,0000100003,M006,VAL1,40885912,INR
5100003666,2025-08-25,4500001694,0000100023,M052,HZL1,7453635,INR
5100003667,2024-07-19,4500001421,0000100106,M039,STC1,2390049,INR
5100003668,2024-09-14,4500002415,0000100095,M004,STC1,30650780,INR
5100003669,2023-11-21,4500000862,0000100014,M051,IOD1,14519697,INR
5100003670,2023-10-10,4500001003,0000100040,M041,HZL1,8821756,INR
5100003671,2025-05-08,4500001088,0000100050,M014,HZL1,1157910,INR
5100003672,2025-05-05,4500001906,0000100034,M008,BAL1,4616520,INR
5100003673,2025-03-15,4500002105,0000100124,M020,IOD1,89347586,INR
5100003674,2024-08-17,4500002533,0000100097,M009,STC1,2332581,INR
5100003675,2024-06-11,4500002162,0000100030,M042,VAL1,3672378,INR
5100003676,2024-02-16,4500000086,0000100149,M033,HZL1,12519288,INR
5100003677,2023-07-17,4500001887,0000100127,M050,VAL1,1844643,INR
5100003678,2023-12-06,4500000155,0000100126,M057,VAL1,4516035,INR
5100003679,2024-12-07,4500000553,0000100049,M043,COR1,12000372,USD
5100003680,2023-11-12,4500000888,0000100159,M011,COG1,3957930,INR
5100003681,2025-02-05,4500000913,0000100027,M021,VAL1,5151250,INR
5100003682,2023-12-30,4500001589,0000100072,M021,VAL1,28900690,USD
5100003683,2025-09-03,4500001992,0000100099,M009,BAL1,3353693,INR
5100003684,2024-11-23,4500002877,0000100015,M041,VAL1,6891933,INR
5100003685,2023-04-12,4500002079,0000100008,M048,STC1,1263618,USD
5100003686,2023-06-20,4500001707,0000100070,M003,VAL1,28009098,INR
5100003687,2024-09-07,4500002681,0000100101,M004,HZL1,3071063,INR
5100003688,2024-12-05,4500002155,0000100020,M025,VAL1,14181642,INR
5100003689,2024-07-15,4500002834,0000100127,M031,COG1,9269562,INR
5100003690,2024-01-03,4500001737,0000100156,M007,COR1,1064251,INR
5100003691,2024-05-24,4500000858,0000100060,M038,IOD1,6138401,INR
5100003692,2025-01-14,4500000067,0000100134,M026,HZL1,26455949,INR
5100003693,2023-02-11,4500002804,0000100095,M051,VAL1,17818228,INR
5100003694,2025-10-27,4500000563,0000100021,M043,IOD1,12124515,INR
5100003695,2025-06-18,4500001004,0000100017,M042,HZL1,6803688,INR
5100003696,2025-06-19,4500002838,0000100090,M003,IOD1,6885504,INR
5100003697,2023-07-09,4500000584,0000100034,M039,VAL1,6539322,INR
5100003698,2024-08-25,4500000123,0000100036,M009,VAL1,2413348,INR
5100003699,2024-09-05,4500001067,0000100036,M057,STC1,5439838,INR
5100003700,2023-04-21,4500001101,0000100154,M008,COG1,841972,INR
5100003701,2024-11-20,4500001762,0000100038,M002,VAL1,22087369,INR
5100003702,2023-11-08,4500000237,0000100003,M025,HZL1,10047438,INR
5100003703,2024-10-25,4500000069,0000100125,M053,VAL1,14677999,EUR
5100003704,2025-03-30,4500001278,0000100013,M035,HZL1,9724155,INR
5100003705,2023-05-07,4500001585,0000100114,M047,VAL1,409591,INR
5100003706,2025-06-21,4500002442,0000100041,M013,STC1,3985833,INR
5100003707,2025-02-11,4500003072,0000100023,M029,VAL1,5985722,INR
5100003708,2024-01-18,4500000375,0000100150,M033,HZL1,22944873,INR
5100003709,2024-02-20,4500000361,0000100018,M028,VAL1,4622068,INR
5100003710,2024-12-09,4500001680,0000100105,M060,IOD1,9312673,INR
5100003711,2025-01-07,4500003291,0000100052,M047,BAL1,4336923,INR
5100003712,2025-04-30,4500003162,0000100019,M038,HZL1,18495067,INR
5100003713,2023-08-26,4500002232,0000100008,M013,BAL1,1224497,EUR
5100003714,2024-08-16,4500002795,0000100140,M024,BAL1,18971055,INR
5100003715,2024-09-16,4500001102,0000100009,M023,VAL1,4177106,EUR
5100003716,2024-10-11,4500001237,0000100082,M025,COG1,14220724,INR
5100003717,2024-01-25,4500000808,0000100024,M008,VAL1,1276868,INR
5100003718,2025-04-05,4500002685,0000100100,M046,BAL1,6430136,INR
5100003719,2024-05-19,4500000453,0000100016,M061,HZL1,12954852,INR
5100003720,2024-02-02,4500002149,0000100121,M014,STC1,3592296,INR
5100003721,2023-06-07,4500002471,0000100081,M015,HZL1,21516875,INR
5100003722,2025-07-16,4500002983,0000100016,M036,COR1,28328968,INR
5100003723,2025-04-20,4500001693,0000100159,M038,VAL1,31016846,INR
5100003724,2025-01-29,4500002530,0000100131,M024,STC1,15997375,INR
5100003725,2024-07-20,4500001421,0000100108,M009,STC1,8499439,INR
5100003726,2023-06-26,4500000259,0000100110,M039,HZL1,2486124,INR
5100003727,2025-08-26,4500000285,0000100065,M060,COG1,25734101,INR
5100003728,2023-10-16,4500000753,0000100132,M008,VAL1,2484953,INR
5100003729,2025-11-26,4500001392,0000100155,M024,VAL1,29990545,USD
5100003730,2023-12-13,4500001245,0000100156,M006,COG1,53681712,USD
5100003731,2023-08-27,4500003214,0000100065,M042,IOD1,6722070,INR
5100003732,2025-01-19,4500000883,0000100156,M017,VAL1,46234806,USD
5100003733,2024-06-22,4500000343,0000100123,M014,COR1,4757473,EUR
5100003734,2025-10-08,4500003028,0000100151,M014,BAL1,2547312,INR
5100003735,2024-10-21,4500000620,0000100011,M030,HZL1,11908498,EUR
5100003736,2025-03-24,4500002150,0000100001,M037,VAL1,22153471,INR
5100003737,2024-06-13,4500001115,0000100053,M037,COG1,29140636,INR
5100003738,2025-05-31,4500001024,0000100044,M010,STC1,2515045,INR
5100003739,2023-10-28,4500000273,0000100070,M051,STC1,49587182,INR
5100003740,2024-10-04,4500000878,0000100084,M009,COR1,7352914,INR
5100003741,2024-05-01,4500001877,0000100154,M046,HZL1,6376137,INR
5100003742,2023-12-18,4500001689,0000100014,M014,VAL1,10814955,INR
5100003743,2024-07-16,4500000201,0000100024,M011,STC1,1259317,INR
5100003744,2024-08-27,4500003150,0000100082,M029,STC1,3525373,INR
5100003745,2023-03-15,4500002588,0000100030,M001,COR1,29122340,INR
5100003746,2025-09-01,4500001449,0000100081,M026,STC1,14804373,INR
5100003747,2025-02-01,4500002261,0000100141,M025,COG1,12178004,INR
5100003748,2023-05-23,4500003007,0000100030,M005,COG1,11641426,INR
5100003749,2024-10-20,4500002668,0000100072,M003,HZL1,51241351,INR
5100003750,2025-01-15,4500002182,0000100149,M005,COG1,57489393,INR
5100003751,2025-06-08,4500000846,0000100054,M029,HZL1,7907112,INR
5100003752,2023-06-16,4500001531,0000100094,M027,HZL1,1580633,INR
5100003753,2023-05-25,4500001451,0000100118,M025,VAL1,40048824,INR
5100003754,2023-03-03,4500000021,0000100048,M038,VAL1,14779794,EUR
5100003755,2024-09-06,4500001112,0000100056,M009,IOD1,932253,INR
5100003756,2024-07-23,4500002008,0000100010,M042,HZL1,8508055,USD
5100003757,2025-09-04,4500001559,0000100029,M047,HZL1,634778,INR
5100003758,2025-01-26,4500000326,0000100002,M008,HZL1,1284808,INR
5100003759,2023-04-23,4500003161,0000100100,M027,COG1,7075295,INR
5100003760,2023-12-27,4500001443,0000100070,M022,HZL1,23611226,INR
5100003761,2023-11-20,4500000888,0000100026,M056,COG1,17162259,INR
5100003762,2023-07-11,4500002949,0000100090,M007,HZL1,3340503,INR
5100003763,2023-02-02,4500002236,0000100023,M001,HZL1,18678775,INR
5100003764,2024-05-21,4500000200,0000100053,M022,VAL1,21089216,INR
5100003765,2024-12-05,4500000596,0000100114,M023,COG1,6320963,INR
5100003766,2023-04-27,4500002819,0000100096,M024,VAL1,19344731,INR
5100003767,2024-03-04,4500002084,0000100029,M037,VAL1,19063287,INR
5100003768,2023-07-14,4500002037,0000100069,M027,VAL1,4918571,INR
5100003769,2024-04-18,4500002343,0000100018,M012,COG1,1173973,INR
5100003770,2025-03-28,4500002090,0000100027,M012,HZL1,1708642,INR
5100003771,2024-01-10,4500002467,0000100160,M048,VAL1,443738,INR
5100003772,2023-05-16,4500000830,0000100070,M003,IOD1,27724245,INR
5100003773,2024-03-08,4500000441,0000100130,M041,VAL1,8662451,INR
5100003774,2023-02-23,4500003209,0000100158,M061,HZL1,8497886,INR
5100003775,2024-11-10,4500001508,0000100004,M001,IOD1,39705625,INR
5100003776,2024-11-05,4500002345,0000100154,M025,VAL1,17103542,INR
5100003777,2025-12-10,4500000363,0000100095,M034,STC1,48283076,INR
5100003778,2025-05-25,4500000846,0000100091,M001,HZL1,61245152,INR
5100003779,2024-03-21,4500002784,0000100143,M061,COR1,6968904,INR
5100003780,2024-10-15,4500002341,0000100079,M046,VAL1,4265931,INR
5100003781,2025-08-21,4500000274,0000100032,M007,BAL1,716321,USD
5100003782,2023-12-20,4500000691,0000100084,M055,BAL1,29163858,INR
5100003783,2023-07-29,4500000879,0000100027,M013,COG1,4451625,INR
5100003784,2024-01-21,4500002620,0000100131,M041,COG1,13202494,INR
5100003785,2025-09-24,4500002365,0000100092,M005,BAL1,74661960,INR
5100003786,2024-01-16,4500001556,0000100095,M007,BAL1,16132254,INR
5100003787,2024-01-31,4500001883,0000100118,M061,IOD1,14500673,INR
5100003788,2025-04-08,4500001125,0000100045,M032,BAL1,3645300,INR
5100003789,2024-01-04,4500002088,0000100002,M027,HZL1,8143829,INR
5100003790,2024-10-21,4500000973,0000100068,M035,COG1,14783530,INR
5100003791,2024-09-10,4500000615,0000100045,M044,HZL1,6892664,INR
5100003792,2024-12-02,4500001762,0000100160,M008,VAL1,1115640,INR
5100003793,2024-08-15,4500003310,0000100114,M042,VAL1,17000798,INR
5100003794,2024-12-12,4500000253,0000100041,M008,VAL1,2016807,INR
5100003795,2025-11-26,4500001507,0000100081,M041,VAL1,5727895,INR
5100003796,2025-06-08,4500002082,0000100081,M008,HZL1,2520632,INR
5100003797,2024-03-06,4500003195,0000100150,M007,STC1,2578543,INR
5100003798,2024-05-12,4500002505,0000100154,M059,BAL1,4931082,INR
5100003799,2024-11-03,4500001888,0000100007,M011,STC1,2247619,INR
5100003800,2024-03-11,4500003055,0000100095,M037,HZL1,21154338,INR
5100003801,2025-09-27,4500000772,0000100067,M055,BAL1,14049705,INR
5100003802,2025-09-22,4500001716,0000100145,M010,VAL1,11418797,INR
5100003803,2024-06-11,4500002610,0000100146,M012,BAL1,4265145,INR
5100003804,2023-12-28,4500002620,0000100095,M041,COG1,12622633,INR
5100003805,2025-02-10,4500002449,0000100136,M051,VAL1,13265724,INR
5100003806,2023-08-15,4500002943,0000100089,M032,HZL1,5974018,INR
5100003807,2023-10-03,4500000388,0000100081,M007,COR1,3158499,INR
5100003808,2024-12-07,4500000692,0000100002,M034,COR1,3509568,INR
5100003809,2024-08-01,4500000153,0000100013,M012,VAL1,1086915,INR
5100003810,2024-12-20,4500003291,0000100036,M008,BAL1,7984352,INR
5100003811,2025-03-02,4500001231,0000100034,M007,HZL1,829343,INR
5100003812,2025-07-31,4500002499,0000100125,M024,STC1,20023611,EUR
5100003813,2024-06-04,4500000814,0000100156,M014,VAL1,801964,EUR
5100003814,2023-04-30,4500001190,0000100051,M034,HZL1,18165442,INR
5100003815,2025-09-15,4500001321,0000100002,M004,IOD1,40394406,INR
5100003816,2023-10-24,4500000289,0000100121,M021,VAL1,26016857,INR
5100003817,2023-05-06,4500002847,0000100091,M029,VAL1,3563563,INR
5100003818,2025-04-24,4500000435,0000100124,M049,BAL1,4612699,INR
5100003819,2025-10-20,4500003028,0000100145,M055,BAL1,8199876,INR
5100003820,2023-11-30,4500001331,0000100023,M008,STC1,6230932,INR
5100003821,2024-01-09,4500002892,0000100103,M023,HZL1,46949760,INR
5100003822,2024-06-13,4500002684,0000100069,M013,HZL1,272682,INR
5100003823,2025-01-08,4500002639,0000100104,M002,COG1,11477488,INR
5100003824,2023-02-22,4500000550,0000100021,M025,VAL1,7802148,INR
5100003825,2023-05-17,4500001035,0000100055,M003,HZL1,24163225,USD
5100003826,2025-05-14,4500001074,0000100128,M007,STC1,619698,EUR
5100003827,2024-08-04,4500002572,0000100113,M049,VAL1,1074353,INR
5100003828,2024-12-30,4500002569,0000100124,M028,VAL1,6377861,INR
5100003829,2025-04-26,4500001840,0000100140,M008,VAL1,1278208,INR
5100003830,2025-01-14,4500001210,0000100006,M043,VAL1,19938159,INR
5100003831,2024-08-23,4500000153,0000100141,M003,VAL1,14034358,INR
5100003832,2025-06-03,4500000300,0000100040,M025,COG1,15186204,INR
5100003833,2025-10-18,4500003081,0000100105,M023,IOD1,11447149,INR
5100003834,2024-05-28,4500002550,0000100072,M011,VAL1,3490635,INR
5100003835,2025-08-14,4500001946,0000100109,M022,VAL1,35027903,INR
5100003836,2025-11-02,4500002501,0000100033,M028,VAL1,23577541,INR
5100003837,2024-08-11,4500001724,0000100105,M032,STC1,9449413,EUR
5100003838,2025-10-06,4500000325,0000100064,M042,BAL1,9407020,INR
5100003839,2024-06-17,4500003273,0000100083,M046,COG1,2292388,EUR
5100003840,2024-08-24,4500002060,0000100044,M028,HZL1,5203923,INR
5100003841,2025-12-16,4500002853,0000100104,M011,VAL1,1322883,INR
5100003842,2025-12-26,4500002065,0000100037,M014,VAL1,8163162,EUR
5100003843,2025-05-01,4500001055,0000100121,M012,VAL1,2595319,INR
5100003844,2025-11-16,4500002448,0000100106,M013,BAL1,1701820,INR
5100003845,2025-06-04,4500001317,0000100017,M028,STC1,19199279,INR
5100003846,2025-04-30,4500001820,0000100006,M006,BAL1,5929779,INR
5100003847,2025-08-15,4500000991,0000100056,M020,VAL1,189645701,INR
5100003848,2025-11-13,4500003257,0000100082,M055,VAL1,21776894,INR
5100003849,2024-02-27,4500001976,0000100149,M060,BAL1,7536504,INR
5100003850,2025-05-11,4500000046,0000100150,M008,VAL1,6168246,INR
5100003851,2024-08-18,4500001459,0000100128,M007,COG1,7354337,INR
5100003852,2024-04-16,4500001284,0000100066,M028,HZL1,14572080,INR
5100003853,2025-09-24,4500002869,0000100139,M013,HZL1,8181202,INR
5100003854,2024-12-16,4500002103,0000100142,M008,STC1,1633070,INR
5100003855,2024-03-26,4500003293,0000100035,M010,VAL1,7043368,INR
5100003856,2024-03-10,4500001624,0000100023,M004,HZL1,46317950,INR
5100003857,2023-10-14,4500002080,0000100067,M048,IOD1,224572,INR
5100003858,2023-12-07,4500001211,0000100112,M005,STC1,25651969,INR
5100003859,2023-08-29,4500003079,0000100060,M053,VAL1,26455862,INR
5100003860,2024-12-29,4500002058,0000100025,M008,VAL1,4119399,INR
5100003861,2024-06-28,4500001897,0000100101,M014,VAL1,10225157,INR
5100003862,2024-10-19,4500002519,0000100063,M009,VAL1,2624773,INR
5100003863,2023-12-01,4500002205,0000100108,M051,STC1,31371024,INR
5100003864,2023-12-13,4500001212,0000100019,M024,HZL1,16583201,INR
5100003865,2025-03-26,4500000928,0000100096,M033,COG1,23508007,INR
5100003866,2024-06-25,4500000806,0000100085,M037,HZL1,20558891,INR
5100003867,2025-11-12,4500001292,0000100007,M010,HZL1,4892560,INR
5100003868,2025-01-05,4500000860,0000100041,M010,BAL1,841781,INR
5100003869,2024-03-28,4500002358,0000100124,M034,HZL1,2353432,INR
5100003870,2024-10-18,4500001165,0000100085,M008,STC1,14094187,INR
5100003871,2025-07-19,4500000711,0000100004,M026,BAL1,7353667,INR
5100003872,2025-02-22,4500002362,0000100008,M028,COR1,12108586,EUR
5100003873,2025-06-24,4500002300,0000100024,M028,VAL1,12356217,INR
5100003874,2025-09-28,4500001745,0000100027,M008,HZL1,4589331,INR
5100003875,2023-08-15,4500002317,0000100025,M054,VAL1,16187417,INR
5100003876,2023-11-11,4500001995,0000100104,M022,HZL1,28023810,INR
5100003877,2023-08-04,4500002875,0000100066,M042,BAL1,7026037,INR
5100003878,2025-12-12,4500002652,0000100092,M034,VAL1,25483284,EUR
5100003879,2023-12-11,4500001443,0000100036,M042,HZL1,11541489,INR
5100003880,2025-12-26,4500003246,0000100124,M026,VAL1,8088433,INR
5100003881,2024-06-23,4500002609,0000100007,M025,BAL1,2526861,INR
5100003882,2024-09-07,4500000212,0000100086,M003,BAL1,20163642,INR
5100003883,2025-11-22,4500000519,0000100084,M005,COG1,7287754,INR
5100003884,2024-06-22,4500000026,0000100126,M029,BAL1,8645462,INR
5100003885,2025-11-16,4500000112,0000100123,M045,COG1,4797454,USD
5100003886,2024-09-29,4500001935,0000100005,M053,HZL1,31831122,INR
5100003887,2025-11-01,4500002986,0000100088,M026,VAL1,8104170,INR
5100003888,2023-03-05,4500001497,0000100059,M029,HZL1,10453408,INR
5100003889,2025-07-21,4500001549,0000100046,M052,BAL1,6956889,INR
5100003890,2023-11-30,4500002205,0000100041,M013,STC1,1803918,INR
5100003891,2023-04-08,4500000970,0000100084,M012,HZL1,7066455,INR
5100003892,2025-03-04,4500001950,0000100090,M004,VAL1,10759780,INR
5100003893,2024-01-16,4500001675,0000100062,M001,HZL1,24383753,INR
5100003894,2023-10-22,4500000849,0000100047,M047,COG1,951904,INR
5100003895,2025-05-22,4500002645,0000100155,M004,HZL1,9754048,INR
5100003896,2023-10-08,4500002680,0000100101,M046,COG1,8490996,INR
5100003897,2025-09-11,4500002314,0000100015,M053,HZL1,11145152,INR
5100003898,2024-11-25,4500001680,0000100143,M033,IOD1,30067523,INR
5100003899,2024-04-21,4500001668,0000100041,M062,HZL1,4906469,INR
5100003900,2025-02-26,4500002200,0000100158,M011,HZL1,5599499,INR
5100003901,2024-07-06,4500002120,0000100154,M057,COG1,4275516,INR
5100003902,2023-04-19,4500000976,0000100004,M006,VAL1,12759567,INR
5100003903,2025-05-13,4500001773,0000100106,M025,IOD1,7430048,INR
5100003904,2023-11-20,4500001710,0000100138,M011,HZL1,3567913,INR
5100003905,2025-11-24,4500000783,0000100110,M025,VAL1,67636343,INR
5100003906,2024-03-09,4500000780,0000100091,M031,VAL1,28519141,INR
5100003907,2025-01-05,4500000750,0000100146,M042,BAL1,7280177,INR
5100003908,2025-02-25,4500000660,0000100132,M011,HZL1,12997606,INR
5100003909,2024-09-21,4500002909,0000100038,M039,BAL1,19122571,INR
5100003910,2023-05-03,4500001164,0000100028,M013,STC1,2748343,INR
5100003911,2023-10-26,4500002812,0000100062,M021,HZL1,17439230,INR
5100003912,2024-01-21,4500001925,0000100160,M037,BAL1,6809876,INR
5100003913,2025-05-15,4500002771,0000100018,M005,HZL1,20360075,INR
5100003914,2025-12-22,4500001308,0000100129,M061,HZL1,9691425,INR
5100003915,2025-02-07,4500001713,0000100150,M018,VAL1,55197173,INR
5100003916,2024-08-27,4500000248,0000100119,M032,VAL1,10826668,INR
5100003917,2023-11-25,4500000352,0000100131,M059,VAL1,12920865,INR
5100003918,2023-11-08,4500000149,0000100016,M013,IOD1,1459452,INR
5100003919,2023-09-09,4500002616,0000100113,M003,HZL1,17715245,INR
5100003920,2024-02-15,4500002147,0000100158,M030,VAL1,1927600,INR
5100003921,2025-05-21,4500000758,0000100004,M007,HZL1,5209639,INR
5100003922,2025-11-30,4500000822,0000100054,M017,HZL1,11093288,USD
5100003923,2024-02-22,4500003203,0000100011,M052,STC1,10266801,EUR
5100003924,2025-10-09,4500001142,0000100028,M010,HZL1,4387977,INR
5100003925,2024-08-22,4500000428,0000100147,M039,HZL1,17685347,INR
5100003926,2025-04-28,4500001475,0000100070,M013,HZL1,6352289,INR
5100003927,2024-09-04,4500000704,0000100092,M025,STC1,4007930,INR
5100003928,2023-09-22,4500002882,0000100113,M007,HZL1,1275639,INR
5100003929,2024-03-29,4500001976,0000100145,M009,BAL1,4238333,INR
5100003930,2024-11-08,4500002583,0000100103,M024,COG1,17079545,INR
5100003931,2023-09-02,4500001044,0000100117,M036,BAL1,2693745,INR
5100003932,2024-07-29,4500001821,0000100143,M051,STC1,3933594,INR
5100003933,2023-07-30,4500002581,0000100023,M029,IOD1,3914354,INR
5100003934,2025-01-10,4500000164,0000100117,M008,COG1,3348866,INR
5100003935,2024-01-25,4500000625,0000100062,M039,COG1,7789166,INR
5100003936,2024-04-19,4500003293,0000100053,M006,VAL1,56987302,INR
5100003937,2023-08-01,4500000078,0000100106,M054,COG1,6033494,INR
5100003938,2025-06-20,4500002617,0000100136,M061,VAL1,11701635,INR
5100003939,2024-11-25,4500001236,0000100105,M046,HZL1,12804780,INR
5100003940,2025-02-23,4500001001,0000100097,M052,IOD1,8739704,INR
5100003941,2023-12-02,4500000914,0000100055,M002,VAL1,138364770,USD
5100003942,2023-07-06,4500002430,0000100115,M037,IOD1,6104952,INR
5100003943,2024-07-10,4500003202,0000100007,M011,VAL1,2827915,INR
5100003944,2025-01-12,4500001922,0000100138,M063,IOD1,130103,INR
5100003945,2024-02-06,4500002892,0000100071,M001,HZL1,7719260,INR
5100003946,2023-04-21,4500003315,0000100014,M047,STC1,614792,INR
5100003947,2025-06-21,4500000545,0000100032,M045,COG1,5801380,EUR
5100003948,2024-08-09,4500000173,0000100077,M002,VAL1,12088973,INR
5100003949,2024-12-02,4500002877,0000100124,M031,VAL1,8966193,INR
5100003950,2025-08-05,4500001997,0000100140,M023,STC1,14328755,INR
5100003951,2024-09-10,4500000139,0000100023,M031,IOD1,4620064,INR
5100003952,2024-04-19,4500001676,0000100097,M013,VAL1,4729582,INR
5100003953,2025-05-18,4500002709,0000100063,M033,HZL1,8504891,INR
5100003954,2025-02-13,4500002171,0000100085,M003,BAL1,103491686,INR
5100003955,2023-08-25,4500002212,0000100041,M007,IOD1,9255309,INR
5100003956,2025-06-23,4500002617,0000100052,M008,VAL1,1249261,INR
5100003957,2025-08-22,4500000754,0000100006,M008,HZL1,1675073,INR
5100003958,2025-08-22,4500000084,0000100078,M005,STC1,10149471,INR
5100003959,2023-12-01,4500001710,0000100034,M029,HZL1,92581774,INR
5100003960,2023-02-15,4500002233,0000100121,M003,STC1,32010651,INR
5100003961,2024-04-21,4500000080,0000100055,M010,BAL1,7261937,EUR
5100003962,2023-11-23,4500002250,0000100061,M012,HZL1,1797843,INR
5100003963,2025-05-14,4500001803,0000100073,M039,VAL1,8171062,INR
5100003964,2023-08-16,4500001853,0000100086,M021,COG1,12360615,INR
5100003965,2025-12-01,4500000937,0000100131,M015,BAL1,38967015,INR
5100003966,2025-08-14,4500002983,0000100023,M004,COR1,26248346,INR
5100003967,2024-09-30,4500002725,0000100039,M031,STC1,4216366,USD
5100003968,2024-06-11,4500000593,0000100001,M039,BAL1,8409372,INR
5100003969,2024-05-31,4500003003,0000100100,M033,IOD1,77725359,INR
5100003970,2024-06-12,4500000200,0000100015,M057,VAL1,17550784,INR
5100003971,2023-05-24,4500001333,0000100032,M013,COR1,4745975,INR
5100003972,2023-09-20,4500001721,0000100090,M027,STC1,10746061,INR
5100003973,2024-12-21,4500000531,0000100082,M001,HZL1,32243928,INR
5100003974,2023-11-24,4500001450,0000100120,M008,HZL1,2629070,INR
5100003975,2024-03-26,4500002745,0000100110,M017,STC1,12484149,INR
5100003976,2024-11-25,4500001705,0000100136,M013,BAL1,2226230,INR
5100003977,2024-08-21,4500001120,0000100005,M050,VAL1,618120,INR
5100003978,2023-10-21,4500002818,0000100148,M040,COR1,16728830,INR
5100003979,2025-12-02,4500001611,0000100141,M043,HZL1,1990240,INR
5100003980,2025-11-25,4500000699,0000100133,M003,HZL1,25198674,USD
5100003981,2023-10-07,4500003207,0000100015,M026,HZL1,28250608,INR
5100003982,2024-09-17,4500000139,0000100092,M001,IOD1,18408893,INR
5100003983,2024-11-20,4500003118,0000100004,M011,BAL1,1975945,INR
5100003984,2025-11-03,4500000776,0000100112,M012,IOD1,746234,INR
5100003985,2023-04-27,4500002672,0000100033,M013,COG1,5126433,INR
5100003986,2025-12-06,4500001335,0000100104,M008,COG1,8945618,INR
5100003987,2023-07-11,4500002761,0000100081,M009,BAL1,1257992,INR
5100003988,2025-06-14,4500002808,0000100121,M003,HZL1,79167016,INR
5100003989,2025-01-27,4500000016,0000100135,M048,COG1,316982,INR
5100003990,2024-11-17,4500000450,0000100038,M046,BAL1,9040237,INR
5100003991,2023-12-19,4500002088,0000100059,M001,HZL1,16581984,INR
5100003992,2023-04-17,4500001154,0000100147,M005,IOD1,25126112,INR
5100003993,2025-03-16,4500001051,0000100094,M049,STC1,998262,USD
5100003994,2024-10-31,4500002959,0000100086,M012,STC1,1758205,INR
5100003995,2023-04-10,4500002062,0000100127,M006,HZL1,352461612,INR
5100003996,2024-09-16,4500003012,0000100001,M011,IOD1,2498475,INR
5100003997,2024-07-05,4500000389,0000100024,M024,HZL1,43545818,INR
5100003998,2024-07-09,4500001421,0000100049,M033,STC1,12618166,INR
5100003999,2024-09-02,4500002721,0000100042,M002,HZL1,38525345,USD
5100004000,2025-01-14,4500001273,0000100008,M028,COR1,17323205,USD
5100004001,2024-07-15,4500001243,0000100063,M037,COG1,21839592,INR
5100004002,2025-08-04,4500000956,0000100009,M055,BAL1,24170530,USD
5100004003,2024-01-02,4500002278,0000100141,M049,STC1,388819,INR
5100004004,2023-06-01,4500002295,0000100149,M040,BAL1,6869060,INR
5100004005,2025-03-19,4500002864,0000100104,M025,STC1,17640151,INR
5100004006,2024-04-21,4500000496,0000100147,M012,VAL1,6118281,INR
5100004007,2025-08-09,4500000537,0000100067,M041,VAL1,28635225,INR
5100004008,2025-08-15,4500002361,0000100092,M001,STC1,42318747,INR
5100004009,2025-12-27,4500001505,0000100096,M053,COG1,14535834,INR
5100004010,2024-03-08,4500001989,0000100007,M037,HZL1,12071590,INR
5100004011,2025-01-25,4500003176,0000100133,M038,HZL1,17915739,EUR
5100004012,2024-06-03,4500002401,0000100116,M051,BAL1,11663035,INR
5100004013,2024-09-23,4500001020,0000100143,M031,HZL1,1099163,INR
5100004014,2025-12-20,4500002619,0000100024,M012,HZL1,9217683,INR
5100004015,2025-06-17,4500001584,0000100098,M005,VAL1,15468680,INR
5100004016,2024-12-14,4500000664,0000100124,M013,HZL1,1603988,INR
5100004017,2025-10-09,4500000392,0000100046,M044,VAL1,14046112,INR
5100004018,2025-11-27,4500000244,0000100005,M025,IOD1,4769787,INR
5100004019,2023-09-01,4500002432,0000100096,M034,BAL1,58489395,INR
5100004020,2024-03-31,4500001076,0000100100,M002,HZL1,10710955,INR
5100004021,2024-10-08,4500001575,0000100003,M002,STC1,31578247,INR
5100004022,2025-09-24,4500002414,0000100145,M063,BAL1,436329,INR
5100004023,2024-06-16,4500000815,0000100110,M005,HZL1,35288832,INR
5100004024,2024-06-17,4500000925,0000100038,M021,STC1,27626678,INR
5100004025,2023-10-29,4500002206,0000100085,M001,BAL1,17679900,INR
5100004026,2024-05-14,4500000781,0000100129,M027,VAL1,34913630,INR
5100004027,2023-11-21,4500003229,0000100130,M032,HZL1,35982415,INR
5100004028,2025-09-05,4500002731,0000100041,M044,IOD1,4220858,INR
5100004029,2023-04-04,4500002431,0000100078,M037,HZL1,94921519,INR
5100004030,2024-09-11,4500002468,0000100044,M033,HZL1,18844506,INR
5100004031,2023-05-10,4500002819,0000100051,M023,VAL1,7751979,INR
5100004032,2025-02-15,4500002397,0000100019,M023,VAL1,76986849,INR
5100004033,2025-03-24,4500001346,0000100119,M045,BAL1,7095594,INR
5100004034,2024-09-21,4500001757,0000100016,M004,BAL1,28998215,INR
5100004035,2023-09-13,4500000118,0000100158,M043,VAL1,26004905,INR
5100004036,2024-10-09,4500001481,0000100059,M010,HZL1,4569202,INR
5100004037,2023-03-23,4500000199,0000100029,M054,HZL1,7586634,INR
5100004038,2024-12-30,4500002382,0000100151,M025,VAL1,21961745,INR
5100004039,2024-09-07,4500001779,0000100101,M061,VAL1,18282749,INR
5100004040,2023-04-30,4500002021,0000100143,M001,COG1,14075357,INR
5100004041,2025-07-04,4500002447,0000100138,M010,VAL1,2066276,INR
5100004042,2024-06-12,4500002822,0000100126,M035,IOD1,13917743,INR
5100004043,2025-08-17,4500001559,0000100080,M011,HZL1,1765483,INR
5100004044,2024-10-03,4500001940,0000100086,M038,HZL1,16679853,INR
5100004045,2025-09-06,4500000370,0000100079,M021,VAL1,36521833,INR
5100004046,2025-10-08,4500002826,0000100026,M023,STC1,24147016,INR
5100004047,2024-02-27,4500000515,0000100146,M005,HZL1,51045271,INR
5100004048,2023-10-04,4500001271,0000100066,M044,HZL1,4287811,INR
5100004049,2024-01-02,4500000459,0000100078,M009,COG1,8624732,INR
5100004050,2025-02-04,4500001702,0000100129,M013,BAL1,1129068,INR
5100004051,2024-12-29,4500002058,0000100019,M031,VAL1,21081610,INR
5100004052,2024-09-16,4500002444,0000100103,M001,COG1,218231972,INR
5100004053,2025-10-22,4500001021,0000100114,M037,VAL1,15565683,INR
5100004054,2023-09-26,4500000455,0000100016,M005,VAL1,25578463,INR
5100004055,2024-08-07,4500002930,0000100110,M008,HZL1,4192809,INR
5100004056,2025-10-15,4500002152,0000100157,M042,BAL1,7448742,INR
5100004057,2023-10-31,4500001613,0000100158,M024,HZL1,3007373,INR
5100004058,2024-12-24,4500003118,0000100090,M052,BAL1,65881444,INR
5100004059,2025-11-09,4500000429,0000100031,M038,COG1,22750686,INR
5100004060,2024-08-22,4500000886,0000100100,M002,VAL1,14062340,INR
5100004061,2025-05-20,4500000997,0000100147,M027,COG1,7919663,INR
5100004062,2023-10-27,4500003064,0000100082,M001,COG1,18586849,INR
5100004063,2025-09-23,4500001599,0000100067,M042,HZL1,4842908,INR
5100004064,2023-03-18,4500001528,0000100026,M049,STC1,825456,INR
5100004065,2024-09-29,4500002242,0000100050,M030,STC1,16832777,INR
5100004066,2025-07-07,4500001424,0000100153,M044,HZL1,8080743,USD
5100004067,2025-11-19,4500001701,0000100103,M007,VAL1,2805436,INR
5100004068,2025-08-17,4500001999,0000100118,M025,BAL1,9336322,INR
5100004069,2025-11-17,4500000560,0000100049,M018,VAL1,22363089,INR
5100004070,2025-01-10,4500000181,0000100019,M026,BAL1,30297712,INR
5100004071,2024-03-23,4500000113,0000100120,M023,STC1,12258028,INR
5100004072,2024-10-16,4500002348,0000100069,M055,HZL1,7115231,INR
5100004073,2024-01-28,4500002717,0000100044,M009,BAL1,904271,INR
5100004074,2024-01-06,4500001798,0000100063,M019,STC1,35819557,INR
5100004075,2025-12-08,4500002791,0000100147,M050,COG1,623446,INR
5100004076,2025-11-21,4500001428,0000100076,M004,STC1,24420888,USD
5100004077,2025-06-30,4500000568,0000100070,M050,VAL1,2421261,INR
5100004078,2024-07-31,4500002755,0000100109,M012,HZL1,11717538,INR
5100004079,2023-11-17,4500002250,0000100005,M016,HZL1,337723435,INR
5100004080,2023-05-07,4500001215,0000100120,M031,HZL1,9818391,INR
5100004081,2023-02-01,4500001289,0000100157,M050,COG1,1925864,INR
5100004082,2025-06-25,4500002059,0000100004,M005,VAL1,37115335,INR
5100004083,2024-03-30,4500003217,0000100157,M050,STC1,1717256,INR
5100004084,2023-05-08,4500001546,0000100034,M059,VAL1,6975770,INR
5100004085,2024-03-09,4500001338,0000100035,M033,VAL1,82478860,INR
5100004086,2024-04-17,4500003312,0000100002,M037,STC1,17167981,INR
5100004087,2023-09-26,4500000932,0000100092,M023,VAL1,3820483,INR
5100004088,2025-08-12,4500001570,0000100019,M039,VAL1,5010644,INR
5100004089,2024-12-15,4500002297,0000100081,M018,STC1,113428052,INR
5100004090,2025-10-26,4500003255,0000100081,M056,BAL1,27788494,INR
5100004091,2023-11-13,4500002942,0000100100,M026,HZL1,9377076,INR
5100004092,2023-10-10,4500000849,0000100044,M028,COG1,7880034,INR
5100004093,2024-10-19,4500000933,0000100121,M013,STC1,2880428,INR
5100004094,2024-10-14,4500003063,0000100160,M018,VAL1,136619029,INR
5100004095,2023-10-01,4500003207,0000100003,M037,HZL1,15721020,INR
5100004096,2025-11-07,4500001340,0000100121,M042,BAL1,27195052,INR
5100004097,2024-09-02,4500000538,0000100031,M012,VAL1,1100500,INR
5100004098,2024-10-20,4500002697,0000100145,M014,VAL1,2029109,INR
5100004099,2024-02-19,4500000684,0000100122,M056,IOD1,60747941,USD
5100004100,2024-09-22,4500002287,0000100050,M043,HZL1,4131875,INR
5100004101,2025-06-05,4500002465,0000100049,M024,COR1,35962073,USD
5100004102,2023-09-03,4500001909,0000100118,M011,HZL1,9530339,INR
5100004103,2025-11-21,4500000301,0000100006,M025,VAL1,6765137,INR
5100004104,2023-12-15,4500001563,0000100141,M023,VAL1,6585385,INR
5100004105,2025-01-20,4500001518,0000100041,M025,HZL1,14170980,INR
5100004106,2025-03-16,4500000660,0000100112,M004,HZL1,12203496,INR
5100004107,2025-10-15,4500002204,0000100012,M015,BAL1,79102886,INR
5100004108,2025-05-15,4500000136,0000100160,M013,BAL1,14330550,INR
5100004109,2023-04-22,4500002640,0000100158,M023,COR1,21994748,INR
5100004110,2024-02-12,4500002015,0000100072,M044,VAL1,10485462,INR
5100004111,2025-06-06,4500002114,0000100114,M005,HZL1,14265034,INR
5100004112,2024-06-05,4500000826,0000100146,M060,STC1,3978683,INR
5100004113,2023-03-08,4500000958,0000100066,M007,BAL1,6330985,INR
5100004114,2025-03-24,4500002119,0000100041,M018,COR1,16655612,INR
5100004115,2024-03-12,4500001327,0000100015,M003,BAL1,16949733,INR
5100004116,2025-03-06,4500003027,0000100033,M045,VAL1,7892611,INR
5100004117,2024-06-12,4500000298,0000100121,M046,VAL1,1847974,INR
5100004118,2025-02-07,4500001639,0000100004,M010,VAL1,2132007,INR
5100004119,2023-10-16,4500002524,0000100109,M014,COR1,4023400,INR
5100004120,2024-09-23,4500002662,0000100046,M048,STC1,444382,INR
5100004121,2024-06-12,4500002646,0000100133,M012,HZL1,522255,EUR
5100004122,2024-04-29,4500001448,0000100034,M045,VAL1,6355326,INR
5100004123,2024-05-15,4500002393,0000100155,M011,BAL1,2409642,USD
5100004124,2025-07-12,4500002617,0000100006,M036,VAL1,18849873,INR
5100004125,2023-11-28,4500001595,0000100114,M013,BAL1,5712694,INR
5100004126,2023-03-30,4500001362,0000100154,M021,IOD1,6542720,INR
5100004127,2025-01-11,4500001542,0000100159,M007,IOD1,1819098,INR
5100004128,2023-04-06,4500002394,0000100145,M036,VAL1,21803636,INR
5100004129,2025-09-02,4500002708,0000100042,M005,VAL1,27779123,USD
5100004130,2024-03-23,4500002878,0000100063,M020,BAL1,17219172,INR
5100004131,2023-12-04,4500000708,0000100147,M035,VAL1,101023146,INR
5100004132,2024-03-24,4500002660,0000100104,M009,VAL1,1316213,INR
5100004133,2025-08-08,4500003241,0000100041,M013,COG1,1317772,INR
5100004134,2025-03-30,4500000542,0000100142,M011,COR1,4371128,INR
5100004135,2024-09-03,4500002444,0000100112,M032,COG1,18306747,INR
5100004136,2025-01-01,4500000253,0000100092,M011,VAL1,4357920,EUR
5100004137,2025-06-27,4500001873,0000100125,M008,COG1,5103414,INR
5100004138,2025-07-04,4500001286,0000100081,M009,VAL1,3461132,INR
5100004139,2025-10-17,4500001880,0000100153,M061,VAL1,30281013,USD
5100004140,2024-04-03,4500000475,0000100083,M038,HZL1,26763661,INR
5100004141,2025-12-07,4500002424,0000100027,M009,VAL1,1572153,INR
5100004142,2023-09-10,4500000321,0000100013,M006,HZL1,20672541,INR
5100004143,2024-12-04,4500002641,0000100013,M032,HZL1,4212814,INR
5100004144,2025-03-19,4500000852,0000100154,M057,VAL1,2444442,INR
5100004145,2024-11-21,4500001132,0000100063,M031,BAL1,56607370,INR
5100004146,2025-12-29,4500000803,0000100080,M039,STC1,3881247,EUR
5100004147,2025-02-16,4500003011,0000100073,M046,IOD1,27725513,INR
5100004148,2023-12-11,4500002205,0000100119,M004,STC1,24799357,INR
5100004149,2025-04-12,4500001103,0000100108,M034,VAL1,28928078,INR
5100004150,2023-11-19,4500002786,0000100069,M008,COR1,2194618,INR
5100004151,2024-09-28,4500002987,0000100005,M050,VAL1,4670029,INR
5100004152,2024-08-30,4500000141,0000100085,M049,HZL1,1864535,INR
5100004153,2024-11-12,4500001165,0000100053,M006,STC1,95739796,INR
5100004154,2024-09-24,4500000120,0000100144,M010,HZL1,6046803,EUR
5100004155,2025-04-20,4500000243,0000100064,M042,VAL1,4626751,INR
5100004156,2024-08-31,4500000836,0000100035,M040,HZL1,18453897,INR
5100004157,2023-12-04,4500000617,0000100121,M063,STC1,321098,INR
5100004158,2025-01-04,4500002389,0000100124,M042,VAL1,3492774,INR
5100004159,2023-05-05,4500002044,0000100159,M001,HZL1,33649141,INR
5100004160,2025-06-28,4500002531,0000100037,M004,STC1,9945830,INR
5100004161,2025-07-03,4500000968,0000100048,M003,IOD1,18404832,INR
5100004162,2023-06-18,4500001617,0000100005,M027,STC1,2687694,INR
5100004163,2025-02-11,4500000535,0000100022,M062,STC1,14154545,INR
5100004164,2024-07-16,4500002165,0000100127,M057,COG1,7703283,INR
5100004165,2025-03-21,4500001669,0000100091,M061,HZL1,7475161,INR
5100004166,2024-04-14,4500002393,0000100038,M032,BAL1,9887895,INR
5100004167,2023-08-19,4500000391,0000100058,M042,COG1,1037359,EUR
5100004168,2023-12-24,4500000942,0000100029,M006,COG1,14267966,INR
5100004169,2025-05-15,4500001125,0000100022,M030,BAL1,10167088,INR
5100004170,2024-07-18,4500000389,0000100108,M005,HZL1,23280784,INR
5100004171,2023-03-02,4500000697,0000100104,M011,VAL1,13242769,INR
5100004172,2024-05-07,4500003270,0000100057,M024,STC1,6277867,EUR
5100004173,2023-08-07,4500000032,0000100134,M041,HZL1,26044567,INR
5100004174,2025-01-06,4500002027,0000100002,M011,HZL1,4167293,INR
5100004175,2024-05-10,4500002051,0000100071,M047,STC1,2669621,INR
5100004176,2025-12-26,4500000134,0000100044,M029,STC1,3767664,INR
5100004177,2024-06-01,4500002076,0000100147,M053,VAL1,6509596,INR
5100004178,2023-09-22,4500002142,0000100160,M042,HZL1,20084773,INR
5100004179,2024-02-18,4500000745,0000100073,M025,HZL1,8396881,INR
5100004180,2024-03-27,4500001089,0000100051,M004,COG1,37814331,INR
5100004181,2023-10-01,4500003123,0000100077,M042,COG1,14875105,INR
5100004182,2025-12-21,4500003294,0000100060,M023,IOD1,67706281,EUR
5100004183,2024-05-02,4500000751,0000100024,M033,STC1,11062066,INR
5100004184,2024-08-22,4500002572,0000100088,M032,VAL1,12389186,INR
5100004185,2023-12-31,4500002106,0000100108,M001,VAL1,71767248,INR
5100004186,2023-11-06,4500000786,0000100119,M061,VAL1,5586063,INR
5100004187,2024-05-27,4500003169,0000100084,M004,VAL1,25668529,INR
5100004188,2024-12-06,4500002695,0000100101,M028,VAL1,1637744,INR
5100004189,2024-04-20,4500001606,0000100114,M043,STC1,16900948,INR
5100004190,2025-02-21,4500002450,0000100078,M005,HZL1,5176922,INR
5100004191,2023-03-09,4500000461,0000100110,M031,HZL1,15340373,INR
5100004192,2025-01-31,4500002881,0000100016,M052,VAL1,7767222,INR
5100004193,2025-05-27,4500002627,0000100008,M029,HZL1,1603064,EUR
5100004194,2024-11-02,4500002567,0000100114,M014,COG1,9953635,INR
5100004195,2023-11-10,4500001363,0000100117,M010,STC1,4298006,INR
5100004196,2025-11-15,4500001536,0000100035,M043,STC1,10437543,INR
5100004197,2024-05-17,4500001898,0000100053,M005,HZL1,182785398,INR
5100004198,2023-07-19,4500002696,0000100064,M003,HZL1,19835209,INR
5100004199,2023-05-30,4500000242,0000100095,M046,BAL1,7200951,INR
5100004200,2024-08-09,4500001627,0000100106,M022,VAL1,5831597,INR
5100004201,2023-02-17,4500003067,0000100147,M037,COR1,40641671,INR
5100004202,2024-12-24,4500000220,0000100153,M022,IOD1,21657861,EUR
5100004203,2024-06-12,4500001928,0000100097,M057,BAL1,8939210,INR
5100004204,2025-02-03,4500000600,0000100038,M054,VAL1,2489984,INR
5100004205,2024-02-02,4500001655,0000100140,M014,HZL1,1690222,INR
5100004206,2024-11-25,4500002695,0000100024,M027,VAL1,9079316,INR
5100004207,2024-09-05,4500000918,0000100082,M012,HZL1,4775884,INR
5100004208,2025-05-07,4500001113,0000100062,M041,STC1,27011934,INR
5100004209,2024-12-27,4500002739,0000100121,M020,BAL1,54944292,INR
5100004210,2024-08-07,4500003132,0000100042,M041,VAL1,10978310,EUR
5100004211,2024-05-11,4500003131,0000100074,M009,HZL1,379006,INR
5100004212,2025-06-13,4500001773,0000100145,M008,IOD1,931908,INR
5100004213,2025-07-18,4500001948,0000100024,M025,HZL1,15707533,INR
5100004214,2023-08-17,4500001146,0000100048,M006,HZL1,97983748,USD
5100004215,2024-01-14,4500003199,0000100040,M024,STC1,8873992,INR
5100004216,2024-12-22,4500002950,0000100100,M021,HZL1,4936167,INR
5100004217,2024-06-11,4500001920,0000100044,M011,VAL1,1678458,INR
5100004218,2024-01-03,4500000693,0000100136,M062,COR1,2075097,INR
5100004219,2024-07-29,4500000518,0000100136,M044,STC1,13267597,INR
5100004220,2024-08-25,4500001459,0000100031,M054,COG1,14279830,INR
5100004221,2025-10-23,4500000415,0000100064,M041,VAL1,6652406,INR
5100004222,2023-08-20,4500002728,0000100020,M056,BAL1,2702581,INR
5100004223,2023-08-02,4500002887,0000100070,M005,COR1,26150913,INR
5100004224,2025-01-21,4500001703,0000100123,M003,IOD1,22996341,USD
5100004225,2023-12-22,4500002072,0000100115,M002,VAL1,6396218,INR
5100004226,2025-12-29,4500000312,0000100125,M064,COG1,144383,EUR
5100004227,2024-05-10,4500003151,0000100147,M061,COG1,8719718,INR
5100004228,2025-01-06,4500001300,0000100155,M039,STC1,1481704,INR
5100004229,2024-09-15,4500000481,0000100052,M028,BAL1,2659612,INR
5100004230,2023-10-01,4500001831,0000100028,M003,IOD1,35276325,INR
5100004231,2025-07-24,4500002711,0000100062,M062,HZL1,7917173,INR
5100004232,2024-11-29,4500003302,0000100143,M009,VAL1,2927289,INR
5100004233,2024-03-21,4500002066,0000100125,M030,STC1,41048129,USD
5100004234,2023-11-25,4500001613,0000100148,M038,HZL1,16153286,INR
5100004235,2025-10-23,4500001155,0000100044,M002,HZL1,57813403,INR
5100004236,2025-05-09,4500001104,0000100071,M028,VAL1,4771184,INR
5100004237,2024-02-08,4500001843,0000100138,M012,HZL1,6584209,USD
5100004238,2023-11-27,4500000950,0000100040,M039,STC1,3952250,INR
5100004239,2023-11-03,4500002402,0000100022,M023,COG1,7666587,INR
5100004240,2024-04-27,4500002198,0000100090,M045,STC1,2785063,INR
5100004241,2024-11-30,4500001460,0000100143,M025,COG1,78142746,INR
5100004242,2023-12-19,4500002589,0000100130,M001,BAL1,74590616,INR
5100004243,2025-12-26,4500003304,0000100158,M027,HZL1,15175428,INR
5100004244,2023-07-05,4500000215,0000100053,M013,STC1,495477,INR
5100004245,2024-05-26,4500002221,0000100019,M021,HZL1,15509443,INR
5100004246,2025-04-23,4500001775,0000100145,M003,HZL1,18122949,INR
5100004247,2023-12-30,4500003045,0000100124,M051,COG1,3669590,INR
5100004248,2024-01-23,4500002700,0000100146,M044,HZL1,4570699,INR
5100004249,2023-06-21,4500002247,0000100131,M020,STC1,94039401,INR
5100004250,2025-10-09,4500000679,0000100159,M015,STC1,194604705,INR
5100004251,2025-06-25,4500002691,0000100141,M038,COG1,90595342,INR
5100004252,2024-08-07,4500000256,0000100068,M056,HZL1,1116056,INR
5100004253,2023-12-24,4500001484,0000100123,M047,VAL1,819196,USD
5100004254,2024-01-26,4500001776,0000100079,M052,COG1,10034716,INR
5100004255,2025-02-25,4500000434,0000100107,M028,HZL1,21677473,INR
5100004256,2024-05-12,4500003131,0000100116,M049,HZL1,222077,INR
5100004257,2025-10-02,4500000910,0000100016,M030,COG1,2646643,INR
5100004258,2024-11-21,4500000069,0000100082,M009,VAL1,7724438,INR
5100004259,2024-07-24,4500002585,0000100043,M062,HZL1,8273553,INR
5100004260,2024-12-20,4500001844,0000100042,M003,IOD1,8064883,EUR
5100004261,2025-05-15,4500002805,0000100139,M005,HZL1,29070033,INR
5100004262,2024-01-26,4500002375,0000100054,M049,COG1,570250,INR
5100004263,2023-04-30,4500000685,0000100119,M014,VAL1,2880182,INR
5100004264,2025-02-12,4500003240,0000100104,M034,BAL1,16841373,INR
5100004265,2025-02-28,4500001123,0000100060,M032,HZL1,9675151,EUR
5100004266,2025-08-24,4500003049,0000100008,M012,COG1,4728355,EUR
5100004267,2025-11-11,4500002843,0000100158,M063,VAL1,399514,INR
5100004268,2024-02-28,4500000669,0000100044,M035,COG1,62742756,INR
5100004269,2025-11-26,4500000549,0000100135,M005,VAL1,49521751,INR
5100004270,2025-06-21,4500000229,0000100068,M033,HZL1,30860028,INR
5100004271,2023-10-29,4500000862,0000100025,M002,IOD1,38424678,INR
5100004272,2024-07-31,4500002282,0000100022,M025,BAL1,12204472,INR
5100004273,2025-05-22,4500000846,0000100015,M004,HZL1,19878147,INR
5100004274,2024-09-18,4500000139,0000100029,M001,IOD1,16375779,INR
5100004275,2025-11-25,4500000284,0000100157,M006,COR1,58664448,INR
5100004276,2025-11-26,4500001178,0000100145,M033,HZL1,19687111,INR
5100004277,2025-03-08,4500000503,0000100126,M039,HZL1,16264851,INR
5100004278,2025-06-12,4500003193,0000100096,M048,BAL1,5165660,INR
5100004279,2024-05-17,4500002184,0000100076,M001,BAL1,75461138,USD
5100004280,2025-10-30,4500001251,0000100032,M026,VAL1,23603247,EUR
5100004281,2024-12-25,4500001812,0000100092,M051,COG1,7774922,EUR
5100004282,2023-07-12,4500002659,0000100040,M047,STC1,1955095,INR
5100004283,2024-11-06,4500002712,0000100020,M039,BAL1,6196743,INR
5100004284,2023-04-25,4500000487,0000100116,M023,HZL1,40401776,INR
5100004285,2024-06-05,4500002333,0000100090,M007,STC1,872314,INR
5100004286,2025-01-27,4500002957,0000100044,M015,HZL1,45546475,INR
5100004287,2025-07-10,4500000839,0000100021,M019,HZL1,55645107,INR
5100004288,2025-07-13,4500000246,0000100060,M047,BAL1,1066645,INR
5100004289,2024-02-05,4500002173,0000100089,M024,BAL1,20548680,INR
5100004290,2024-08-28,4500003132,0000100130,M006,VAL1,23506842,INR
5100004291,2025-11-14,4500001835,0000100094,M009,HZL1,5251653,INR
5100004292,2025-02-20,4500002261,0000100102,M004,COG1,25260229,INR
5100004293,2025-01-18,4500000494,0000100147,M008,COG1,7802826,INR
5100004294,2024-12-11,4500003216,0000100051,M041,STC1,3846239,INR
5100004295,2024-12-02,4500003177,0000100136,M003,HZL1,22147514,INR
5100004296,2025-04-24,4500003023,0000100048,M030,VAL1,8093910,INR
5100004297,2025-06-20,4500001418,0000100024,M047,VAL1,1385801,INR
5100004298,2023-08-31,4500001643,0000100008,M010,IOD1,1493397,INR
5100004299,2025-04-08,4500000178,0000100157,M023,BAL1,7479521,INR
5100004300,2025-07-19,4500002491,0000100154,M008,COG1,4937181,INR
5100004301,2023-06-30,4500001923,0000100082,M032,STC1,2476665,INR
5100004302,2024-03-13,4500003153,0000100029,M055,IOD1,14002799,INR
5100004303,2023-11-14,4500002558,0000100151,M044,BAL1,2691621,INR
5100004304,2024-02-04,4500001438,0000100105,M035,HZL1,3124096,USD
5100004305,2024-06-14,4500002981,0000100085,M021,HZL1,18623661,INR
5100004306,2023-09-10,4500001721,0000100001,M040,STC1,2376694,INR
5100004307,2024-05-24,4500002357,0000100050,M008,IOD1,7180173,INR
5100004308,2025-04-06,4500000728,0000100014,M003,HZL1,116406129,INR
5100004309,2025-03-05,4500000895,0000100135,M013,COG1,719810,INR
5100004310,2024-03-13,4500001134,0000100071,M044,BAL1,7788397,INR
5100004311,2025-12-29,4500000360,0000100050,M028,HZL1,12144717,INR
5100004312,2024-05-10,4500000180,0000100020,M012,COG1,1845337,INR
5100004313,2025-02-25,4500000703,0000100080,M061,COR1,23561157,EUR
5100004314,2025-03-11,4500002631,0000100064,M054,COR1,8289925,INR
5100004315,2025-05-13,4500000653,0000100160,M036,STC1,20072944,INR
5100004316,2024-01-01,4500002509,0000100147,M029,BAL1,9022482,INR
5100004317,2024-06-14,4500002553,0000100073,M041,BAL1,8480290,INR
5100004318,2025-07-13,4500001549,0000100118,M013,BAL1,2166034,INR
5100004319,2025-12-06,4500002065,0000100002,M013,VAL1,4173040,INR
5100004320,2023-12-19,4500000914,0000100127,M009,VAL1,1328110,INR
5100004321,2025-11-22,4500000362,0000100104,M046,STC1,9622193,INR
5100004322,2025-06-09,4500000939,0000100041,M054,VAL1,6007170,INR
5100004323,2025-06-24,4500001258,0000100067,M012,COG1,5279954,INR
5100004324,2024-08-27,4500003301,0000100121,M020,STC1,43300260,INR
5100004325,2024-01-15,4500001735,0000100143,M041,VAL1,3423215,INR
5100004326,2024-06-17,4500000814,0000100109,M004,VAL1,52046378,INR
5100004327,2025-04-13,4500001691,0000100147,M005,BAL1,87135910,INR
5100004328,2024-12-25,4500003002,0000100043,M035,COR1,13822487,USD
5100004329,2025-04-22,4500002771,0000100126,M047,HZL1,226351,INR
5100004330,2024-03-02,4500002716,0000100023,M034,COG1,39640499,INR
5100004331,2023-11-26,4500000725,0000100084,M051,VAL1,34704372,INR
5100004332,2023-08-14,4500000169,0000100130,M048,IOD1,1785398,INR
5100004333,2025-07-20,4500001697,0000100147,M029,IOD1,26207424,INR
5100004334,2025-12-21,4500002298,0000100090,M060,VAL1,3019831,INR
5100004335,2024-09-04,4500000930,0000100118,M026,VAL1,20225421,INR
5100004336,2023-11-10,4500001274,0000100066,M025,STC1,27693847,EUR
5100004337,2024-03-28,4500001649,0000100021,M047,VAL1,1559090,INR
5100004338,2024-04-13,4500001355,0000100151,M065,BAL1,445606,INR
5100004339,2025-01-13,4500002905,0000100014,M054,BAL1,23761635,INR
5100004340,2025-09-17,4500002204,0000100085,M040,BAL1,5595090,INR
5100004341,2025-04-03,4500000765,0000100008,M022,HZL1,12604844,EUR
5100004342,2025-12-31,4500000580,0000100147,M029,VAL1,6162715,INR
5100004343,2025-08-29,4500000384,0000100070,M061,VAL1,7340385,INR
5100004344,2023-02-08,4500000414,0000100018,M007,HZL1,1296614,INR
5100004345,2023-03-06,4500002459,0000100125,M002,BAL1,19336084,INR
5100004346,2025-12-05,4500001561,0000100101,M002,STC1,8909682,INR
5100004347,2024-07-13,4500002386,0000100067,M062,HZL1,8727744,INR
5100004348,2025-12-08,4500001872,0000100108,M008,HZL1,700742,INR
5100004349,2024-02-11,4500002879,0000100143,M004,HZL1,12211304,INR
5100004350,2025-12-01,4500000560,0000100147,M061,VAL1,12649296,INR
5100004351,2023-12-19,4500000792,0000100128,M026,HZL1,9170749,EUR
5100004352,2023-09-24,4500001148,0000100081,M050,HZL1,588196,INR
5100004353,2025-01-24,4500001199,0000100157,M001,VAL1,92760780,INR
5100004354,2024-12-01,4500001180,0000100068,M045,HZL1,6733490,INR
5100004355,2025-09-21,4500000422,0000100138,M004,STC1,39582001,EUR
5100004356,2023-06-29,4500002318,0000100104,M008,COG1,1894387,INR
5100004357,2024-11-07,4500003035,0000100053,M035,HZL1,5423465,INR
5100004358,2023-09-17,4500000144,0000100008,M027,STC1,3465995,INR
5100004359,2024-09-20,4500000615,0000100111,M009,HZL1,2396697,INR
5100004360,2023-05-30,4500000163,0000100148,M005,COG1,18896783,INR
5100004361,2025-12-06,4500002853,0000100118,M009,VAL1,16627781,INR
5100004362,2025-11-07,4500001701,0000100048,M007,VAL1,8882420,EUR
5100004363,2025-11-02,4500002138,0000100158,M060,IOD1,2421918,INR
5100004364,2025-12-21,4500002612,0000100112,M047,STC1,580856,INR
5100004365,2025-12-30,4500001335,0000100098,M042,COG1,23656158,INR
5100004366,2023-09-10,4500001517,0000100014,M006,HZL1,50645182,INR
5100004367,2024-02-07,4500000484,0000100034,M045,HZL1,13115237,INR
5100004368,2025-06-03,4500001795,0000100029,M013,VAL1,20666366,INR
5100004369,2023-06-27,4500000247,0000100132,M044,VAL1,7297265,INR
5100004370,2025-10-26,4500000910,0000100127,M032,COG1,8199536,INR
5100004371,2025-12-16,4500001168,0000100062,M042,HZL1,987183,INR
5100004372,2024-05-25,4500001650,0000100061,M008,IOD1,7789473,INR
5100004373,2025-09-25,4500001716,0000100132,M008,VAL1,5897272,INR
5100004374,2023-03-18,4500000790,0000100132,M042,VAL1,16222911,INR
5100004375,2025-04-19,4500001303,0000100003,M011,HZL1,3845927,INR
5100004376,2025-09-11,4500002946,0000100140,M033,HZL1,69800528,INR
5100004377,2023-09-17,4500002432,0000100102,M045,BAL1,10655241,INR
5100004378,2024-02-29,4500001379,0000100144,M060,BAL1,20895419,EUR
5100004379,2025-07-03,4500001054,0000100058,M013,STC1,2709507,INR
5100004380,2024-12-13,4500001667,0000100110,M028,COG1,2700561,INR
5100004381,2024-12-10,4500003262,0000100072,M028,VAL1,1108642,USD
5100004382,2025-03-23,4500001209,0000100064,M053,HZL1,8465445,INR
5100004383,2023-09-09,4500000011,0000100160,M008,HZL1,11804705,INR
5100004384,2024-01-30,4500001655,0000100023,M058,HZL1,12494587,INR
5100004385,2024-03-03,4500002563,0000100063,M039,VAL1,7915978,INR
5100004386,2024-07-05,4500002419,0000100110,M043,STC1,3103496,INR
5100004387,2025-01-26,4500001727,0000100156,M025,HZL1,29963775,EUR
5100004388,2024-01-29,4500002997,0000100050,M019,STC1,97637732,INR
5100004389,2024-12-07,4500001846,0000100020,M049,VAL1,626751,INR
5100004390,2025-08-24,4500000493,0000100070,M006,VAL1,76858909,INR
5100004391,2025-10-25,4500000082,0000100014,M007,VAL1,4741526,INR
5100004392,2025-06-21,4500001951,0000100124,M009,VAL1,2515005,INR
5100004393,2024-12-13,4500002254,0000100040,M023,IOD1,5164973,INR
5100004394,2024-07-13,4500002008,0000100096,M033,HZL1,28255097,INR
5100004395,2024-06-03,4500000328,0000100026,M011,BAL1,902681,INR
5100004396,2023-08-29,4500001080,0000100017,M058,HZL1,28470547,INR
5100004397,2025-07-10,4500002081,0000100136,M044,COG1,28438821,INR
5100004398,2025-01-04,4500002281,0000100132,M041,HZL1,7518804,INR
5100004399,2024-03-20,4500002637,0000100046,M007,VAL1,12548670,INR
5100004400,2025-07-08,4500002625,0000100120,M002,STC1,67342768,INR
5100004401,2025-11-23,4500001507,0000100003,M004,VAL1,36691481,INR
5100004402,2023-08-12,4500000011,0000100054,M001,HZL1,12924846,EUR
5100004403,2023-05-14,4500001959,0000100149,M003,IOD1,57874484,INR
5100004404,2025-01-25,4500001309,0000100026,M003,HZL1,13624040,INR
5100004405,2024-09-10,4500003232,0000100013,M014,HZL1,5192525,INR
5100004406,2025-04-23,4500001960,0000100099,M039,COG1,24925643,INR
5100004407,2024-11-17,4500001025,0000100079,M044,HZL1,5769771,INR
5100004408,2024-09-23,4500000945,0000100021,M060,HZL1,17691991,INR
5100004409,2025-08-02,4500001818,0000100015,M003,HZL1,81102255,INR
5100004410,2024-09-03,4500001757,0000100077,M032,BAL1,10986564,INR
5100004411,2025-06-15,4500001495,0000100083,M021,HZL1,2290521,EUR
5100004412,2025-07-25,4500000050,0000100021,M063,VAL1,231829,INR
5100004413,2024-04-23,4500001650,0000100001,M007,IOD1,2481124,INR
5100004414,2024-04-09,4500001323,0000100023,M044,VAL1,20060911,INR
5100004415,2023-05-01,4500002969,0000100006,M035,HZL1,11859240,INR
5100004416,2023-11-11,4500000862,0000100017,M024,IOD1,15046123,INR
5100004417,2025-12-05,4500000519,0000100082,M022,COG1,24846230,INR
5100004418,2023-11-18,4500001045,0000100007,M012,VAL1,3901113,INR
5100004419,2023-03-22,4500002810,0000100072,M013,STC1,1182567,INR
5100004420,2025-04-26,4500002952,0000100102,M026,HZL1,8855982,USD
5100004421,2025-08-08,4500002518,0000100038,M043,STC1,7125660,INR
5100004422,2025-06-13,4500001578,0000100040,M045,BAL1,11164598,INR
5100004423,2024-04-30,4500002051,0000100151,M056,STC1,3860912,INR
5100004424,2025-12-10,4500002995,0000100109,M001,VAL1,55819256,INR
5100004425,2025-07-31,4500002156,0000100004,M020,COG1,45345196,INR
5100004426,2024-05-29,4500000262,0000100064,M001,BAL1,50348056,INR
5100004427,2023-11-19,4500000950,0000100034,M042,STC1,4240301,INR
5100004428,2024-12-08,4500002574,0000100025,M044,HZL1,1800108,INR
5100004429,2023-07-01,4500000761,0000100132,M059,HZL1,23441186,INR
5100004430,2025-10-01,4500000977,0000100101,M051,BAL1,73555764,INR
5100004431,2025-08-17,4500002361,0000100005,M012,STC1,4286143,INR
5100004432,2023-07-04,4500002756,0000100156,M021,COG1,66300344,EUR
5100004433,2023-02-18,4500001497,0000100143,M036,HZL1,19052437,INR
5100004434,2024-03-03,4500001438,0000100014,M040,HZL1,5365458,INR
5100004435,2023-10-26,4500000898,0000100136,M058,VAL1,28027165,INR
5100004436,2023-02-02,4500003092,0000100001,M041,VAL1,2425895,INR
5100004437,2024-01-30,4500002269,0000100106,M055,VAL1,3168967,INR
5100004438,2025-01-08,4500001272,0000100141,M014,COG1,858820,INR
5100004439,2025-07-15,4500000103,0000100113,M029,VAL1,1195065,INR
5100004440,2023-11-09,4500000020,0000100066,M013,HZL1,273528,EUR
5100004441,2025-03-11,4500003201,0000100126,M031,HZL1,17443240,INR
5100004442,2023-06-10,4500002678,0000100034,M024,VAL1,11638635,INR
5100004443,2023-02-27,4500002214,0000100014,M014,VAL1,1830657,INR
5100004444,2025-12-16,4500001899,0000100123,M013,HZL1,2401391,USD
5100004445,2023-09-18,4500002917,0000100103,M008,IOD1,2501812,INR
5100004446,2023-04-09,4500000232,0000100039,M046,VAL1,11195894,EUR
5100004447,2024-04-20,4500000372,0000100110,M052,BAL1,11528056,INR
5100004448,2023-10-15,4500000944,0000100052,M037,STC1,79649186,INR
5100004449,2025-10-10,4500000856,0000100045,M048,HZL1,946209,INR
5100004450,2025-01-12,4500002182,0000100032,M052,COG1,35463519,USD
5100004451,2023-07-02,4500002899,0000100079,M013,STC1,3061572,INR
5100004452,2025-01-03,4500000307,0000100103,M034,HZL1,33423693,INR
5100004453,2024-05-02,4500000647,0000100014,M028,COR1,7190767,INR
5100004454,2023-02-08,4500000130,0000100138,M036,STC1,20593498,USD
5100004455,2025-11-19,4500001241,0000100062,M021,STC1,13094231,INR
5100004456,2024-12-28,4500002103,0000100095,M012,STC1,380569,INR
5100004457,2025-05-18,4500002967,0000100117,M048,BAL1,684687,INR
5100004458,2025-07-13,4500001114,0000100093,M008,STC1,3887699,INR
5100004459,2025-06-24,4500000116,0000100031,M047,STC1,1124547,INR
5100004460,2023-08-01,4500000706,0000100066,M010,VAL1,4538758,USD
5100004461,2024-05-29,4500001466,0000100013,M016,VAL1,40513223,INR
5100004462,2025-05-30,4500002181,0000100089,M039,IOD1,29979687,INR
5100004463,2025-08-11,4500002361,0000100160,M015,STC1,34416181,INR
5100004464,2024-06-06,4500000200,0000100116,M048,VAL1,4014763,INR
5100004465,2024-03-07,4500000441,0000100081,M048,VAL1,1333742,INR
5100004466,2025-11-25,4500000783,0000100149,M031,VAL1,17404103,INR
5100004467,2024-03-28,4500003117,0000100011,M008,STC1,318327,USD
5100004468,2025-12-04,4500000822,0000100015,M040,HZL1,17572039,INR
5100004469,2025-01-06,4500002486,0000100122,M023,BAL1,11680484,INR
5100004470,2025-09-11,4500000156,0000100005,M008,HZL1,2504284,INR
5100004471,2023-12-29,4500003054,0000100078,M049,VAL1,1242265,INR
5100004472,2025-09-27,4500002926,0000100140,M047,STC1,2820858,INR
5100004473,2025-08-18,4500001315,0000100150,M011,VAL1,2905089,INR
5100004474,2025-01-18,4500000054,0000100121,M012,VAL1,2502612,INR
5100004475,2023-04-01,4500001467,0000100085,M048,IOD1,1878750,INR
5100004476,2025-03-10,4500001968,0000100144,M033,HZL1,27788149,INR
5100004477,2025-05-26,4500000126,0000100022,M008,VAL1,1704692,INR
5100004478,2025-05-14,4500002465,0000100061,M048,COR1,1221463,INR
5100004479,2025-01-29,4500001726,0000100100,M003,VAL1,159871725,INR
5100004480,2023-03-06,4500000467,0000100066,M004,VAL1,16956012,EUR
5100004481,2024-11-09,4500002538,0000100019,M029,IOD1,3989647,INR
5100004482,2024-11-25,4500003262,0000100138,M047,VAL1,216137,USD
5100004483,2024-06-07,4500001353,0000100040,M006,COR1,41205485,INR
5100004484,2025-10-15,4500003068,0000100156,M013,STC1,1373244,EUR
5100004485,2025-01-21,4500003290,0000100033,M013,HZL1,11959034,INR
5100004486,2024-06-22,4500001920,0000100090,M063,VAL1,869196,INR
5100004487,2024-06-07,4500000797,0000100136,M047,VAL1,274289,INR
5100004488,2023-12-26,4500000693,0000100149,M005,COR1,35019437,INR
5100004489,2025-02-10,4500002578,0000100013,M023,VAL1,13356579,INR
5100004490,2025-11-27,4500001561,0000100117,M013,STC1,4950586,INR
5100004491,2024-12-07,4500002567,0000100041,M007,COG1,3491240,INR
5100004492,2025-01-26,4500002311,0000100090,M042,VAL1,10930234,INR
5100004493,2025-11-12,4500002758,0000100145,M049,STC1,3965025,INR
5100004494,2025-09-23,4500001430,0000100104,M053,VAL1,3921046,INR
5100004495,2025-03-12,4500002397,0000100097,M002,VAL1,22533828,INR
5100004496,2024-01-27,4500000249,0000100097,M006,STC1,16970375,INR
5100004497,2023-12-14,4500002046,0000100016,M021,STC1,6545572,INR
5100004498,2023-09-04,4500002941,0000100081,M030,HZL1,2939237,INR
5100004499,2024-07-31,4500002135,0000100030,M026,VAL1,11194172,INR
5100004500,2024-02-04,4500000341,0000100065,M041,BAL1,6780151,INR
5100004501,2025-06-05,4500001651,0000100081,M020,HZL1,26795112,INR
5100004502,2024-11-19,4500000880,0000100038,M034,HZL1,5866931,INR
5100004503,2025-11-29,4500000395,0000100148,M026,BAL1,7950669,INR
5100004504,2023-10-21,4500000280,0000100055,M004,HZL1,230446882,INR
5100004505,2024-05-02,4500002506,0000100054,M027,COR1,10105361,USD
5100004506,2024-09-02,4500001297,0000100031,M031,COG1,19345655,INR
5100004507,2025-01-03,4500001226,0000100046,M009,COG1,1111495,INR
5100004508,2023-06-07,4500000334,0000100053,M026,STC1,8797409,INR
5100004509,2024-01-08,4500001281,0000100158,M041,VAL1,9789897,INR
5100004510,2025-10-13,4500002257,0000100026,M011,VAL1,7565826,INR
5100004511,2025-06-30,4500002517,0000100044,M010,HZL1,9054750,INR
5100004512,2024-05-18,4500002146,0000100139,M017,HZL1,189623593,INR
5100004513,2023-07-10,4500002301,0000100065,M025,VAL1,13854275,INR
5100004514,2025-10-02,4500000804,0000100124,M039,HZL1,10924229,INR
5100004515,2025-08-25,4500002621,0000100077,M045,COR1,2050976,INR
5100004516,2024-07-02,4500002469,0000100026,M057,STC1,10187868,INR
5100004517,2025-07-08,4500000718,0000100061,M003,HZL1,22553645,INR
5100004518,2024-10-03,4500000836,0000100082,M030,HZL1,1189001,INR
5100004519,2023-12-03,4500001411,0000100143,M036,HZL1,29147719,INR
5100004520,2024-01-17,4500000239,0000100110,M004,BAL1,28450965,INR
5100004521,2025-08-19,4500001943,0000100038,M012,VAL1,698947,INR
5100004522,2024-06-08,4500001952,0000100119,M021,HZL1,10598620,INR
5100004523,2023-11-11,4500000209,0000100130,M055,VAL1,4646534,INR
5100004524,2024-12-27,4500002323,0000100114,M003,VAL1,46933713,INR
5100004525,2025-07-08,4500000103,0000100025,M061,VAL1,15908807,INR
5100004526,2024-04-07,4500000257,0000100091,M065,VAL1,503617,INR
5100004527,2023-09-24,4500002762,0000100047,M049,VAL1,462948,INR
5100004528,2025-11-21,4500001759,0000100148,M010,VAL1,4328793,INR
5100004529,2024-06-22,4500003030,0000100091,M062,HZL1,8626118,INR
5100004530,2024-02-13,4500001953,0000100018,M010,HZL1,3562786,INR
5100004531,2025-09-06,4500003074,0000100002,M024,VAL1,19720073,INR
5100004532,2025-06-25,4500002499,0000100103,M008,STC1,3947506,INR
5100004533,2025-02-09,4500002191,0000100024,M002,STC1,52616325,INR
5100004534,2025-05-12,4500000618,0000100042,M011,HZL1,2707711,EUR
5100004535,2024-08-03,4500002172,0000100052,M048,COG1,2820486,INR
5100004536,2024-09-05,4500000120,0000100017,M011,HZL1,16400898,INR
5100004537,2025-06-11,4500000292,0000100119,M041,HZL1,14817817,INR
5100004538,2023-06-09,4500000637,0000100149,M033,VAL1,66647042,INR
5100004539,2023-08-10,4500002266,0000100027,M059,HZL1,11432527,INR
5100004540,2024-02-25,4500001368,0000100095,M023,COG1,9521478,INR
5100004541,2023-04-15,4500000709,0000100001,M052,COG1,10541165,INR
5100004542,2023-05-19,4500002852,0000100120,M008,HZL1,20026685,INR
5100004543,2025-09-26,4500001107,0000100031,M028,VAL1,4869639,INR
5100004544,2023-08-11,4500001729,0000100052,M006,COR1,47193544,INR
5100004545,2025-09-03,4500002518,0000100078,M014,STC1,4983983,INR
5100004546,2023-03-16,4500003253,0000100106,M008,HZL1,2384248,INR
5100004547,2025-09-08,4500001143,0000100084,M034,HZL1,43735881,INR
5100004548,2024-04-07,4500000479,0000100028,M026,COR1,8283834,INR
5100004549,2023-07-07,4500001848,0000100041,M002,HZL1,20681693,INR
5100004550,2023-07-14,4500000654,0000100003,M038,STC1,5652837,INR
5100004551,2023-11-05,4500000356,0000100060,M042,COG1,5791090,USD
5100004552,2024-08-03,4500002453,0000100062,M025,HZL1,5580400,INR
5100004553,2023-07-09,4500002644,0000100005,M041,HZL1,19054582,INR
5100004554,2023-05-10,4500002948,0000100042,M039,BAL1,4546021,USD
5100004555,2024-10-22,4500001551,0000100050,M026,HZL1,22697059,INR
5100004556,2025-02-04,4500002529,0000100068,M056,VAL1,6584907,INR
5100004557,2025-01-05,4500002801,0000100159,M003,STC1,19444918,INR
5100004558,2024-09-07,4500002681,0000100028,M022,HZL1,9158025,INR
5100004559,2023-04-01,4500003296,0000100061,M028,VAL1,15840610,INR
5100004560,2025-03-18,4500002722,0000100055,M034,BAL1,3364771,USD
5100004561,2023-11-24,4500001926,0000100139,M007,STC1,1854334,INR
5100004562,2023-11-23,4500002392,0000100039,M013,VAL1,1377195,USD
5100004563,2025-10-14,4500001126,0000100022,M006,HZL1,49168693,INR
5100004564,2025-01-24,4500000434,0000100053,M046,HZL1,1431199,INR
5100004565,2023-06-09,4500001734,0000100007,M002,BAL1,17705458,INR
5100004566,2024-07-02,4500000663,0000100135,M007,STC1,1929821,INR
5100004567,2025-12-13,4500001335,0000100028,M023,COG1,11010812,INR
5100004568,2025-05-02,4500003140,0000100002,M042,HZL1,5083916,INR
5100004569,2025-08-16,4500001997,0000100158,M013,STC1,3093371,INR
5100004570,2023-11-03,4500001801,0000100068,M023,STC1,15557706,INR
5100004571,2023-03-15,4500000589,0000100059,M008,BAL1,3176672,INR
5100004572,2024-03-10,4500001110,0000100149,M027,BAL1,8519511,INR
5100004573,2025-02-05,4500001412,0000100070,M014,STC1,315771,INR
5100004574,2023-07-31,4500003234,0000100091,M025,IOD1,15104995,INR
5100004575,2024-05-23,4500002822,0000100051,M005,IOD1,25222507,INR
5100004576,2024-12-19,4500000480,0000100136,M002,BAL1,33721618,INR
5100004577,2023-12-23,4500002512,0000100040,M049,COR1,880359,INR
5100004578,2024-11-15,4500000992,0000100039,M001,BAL1,88895034,USD
5100004579,2025-07-01,4500000210,0000100067,M048,HZL1,4523207,INR
5100004580,2025-03-07,4500000752,0000100127,M027,BAL1,1779849,INR
5100004581,2024-10-17,4500002031,0000100152,M037,HZL1,14748537,INR
5100004582,2025-04-24,4500001963,0000100121,M009,VAL1,2404594,INR
5100004583,2024-03-05,4500002433,0000100128,M023,VAL1,5564750,EUR
5100004584,2023-07-25,4500003234,0000100005,M032,IOD1,4158109,INR
5100004585,2024-03-12,4500001370,0000100049,M053,BAL1,24586404,INR
5100004586,2025-10-12,4500000185,0000100141,M023,BAL1,64152398,INR
5100004587,2024-03-18,4500001976,0000100159,M046,BAL1,6638657,INR
5100004588,2024-08-14,4500002386,0000100016,M043,HZL1,2780203,INR
5100004589,2025-07-17,4500000377,0000100021,M013,COG1,3068037,INR
5100004590,2025-01-13,4500002683,0000100101,M004,VAL1,31130820,INR
5100004591,2024-01-25,4500001655,0000100113,M053,HZL1,25372078,INR
5100004592,2025-01-03,4500002297,0000100084,M044,STC1,1986096,INR
5100004593,2023-07-23,4500001732,0000100154,M013,HZL1,1081450,INR
5100004594,2025-10-27,4500002138,0000100154,M001,IOD1,94112849,INR
5100004595,2025-09-10,4500001077,0000100154,M036,HZL1,9942648,INR
5100004596,2025-10-18,4500002763,0000100151,M050,BAL1,255519,INR
5100004597,2023-11-10,4500002897,0000100108,M014,HZL1,2984633,INR
5100004598,2024-01-24,4500001692,0000100148,M037,VAL1,7271203,INR
5100004599,2023-09-02,4500001147,0000100031,M011,VAL1,1988842,INR
5100004600,2024-02-10,4500001692,0000100025,M006,VAL1,11595344,INR
5100004601,2025-12-08,4500002307,0000100109,M029,HZL1,2175843,INR
5100004602,2023-08-06,4500000077,0000100130,M049,VAL1,2319219,INR
5100004603,2024-10-20,4500002618,0000100114,M006,HZL1,3601977,INR
5100004604,2025-06-16,4500002517,0000100024,M030,HZL1,4290696,INR
5100004605,2025-08-18,4500000605,0000100067,M040,STC1,11888653,INR
5100004606,2023-06-01,4500003156,0000100042,M008,BAL1,4348774,USD
5100004607,2023-08-23,4500001643,0000100042,M008,IOD1,3938598,USD
5100004608,2024-07-07,4500001243,0000100127,M049,COG1,673072,INR
5100004609,2025-02-14,4500002542,0000100144,M047,HZL1,526233,USD
5100004610,2025-02-03,4500002299,0000100155,M009,VAL1,5977805,USD
5100004611,2025-11-22,4500002483,0000100060,M037,VAL1,11370755,INR
5100004612,2025-06-11,4500002263,0000100119,M036,HZL1,14415825,INR
5100004613,2024-01-21,4500003165,0000100022,M048,HZL1,527706,INR
5100004614,2025-06-24,4500003149,0000100125,M031,VAL1,4467517,USD
5100004615,2024-06-08,4500000814,0000100091,M009,VAL1,1642234,INR
5100004616,2024-01-21,4500000041,0000100019,M008,HZL1,1111343,INR
5100004617,2024-10-15,4500001381,0000100157,M009,BAL1,4059913,INR
5100004618,2023-11-01,4500002558,0000100081,M022,BAL1,22677019,INR
5100004619,2025-01-26,4500001863,0000100002,M041,IOD1,10476318,INR
5100004620,2025-04-18,4500000695,0000100141,M044,VAL1,3743541,INR
5100004621,2023-08-11,4500000612,0000100132,M057,IOD1,17838751,INR
5100004622,2023-10-12,4500000855,0000100104,M029,BAL1,38778119,INR
5100004623,2023-08-31,4500001643,0000100082,M022,IOD1,14647936,INR
5100004624,2024-09-09,4500001572,0000100122,M027,COG1,15312179,EUR
5100004625,2025-07-25,4500000150,0000100060,M032,IOD1,3982138,INR
5100004626,2024-10-28,4500001025,0000100134,M045,HZL1,5392367,INR
5100004627,2023-03-23,4500001092,0000100050,M003,HZL1,19269445,INR
5100004628,2025-06-29,4500000367,0000100112,M002,VAL1,38545516,INR
5100004629,2024-07-25,4500003202,0000100040,M023,VAL1,8109420,INR
5100004630,2024-02-08,4500000954,0000100041,M036,VAL1,45250132,INR
5100004631,2025-07-02,4500000568,0000100001,M029,VAL1,46531575,INR
5100004632,2023-11-19,4500000862,0000100119,M040,IOD1,5961670,INR
5100004633,2023-08-05,4500002068,0000100005,M008,HZL1,2189924,INR
5100004634,2025-03-22,4500003000,0000100045,M005,COR1,8180658,INR
5100004635,2024-04-19,4500001695,0000100093,M014,BAL1,10619068,USD
5100004636,2025-04-13,4500003140,0000100028,M050,HZL1,232465,INR
5100004637,2023-03-15,4500001287,0000100055,M004,VAL1,25807193,EUR
5100004638,2025-11-25,4500002248,0000100112,M015,COG1,37874696,INR
5100004639,2024-10-20,4500003245,0000100001,M026,HZL1,9546619,INR
5100004640,2025-05-18,4500001461,0000100078,M001,STC1,102294409,INR
5100004641,2025-05-13,4500002364,0000100088,M032,HZL1,4835107,INR
5100004642,2023-08-25,4500002024,0000100075,M040,HZL1,4536215,INR
5100004643,2025-02-02,4500003176,0000100035,M041,HZL1,5350605,INR
5100004644,2025-05-21,4500000035,0000100030,M001,HZL1,12715460,INR
5100004645,2025-07-07,4500001071,0000100060,M028,HZL1,8777612,USD
5100004646,2025-08-28,4500002197,0000100043,M008,BAL1,3826197,INR
5100004647,2024-02-07,4500002418,0000100112,M065,HZL1,244371,INR
5100004648,2024-07-09,4500000747,0000100068,M050,HZL1,2137052,INR
5100004649,2025-09-14,4500002197,0000100120,M039,BAL1,4698011,INR
5100004650,2025-02-23,4500001743,0000100101,M039,VAL1,16635818,INR
5100004651,2023-06-16,4500002316,0000100148,M038,STC1,33186113,INR
5100004652,2025-02-02,4500002191,0000100091,M008,STC1,1793344,INR
5100004653,2023-06-07,4500001707,0000100017,M026,VAL1,18319896,INR
5100004654,2024-07-30,4500000909,0000100017,M042,HZL1,48324929,INR
5100004655,2024-06-24,4500000726,0000100018,M058,STC1,5330776,INR
5100004656,2025-08-18,4500000353,0000100160,M022,COG1,10529161,INR
5100004657,2024-12-17,4500002058,0000100069,M037,VAL1,9077285,INR
5100004658,2024-12-08,4500000531,0000100075,M037,HZL1,12792492,EUR
5100004659,2024-07-04,4500000814,0000100044,M021,VAL1,44231676,INR
5100004660,2025-01-31,4500002536,0000100120,M004,VAL1,6078489,INR
5100004661,2025-03-20,4500001299,0000100034,M014,BAL1,2380360,INR
5100004662,2025-06-06,4500001642,0000100160,M001,HZL1,9799963,INR
5100004663,2024-08-28,4500000916,0000100092,M028,BAL1,10444440,EUR
5100004664,2024-07-15,4500001500,0000100034,M002,VAL1,53411067,INR
5100004665,2025-11-29,4500000339,0000100019,M050,HZL1,1100581,INR
5100004666,2025-11-11,4500000415,0000100110,M058,VAL1,14119719,INR
5100004667,2024-03-01,4500001110,0000100115,M030,BAL1,2046945,INR
5100004668,2024-09-30,4500000018,0000100131,M054,VAL1,7280462,INR
5100004669,2025-12-23,4500001755,0000100005,M004,VAL1,65228163,INR
5100004670,2024-01-22,4500000523,0000100064,M041,BAL1,3129083,INR
5100004671,2023-10-30,4500000683,0000100015,M040,STC1,19793599,INR
5100004672,2025-10-13,4500002767,0000100053,M009,COR1,648733,INR
5100004673,2025-04-14,4500001299,0000100085,M049,BAL1,677121,INR
5100004674,2023-09-30,4500002979,0000100043,M046,VAL1,28037442,EUR
5100004675,2025-09-11,4500001559,0000100056,M007,HZL1,3311403,INR
5100004676,2025-07-25,4500002890,0000100079,M050,VAL1,3204221,INR
5100004677,2024-02-23,4500003124,0000100126,M003,VAL1,27033650,INR
5100004678,2025-09-01,4500003180,0000100019,M024,STC1,11427922,INR
5100004679,2025-07-13,4500001083,0000100123,M010,VAL1,9690288,USD
5100004680,2023-03-06,4500002804,0000100098,M025,VAL1,13032771,INR
5100004681,2024-08-18,4500002607,0000100118,M001,HZL1,9635084,INR
5100004682,2023-06-22,4500000338,0000100146,M009,VAL1,1585063,INR
5100004683,2025-11-20,4500002861,0000100129,M051,COR1,3679940,INR
5100004684,2024-04-30,4500002692,0000100101,M034,COG1,26873062,INR
5100004685,2024-02-26,4500000190,0000100119,M051,STC1,39276635,INR
5100004686,2023-12-02,4500000462,0000100065,M001,HZL1,9047384,INR
5100004687,2024-03-26,4500002577,0000100030,M006,HZL1,10889252,INR
5100004688,2025-09-22,4500002152,0000100096,M032,BAL1,23634987,INR
5100004689,2025-10-30,4500000767,0000100022,M012,STC1,2053422,INR
5100004690,2024-06-09,4500002595,0000100027,M007,BAL1,6321894,INR
5100004691,2025-12-01,4500001558,0000100143,M009,BAL1,1967145,INR
5100004692,2024-01-15,4500002482,0000100029,M006,HZL1,15363643,INR
5100004693,2023-11-07,4500000289,0000100036,M001,VAL1,29791651,INR
5100004694,2023-07-16,4500002321,0000100100,M041,VAL1,1931424,INR
5100004695,2023-11-30,4500002046,0000100047,M034,STC1,9559804,INR
5100004696,2024-05-03,4500001650,0000100087,M014,IOD1,1175167,INR
5100004697,2023-05-11,4500001874,0000100116,M003,VAL1,25276804,INR
5100004698,2025-09-21,4500000422,0000100005,M038,STC1,32235273,INR
5100004699,2025-02-07,4500001947,0000100084,M057,COG1,22230707,INR
5100004700,2025-01-08,4500000480,0000100146,M025,BAL1,45456301,INR
5100004701,2025-05-25,4500002630,0000100133,M022,HZL1,5539550,INR
5100004702,2023-10-15,4500002863,0000100127,M011,STC1,1902703,INR
5100004703,2025-04-28,4500002437,0000100031,M050,VAL1,925931,INR
5100004704,2023-02-26,4500002736,0000100031,M047,VAL1,760907,INR
5100004705,2024-10-21,4500000659,0000100035,M012,BAL1,1165141,INR
5100004706,2024-05-11,4500002702,0000100011,M036,VAL1,16826382,USD
5100004707,2024-01-25,4500001373,0000100069,M057,STC1,14452883,INR
5100004708,2024-04-12,4500000413,0000100111,M025,VAL1,15469388,INR
5100004709,2024-02-10,4500002436,0000100056,M042,VAL1,6519491,INR
5100004710,2023-08-18,4500000108,0000100025,M012,IOD1,1830726,INR
5100004711,2025-05-06,4500001317,0000100136,M060,STC1,4617556,INR
5100004712,2025-11-10,4500003083,0000100117,M032,COG1,4781718,INR
5100004713,2023-11-09,4500001543,0000100158,M028,IOD1,6983135,INR
5100004714,2024-06-06,4500002837,0000100134,M052,HZL1,14529705,INR
5100004715,2023-06-27,4500002498,0000100044,M008,HZL1,1960742,INR
5100004716,2024-12-05,4500000845,0000100034,M037,COG1,29780430,INR
5100004717,2025-03-08,4500001619,0000100110,M046,HZL1,9460390,INR
5100004718,2024-04-05,4500001310,0000100160,M003,VAL1,69613283,INR
5100004719,2024-02-11,4500001953,0000100090,M026,HZL1,4155941,INR
5100004720,2024-07-28,4500001437,0000100025,M006,STC1,23681005,INR
5100004721,2025-11-18,4500000971,0000100004,M004,HZL1,30815221,INR
5100004722,2025-07-03,4500001677,0000100030,M008,STC1,1997136,INR
5100004723,2024-08-08,4500001804,0000100108,M041,VAL1,14457911,INR
5100004724,2025-07-18,4500000906,0000100028,M002,HZL1,33788665,INR
5100004725,2025-08-05,4500001198,0000100005,M014,HZL1,9301958,INR
5100004726,2025-02-09,4500000630,0000100139,M030,STC1,13661336,INR
5100004727,2023-02-02,4500002233,0000100148,M025,STC1,7057318,INR
5100004728,2023-10-21,4500000397,0000100035,M011,HZL1,1699314,INR
5100004729,2025-01-09,4500000013,0000100007,M007,COG1,2799957,INR
5100004730,2023-12-06,4500002632,0000100123,M048,HZL1,2975902,INR
5100004731,2025-10-12,4500001098,0000100078,M014,IOD1,1301203,INR
5100004732,2023-04-28,4500000965,0000100149,M023,VAL1,9124558,INR
5100004733,2023-03-07,4500000694,0000100084,M014,VAL1,4807268,INR
5100004734,2024-06-24,4500001807,0000100115,M061,STC1,20258983,INR
5100004735,2023-10-24,4500002131,0000100139,M027,VAL1,4776441,INR
5100004736,2023-05-20,4500003252,0000100034,M041,COG1,15241450,INR
5100004737,2024-12-28,4500000510,0000100009,M054,COG1,12586864,INR
5100004738,2024-10-10,4500002832,0000100059,M008,BAL1,3607234,INR
5100004739,2023-07-16,4500001348,0000100062,M013,VAL1,7229820,INR
5100004740,2024-05-30,4500000935,0000100075,M007,BAL1,5784247,INR
5100004741,2024-10-26,4500002087,0000100043,M014,HZL1,3742863,EUR
5100004742,2025-11-12,4500000362,0000100013,M015,STC1,64377312,INR
5100004743,2023-05-25,4500001764,0000100079,M042,BAL1,33589023,INR
5100004744,2025-12-20,4500000022,0000100137,M014,COG1,1676222,INR
5100004745,2025-04-30,4500002331,0000100147,M053,COG1,30079880,INR
5100004746,2023-12-11,4500002154,0000100059,M010,VAL1,2023975,INR
5100004747,2024-10-05,4500002827,0000100031,M008,VAL1,6564903,INR
5100004748,2023-04-17,4500000606,0000100145,M060,STC1,3562304,INR
5100004749,2024-01-09,4500002072,0000100139,M009,VAL1,1720880,INR
5100004750,2025-05-15,4500001813,0000100120,M040,VAL1,4524883,INR
5100004751,2024-06-01,4500000797,0000100160,M041,VAL1,4409250,INR
5100004752,2025-08-13,4500001941,0000100126,M008,BAL1,3358543,INR
5100004753,2023-03-28,4500002275,0000100005,M007,IOD1,4497741,INR
5100004754,2024-10-11,4500001344,0000100042,M010,HZL1,1663520,EUR
5100004755,2024-01-09,4500002857,0000100036,M024,HZL1,16148355,INR
5100004756,2024-06-25,4500001607,0000100007,M032,COG1,3787516,INR
5100004757,2025-05-19,4500001758,0000100137,M004,VAL1,40869441,USD
5100004758,2024-11-02,4500000490,0000100007,M058,HZL1,8932900,INR
5100004759,2023-06-05,4500002125,0000100014,M026,STC1,26814885,INR
5100004760,2024-01-09,4500001817,0000100124,M019,VAL1,200606588,INR
5100004761,2023-07-13,4500000920,0000100005,M032,COG1,2330673,INR
5100004762,2025-04-15,4500002864,0000100113,M012,STC1,2722386,INR
5100004763,2023-11-04,4500000708,0000100134,M043,VAL1,3050806,INR
5100004764,2025-05-06,4500001651,0000100030,M031,HZL1,15886200,INR
5100004765,2024-06-01,4500000591,0000100002,M057,HZL1,2685675,INR
5100004766,2024-08-01,4500002510,0000100060,M008,HZL1,10326571,EUR
5100004767,2024-01-26,4500002375,0000100116,M040,COG1,6426456,INR
5100004768,2025-03-17,4500002799,0000100017,M055,HZL1,14287647,INR
5100004769,2024-03-01,4500002048,0000100068,M001,HZL1,15664507,INR
5100004770,2023-02-24,4500000076,0000100035,M048,STC1,587891,INR
5100004771,2025-10-15,4500001882,0000100047,M051,HZL1,35965611,INR
5100004772,2024-04-14,4500002393,0000100041,M021,BAL1,15283047,INR
5100004773,2024-09-08,4500000916,0000100129,M014,BAL1,9983190,INR
5100004774,2025-02-19,4500002026,0000100052,M007,STC1,5216422,INR
5100004775,2023-06-10,4500003259,0000100010,M002,VAL1,25195708,INR
5100004776,2023-04-18,4500003265,0000100062,M027,HZL1,14802037,INR
5100004777,2025-11-24,4500001561,0000100004,M006,STC1,14015082,INR
5100004778,2023-07-05,4500000769,0000100157,M042,COG1,7693772,INR
5100004779,2023-04-12,4500000965,0000100155,M025,VAL1,7432481,USD
5100004780,2025-10-05,4500001491,0000100085,M054,HZL1,10162000,INR
5100004781,2023-08-13,4500000083,0000100021,M018,STC1,77644765,INR
5100004782,2025-09-16,4500001352,0000100105,M049,IOD1,395303,USD
5100004783,2024-09-04,4500001600,0000100106,M002,VAL1,29463675,INR
5100004784,2024-09-02,4500000742,0000100140,M014,COR1,3067997,INR
5100004785,2024-10-15,4500002519,0000100075,M021,VAL1,8200691,USD
5100004786,2023-11-22,4500000209,0000100027,M008,VAL1,3767838,INR
5100004787,2025-05-10,4500001018,0000100102,M014,STC1,1339434,EUR
5100004788,2023-05-19,4500002821,0000100052,M010,VAL1,2238497,INR
5100004789,2024-03-08,4500003217,0000100092,M023,STC1,67362726,EUR
5100004790,2025-05-23,4500000433,0000100129,M024,COG1,5902285,INR
5100004791,2024-06-23,4500002067,0000100010,M004,BAL1,32963018,EUR
5100004792,2025-03-08,4500002268,0000100115,M021,STC1,9031487,INR
5100004793,2025-03-30,4500002043,0000100060,M044,BAL1,24620382,EUR
5100004794,2024-01-13,4500002278,0000100006,M037,STC1,83248131,INR
5100004795,2023-07-10,4500002301,0000100041,M005,VAL1,24967766,INR
5100004796,2024-12-20,4500002872,0000100143,M025,HZL1,7291099,INR
5100004797,2024-04-27,4500002076,0000100150,M013,VAL1,3067047,INR
5100004798,2025-09-11,4500001214,0000100065,M021,HZL1,12928394,INR
5100004799,2023-04-05,4500000474,0000100141,M019,VAL1,74699286,INR
5100004800,2025-06-02,4500002364,0000100056,M062,HZL1,4409091,USD
5100004801,2024-01-29,4500001925,0000100113,M046,BAL1,2811374,INR
5100004802,2023-11-27,4500002507,0000100033,M036,HZL1,21577272,INR
5100004803,2024-03-29,4500002495,0000100126,M057,COG1,8745990,INR
5100004804,2025-01-18,4500001380,0000100106,M031,STC1,4391665,INR
5100004805,2025-12-18,4500002417,0000100004,M054,BAL1,13858625,INR
5100004806,2025-12-29,4500001529,0000100147,M037,HZL1,47689616,INR
5100004807,2025-11-19,4500002489,0000100016,M010,HZL1,5041111,INR
5100004808,2023-08-03,4500003230,0000100143,M050,HZL1,624926,INR
5100004809,2025-11-17,4500000395,0000100039,M026,BAL1,34812392,INR
5100004810,2023-10-06,4500003314,0000100043,M025,VAL1,5904470,EUR
5100004811,2024-07-28,4500002496,0000100089,M025,COG1,16988403,INR
5100004812,2025-05-02,4500001125,0000100030,M047,BAL1,1435384,INR
5100004813,2025-12-21,4500000255,0000100077,M002,COR1,17508046,INR
5100004814,2023-08-31,4500003036,0000100110,M003,HZL1,25205363,INR
5100004815,2024-11-20,4500000095,0000100104,M004,BAL1,23033176,INR
5100004816,2025-06-09,4500001432,0000100140,M036,STC1,11243255,INR
5100004817,2024-07-05,4500000419,0000100121,M041,VAL1,16643162,INR
5100004818,2024-03-28,4500001385,0000100074,M036,HZL1,41604554,EUR
5100004819,2023-09-22,4500002477,0000100034,M044,HZL1,5442027,INR
5100004820,2023-12-12,4500000942,0000100139,M012,COG1,4786063,INR
5100004821,2024-01-03,4500000311,0000100124,M021,BAL1,5637092,INR
5100004822,2023-10-25,4500002108,0000100141,M056,HZL1,10467772,INR
5100004823,2025-07-31,4500000555,0000100015,M004,HZL1,11552877,INR
5100004824,2023-11-20,4500002422,0000100014,M005,IOD1,46109283,INR
5100004825,2024-12-18,4500003002,0000100110,M010,COR1,951449,INR
5100004826,2024-02-23,4500001073,0000100132,M057,IOD1,17146901,INR
5100004827,2025-01-12,4500003212,0000100088,M005,BAL1,44819173,INR
5100004828,2025-01-06,4500001726,0000100051,M044,VAL1,1620763,INR
5100004829,2024-03-03,4500002896,0000100058,M034,VAL1,15041644,EUR
5100004830,2025-12-06,4500000022,0000100101,M031,COG1,1889443,INR
5100004831,2023-11-13,4500001583,0000100156,M056,VAL1,10277908,USD
5100004832,2024-03-16,4500002495,0000100016,M012,COG1,3416231,INR
5100004833,2024-03-01,4500001208,0000100018,M004,STC1,97828461,INR
5100004834,2024-01-17,4500002903,0000100093,M033,STC1,19405162,EUR
5100004835,2025-04-16,4500000136,0000100117,M058,BAL1,16011231,INR
5100004836,2023-03-10,4500003253,0000100017,M009,HZL1,2797259,INR
5100004837,2024-03-16,4500001637,0000100088,M049,HZL1,1708793,INR
5100004838,2025-11-11,4500002170,0000100138,M063,VAL1,650128,EUR
5100004839,2023-05-10,4500002969,0000100077,M028,HZL1,4545456,INR
5100004840,2024-06-12,4500001353,0000100160,M003,COR1,187579312,INR
5100004841,2023-05-15,4500001158,0000100080,M008,HZL1,3406455,EUR
5100004842,2023-12-02,4500000155,0000100144,M015,VAL1,30207173,INR
5100004843,2024-03-06,4500000261,0000100010,M008,HZL1,6311185,USD
5100004844,2024-03-02,4500002637,0000100051,M009,VAL1,1933057,INR
5100004845,2024-10-27,4500002538,0000100071,M026,IOD1,30502429,INR
5100004846,2025-12-28,4500000529,0000100151,M021,HZL1,4718260,INR
5100004847,2024-07-11,4500002265,0000100131,M046,HZL1,2693670,INR
5100004848,2025-02-15,4500002026,0000100041,M032,STC1,6295144,INR
5100004849,2024-08-20,4500003301,0000100078,M045,STC1,24377363,INR
5100004850,2023-07-05,4500002430,0000100053,M042,IOD1,10748329,INR
5100004851,2024-09-15,4500002036,0000100022,M003,VAL1,74112937,INR
5100004852,2025-12-18,4500000560,0000100128,M063,VAL1,1000147,INR
5100004853,2025-01-29,4500003208,0000100003,M003,COG1,26335103,INR
5100004854,2025-04-11,4500003281,0000100015,M003,VAL1,11270230,INR
5100004855,2025-03-27,4500000661,0000100065,M055,COR1,5529745,INR
5100004856,2025-06-15,4500001825,0000100137,M049,STC1,1135843,INR
5100004857,2023-08-15,4500002317,0000100017,M004,VAL1,25302911,INR
5100004858,2023-03-03,4500000851,0000100119,M041,IOD1,7622247,INR
5100004859,2024-10-23,4500001042,0000100034,M014,COR1,1510150,INR
5100004860,2024-10-24,4500001633,0000100094,M022,HZL1,27174238,USD
5100004861,2024-05-29,4500002401,0000100064,M013,BAL1,1503055,INR
5100004862,2025-11-13,4500003160,0000100086,M045,COG1,3907418,INR
5100004863,2024-06-17,4500000925,0000100018,M007,STC1,8300171,INR
5100004864,2024-03-18,4500001976,0000100018,M046,BAL1,4231130,INR
5100004865,2025-08-05,4500002457,0000100104,M002,VAL1,121986414,INR
5100004866,2024-06-04,4500001419,0000100030,M011,STC1,4388454,INR
5100004867,2023-03-01,4500000488,0000100089,M040,STC1,5345547,INR
5100004868,2025-02-05,4500000913,0000100024,M038,VAL1,15859435,INR
5100004869,2024-03-01,4500000447,0000100006,M033,VAL1,78618276,INR
5100004870,2025-08-17,4500001570,0000100143,M023,VAL1,3787955,INR
5100004871,2024-03-07,4500002649,0000100025,M010,COG1,5100562,INR
5100004872,2023-09-17,4500002094,0000100037,M038,HZL1,18736464,EUR
5100004873,2025-04-22,4500001166,0000100083,M040,STC1,7252078,USD
5100004874,2025-01-22,4500001534,0000100015,M023,VAL1,15290764,INR
5100004875,2024-06-24,4500001444,0000100098,M005,COR1,26317606,INR
5100004876,2025-11-26,4500001428,0000100160,M026,STC1,7402355,INR
5100004877,2025-09-29,4500000240,0000100141,M008,HZL1,2110533,INR
5100004878,2025-08-15,4500000754,0000100013,M020,HZL1,64180236,INR
5100004879,2023-11-12,4500001064,0000100027,M025,BAL1,5581771,INR
5100004880,2025-10-29,4500001428,0000100148,M028,STC1,26516528,INR
5100004881,2024-08-17,4500002282,0000100155,M045,BAL1,781157,EUR
5100004882,2023-07-19,4500000252,0000100095,M013,STC1,1251121,INR
5100004883,2023-05-23,4500002215,0000100091,M012,HZL1,5309986,INR
5100004884,2023-10-13,4500003173,0000100030,M010,COG1,10819812,INR
5100004885,2023-11-04,4500000923,0000100018,M013,HZL1,937650,INR
5100004886,2023-07-10,4500002324,0000100001,M005,VAL1,14760877,INR
5100004887,2023-08-17,4500002071,0000100123,M001,STC1,30014091,USD
5100004888,2024-07-07,4500002463,0000100045,M034,HZL1,11165992,INR
5100004889,2025-02-17,4500000600,0000100003,M041,VAL1,6103563,INR
5100004890,2024-06-01,4500001674,0000100011,M005,VAL1,120150951,EUR
5100004891,2023-10-02,4500002863,0000100060,M003,STC1,36092837,INR
5100004892,2025-07-23,4500000110,0000100080,M021,BAL1,22109916,INR
5100004893,2024-06-12,4500002790,0000100040,M037,STC1,9091920,INR
5100004894,2023-04-15,4500002476,0000100026,M030,VAL1,1527246,INR
5100004895,2025-07-07,4500002239,0000100077,M025,COG1,32380269,INR
5100004896,2024-02-04,4500002528,0000100011,M011,STC1,11121287,EUR
5100004897,2023-06-09,4500002638,0000100109,M008,IOD1,3378997,INR
5100004898,2023-11-04,4500003099,0000100135,M029,HZL1,8261631,INR
5100004899,2025-12-01,4500003160,0000100014,M011,COG1,3054710,INR
5100004900,2023-07-27,4500002180,0000100141,M011,STC1,1852429,INR
5100004901,2024-09-27,4500001336,0000100030,M032,HZL1,4140996,INR
5100004902,2023-07-17,4500001598,0000100115,M022,COG1,18208672,INR
5100004903,2024-02-22,4500001953,0000100101,M042,HZL1,8499645,INR
5100004904,2025-05-16,4500002465,0000100061,M039,COR1,4713313,INR
5100004905,2025-11-22,4500002417,0000100005,M021,BAL1,6971550,INR
5100004906,2024-04-24,4500000029,0000100051,M024,STC1,21823608,INR
5100004907,2023-11-06,4500001234,0000100007,M005,COG1,15924005,INR
5100004908,2024-01-25,4500002467,0000100141,M055,VAL1,2631563,INR
5100004909,2023-06-06,4500002932,0000100035,M010,STC1,1376753,INR
5100004910,2025-02-07,4500000999,0000100099,M007,BAL1,1680212,INR
5100004911,2024-06-27,4500002684,0000100147,M005,HZL1,131405061,INR
5100004912,2025-10-01,4500000856,0000100043,M012,HZL1,3200514,EUR
5100004913,2023-08-04,4500002575,0000100138,M001,COR1,24167812,USD
5100004914,2025-12-11,4500000738,0000100052,M004,HZL1,164522849,INR
5100004915,2025-01-16,4500002885,0000100083,M043,STC1,995853,USD
5100004916,2025-08-14,4500002156,0000100051,M053,COG1,6591604,INR
5100004917,2024-11-22,4500000263,0000100123,M046,HZL1,750780,USD
5100004918,2024-01-26,4500001373,0000100157,M012,STC1,1418644,INR
5100004919,2023-06-08,4500000074,0000100003,M007,VAL1,9927136,INR
5100004920,2025-03-20,4500001407,0000100117,M011,COG1,5221340,INR
5100004921,2024-01-19,4500000208,0000100001,M044,HZL1,2653372,INR
5100004922,2024-09-20,4500003069,0000100044,M051,STC1,18878414,INR
5100004923,2024-11-04,4500001551,0000100098,M004,HZL1,13079256,INR
5100004924,2024-01-13,4500001358,0000100002,M039,VAL1,9767692,INR
5100004925,2023-02-14,4500000657,0000100017,M003,VAL1,59092053,INR
5100004926,2025-07-16,4500000820,0000100046,M044,HZL1,9408084,INR
5100004927,2024-02-27,4500002916,0000100018,M007,HZL1,3883952,INR
5100004928,2025-02-03,4500000224,0000100071,M040,VAL1,1278401,INR
5100004929,2024-01-07,4500002173,0000100159,M009,BAL1,3008113,INR
5100004930,2025-01-20,4500002201,0000100002,M013,IOD1,6113554,INR
5100004931,2024-05-29,4500003151,0000100009,M057,COG1,6750377,USD
5100004932,2024-10-08,4500002341,0000100004,M041,VAL1,1477839,INR
5100004933,2024-09-09,4500002510,0000100043,M056,HZL1,19220417,USD
5100004934,2023-06-21,4500002270,0000100044,M023,STC1,6900384,INR
5100004935,2024-11-13,4500002583,0000100015,M031,COG1,8035913,INR
5100004936,2023-09-03,4500002920,0000100085,M013,STC1,4811066,INR
5100004937,2024-03-08,4500002807,0000100069,M002,VAL1,181847134,INR
5100004938,2025-05-21,4500001000,0000100127,M059,HZL1,42611419,INR
5100004939,2025-08-15,4500003070,0000100086,M007,VAL1,1195961,INR
5100004940,2023-11-28,4500001574,0000100001,M033,HZL1,28867183,INR
5100004941,2025-08-12,4500000537,0000100141,M039,VAL1,7300676,INR
5100004942,2024-07-11,4500000909,0000100114,M014,HZL1,2382696,INR
5100004943,2024-10-03,4500001696,0000100019,M005,BAL1,45454573,INR
5100004944,2023-11-29,4500003008,0000100147,M014,VAL1,18462049,INR
5100004945,2024-01-27,4500001594,0000100022,M002,HZL1,61269701,INR
5100004946,2023-11-09,4500000209,0000100144,M013,VAL1,5027871,USD
5100004947,2024-12-12,4500003040,0000100023,M054,COG1,2697172,INR
5100004948,2025-11-29,4500002065,0000100077,M014,VAL1,2278514,INR
5100004949,2025-09-27,4500001754,0000100082,M065,HZL1,1613490,INR
5100004950,2025-04-21,4500001669,0000100114,M042,HZL1,7129354,INR
5100004951,2024-12-08,4500001895,0000100060,M044,HZL1,1880119,INR
5100004952,2025-05-10,4500000859,0000100110,M025,COG1,79098206,INR
5100004953,2024-02-27,4500002237,0000100132,M048,COG1,2174150,INR
5100004954,2024-07-27,4500000428,0000100108,M002,HZL1,30702390,INR
5100004955,2024-12-13,4500000610,0000100152,M001,VAL1,9802004,EUR
5100004956,2023-12-22,4500001689,0000100151,M042,VAL1,2984805,INR
5100004957,2024-06-12,4500000826,0000100145,M025,STC1,11270989,INR
5100004958,2025-10-28,4500002257,0000100073,M001,VAL1,32776878,INR
5100004959,2023-12-05,4500001349,0000100110,M008,HZL1,3585811,INR
5100004960,2023-05-09,4500001096,0000100042,M028,STC1,10498420,EUR
5100004961,2025-11-16,4500000004,0000100129,M062,HZL1,1790563,INR
5100004962,2024-07-25,4500001053,0000100138,M003,VAL1,6029450,EUR
5100004963,2024-04-08,4500000105,0000100117,M011,STC1,3165078,INR
5100004964,2024-11-18,4500002590,0000100017,M041,VAL1,1909895,INR
5100004965,2024-04-02,4500001778,0000100078,M005,STC1,10201919,INR
5100004966,2024-12-19,4500000616,0000100078,M041,HZL1,6096721,INR
5100004967,2025-10-27,4500001754,0000100081,M035,HZL1,19065720,INR
5100004968,2025-06-10,4500000607,0000100102,M002,HZL1,11970782,INR
5100004969,2025-05-16,4500000997,0000100086,M005,COG1,63128582,INR
5100004970,2025-09-23,4500001882,0000100060,M058,HZL1,9536388,INR
5100004971,2024-06-08,4500000585,0000100022,M010,HZL1,3952002,INR
5100004972,2024-12-25,4500002182,0000100102,M036,COG1,8598844,EUR
5100004973,2024-06-07,4500000884,0000100103,M014,COG1,7538469,INR
5100004974,2025-12-23,4500000522,0000100080,M010,HZL1,5154020,INR
5100004975,2024-09-11,4500000930,0000100042,M037,VAL1,23667693,USD
5100004976,2025-02-06,4500001400,0000100114,M037,HZL1,38805226,INR
5100004977,2025-04-09,4500002842,0000100001,M055,HZL1,16515993,INR
5100004978,2025-06-16,4500000286,0000100156,M013,HZL1,1980423,EUR
5100004979,2023-10-22,4500003215,0000100022,M011,HZL1,2150681,INR
5100004980,2023-09-24,4500002917,0000100043,M010,IOD1,6460155,USD
5100004981,2023-09-12,4500003314,0000100024,M040,VAL1,33439693,INR
5100004982,2024-03-13,4500001339,0000100060,M016,VAL1,78646886,EUR
5100004983,2024-04-05,4500001686,0000100136,M036,IOD1,87860580,INR
5100004984,2025-12-12,4500001938,0000100117,M004,HZL1,7442815,INR
5100004985,2024-05-17,4500002226,0000100127,M037,STC1,18682162,INR
5100004986,2024-06-30,4500003044,0000100103,M058,VAL1,12750765,INR
5100004987,2025-11-02,4500000027,0000100067,M056,IOD1,9649636,INR
5100004988,2023-03-25,4500001366,0000100112,M028,COR1,3687483,INR
5100004989,2025-08-05,4500001082,0000100065,M037,COR1,11899113,INR
5100004990,2024-11-28,4500000825,0000100002,M009,COG1,6391956,INR
5100004991,2024-06-10,4500002240,0000100049,M008,HZL1,6403576,EUR
5100004992,2023-10-25,4500000855,0000100026,M058,BAL1,6248314,INR
5100004993,2024-02-28,4500000195,0000100025,M041,STC1,8443649,INR
5100004994,2024-07-22,4500001964,0000100042,M002,VAL1,23459008,USD
5100004995,2023-03-14,4500000746,0000100126,M046,VAL1,5402001,INR
5100004996,2024-06-02,4500000815,0000100090,M008,HZL1,1706087,INR
5100004997,2024-11-07,4500001200,0000100081,M013,HZL1,3085883,INR
5100004998,2024-04-08,4500002650,0000100108,M054,HZL1,4967447,INR
5100004999,2024-07-20,4500000726,0000100056,M014,STC1,958714,INR
5100005000,2023-04-10,4500000371,0000100097,M047,HZL1,2590228,INR
5100005001,2024-07-03,4500002067,0000100096,M038,BAL1,18586783,INR
5100005002,2024-05-09,4500001365,0000100061,M017,BAL1,53266002,INR
5100005003,2025-12-20,4500002399,0000100081,M009,VAL1,1595226,INR
5100005004,2025-03-09,4500002653,0000100095,M059,STC1,5315472,INR
5100005005,2025-01-08,4500001601,0000100118,M047,VAL1,1109760,INR
5100005006,2023-12-14,4500002278,0000100085,M048,STC1,1285339,INR
5100005007,2024-11-10,4500003065,0000100034,M036,STC1,93817082,INR
5100005008,2024-08-22,4500002006,0000100040,M023,VAL1,24413140,INR
5100005009,2024-04-14,4500002577,0000100113,M009,HZL1,11894136,INR
5100005010,2024-11-27,4500001876,0000100023,M026,VAL1,40933178,INR
5100005011,2023-03-24,4500003224,0000100018,M003,STC1,18876047,INR
5100005012,2024-05-29,4500002035,0000100137,M002,VAL1,91971189,INR
5100005013,2023-07-24,4500002575,0000100135,M051,COR1,8209382,INR
5100005014,2025-08-09,4500003128,0000100054,M013,BAL1,3603095,USD
5100005015,2025-08-11,4500002605,0000100028,M004,VAL1,19610193,INR
5100005016,2025-10-15,4500002033,0000100130,M044,STC1,2914991,INR
5100005017,2024-06-09,4500000884,0000100040,M037,COG1,61886626,INR
5100005018,2025-08-07,4500000934,0000100111,M044,HZL1,4912155,INR
5100005019,2025-07-02,4500001495,0000100102,M001,HZL1,60526500,USD
5100005020,2025-07-31,4500001948,0000100050,M057,HZL1,14247067,INR
5100005021,2025-01-01,4500002460,0000100152,M010,COG1,2187831,EUR
5100005022,2025-01-05,4500001306,0000100145,M016,BAL1,62390125,INR
5100005023,2025-02-17,4500002722,0000100042,M002,BAL1,4980378,USD
5100005024,2025-10-22,4500000004,0000100071,M004,HZL1,103734601,INR
5100005025,2025-10-19,4500002291,0000100067,M026,VAL1,13047301,INR
5100005026,2025-11-11,4500000563,0000100069,M033,IOD1,29057488,INR
5100005027,2024-10-07,4500002252,0000100105,M001,BAL1,9435236,EUR
5100005028,2024-12-23,4500003302,0000100159,M026,VAL1,14031199,INR
5100005029,2024-12-08,4500002569,0000100044,M047,VAL1,1790642,INR
5100005030,2024-07-27,4500000010,0000100104,M014,HZL1,1167041,INR
5100005031,2023-05-09,4500002969,0000100111,M012,HZL1,440298,EUR
5100005032,2024-03-12,4500001490,0000100026,M032,VAL1,11572201,INR
5100005033,2023-04-26,4500001483,0000100133,M027,VAL1,2977201,INR
5100005034,2025-01-16,4500002460,0000100044,M056,COG1,1341304,INR
5100005035,2024-05-07,4500002521,0000100034,M013,HZL1,7102934,INR
5100005036,2024-12-08,4500003163,0000100029,M058,VAL1,13744947,INR
5100005037,2025-11-20,4500001902,0000100100,M002,HZL1,98260118,INR
5100005038,2024-12-10,4500002817,0000100123,M005,BAL1,15979508,EUR
5100005039,2023-04-29,4500000710,0000100002,M003,HZL1,14058987,INR
5100005040,2024-03-26,4500003055,0000100156,M004,HZL1,81315085,INR
5100005041,2023-05-24,4500000327,0000100005,M032,STC1,1192184,INR
5100005042,2024-04-22,4500001637,0000100115,M026,HZL1,8478186,INR
5100005043,2024-09-28,4500002697,0000100146,M057,VAL1,5367173,INR
5100005044,2023-03-20,4500001257,0000100064,M011,HZL1,5706555,INR
5100005045,2024-01-15,4500002620,0000100075,M036,COG1,87379396,INR
5100005046,2024-07-29,4500000044,0000100146,M022,HZL1,18280572,INR
5100005047,2024-08-24,4500001572,0000100149,M056,COG1,9880594,INR
5100005048,2023-11-17,4500003109,0000100108,M009,VAL1,1868181,INR
5100005049,2025-07-11,4500000861,0000100012,M010,HZL1,1759128,INR
5100005050,2025-01-20,4500000465,0000100014,M006,HZL1,21106327,INR
5100005051,2025-02-13,4500001105,0000100074,M025,VAL1,22420114,USD
5100005052,2023-10-16,4500001936,0000100091,M008,STC1,780380,INR
5100005053,2023-07-02,4500001887,0000100100,M031,VAL1,10335797,INR
5100005054,2023-12-23,4500000423,0000100014,M031,IOD1,6048815,INR
5100005055,2025-04-18,4500002370,0000100108,M010,HZL1,4262018,INR
5100005056,2023-08-29,4500000995,0000100147,M010,COG1,2561558,INR
5100005057,2025-06-18,4500002238,0000100044,M030,VAL1,11728670,INR
5100005058,2023-11-02,4500003282,0000100120,M036,VAL1,35189914,INR
5100005059,2023-02-13,4500001334,0000100136,M042,VAL1,4568272,INR
5100005060,2024-12-12,4500001864,0000100124,M010,STC1,4336297,INR
5100005061,2023-08-29,4500002122,0000100059,M051,HZL1,23387138,INR
5100005062,2025-12-28,4500000738,0000100108,M048,HZL1,1728055,INR
5100005063,2025-09-14,4500002663,0000100116,M023,VAL1,18694981,INR
5100005064,2024-02-09,4500001817,0000100128,M012,VAL1,2829391,USD
5100005065,2024-12-09,4500002590,0000100084,M003,VAL1,40703794,INR
5100005066,2024-06-06,4500002988,0000100013,M058,COG1,10553806,INR
5100005067,2024-04-30,4500000938,0000100017,M023,COG1,8716449,INR
5100005068,2024-07-25,4500000121,0000100016,M049,HZL1,553066,INR
5100005069,2024-04-14,4500000454,0000100148,M044,IOD1,1747548,INR
5100005070,2023-08-26,4500002115,0000100152,M024,BAL1,25537855,EUR
5100005071,2024-07-15,4500000959,0000100126,M022,HZL1,9334169,INR
5100005072,2025-12-10,4500000143,0000100140,M025,HZL1,17538288,INR
5100005073,2023-09-09,4500000431,0000100002,M041,HZL1,29508068,INR
5100005074,2023-11-22,4500002206,0000100141,M011,BAL1,1178555,INR
5100005075,2024-03-17,4500000571,0000100150,M020,BAL1,24904461,INR
5100005076,2025-07-04,4500002490,0000100082,M045,HZL1,9029638,INR
5100005077,2025-08-05,4500001946,0000100025,M047,VAL1,1278199,INR
5100005078,2025-06-16,4500001418,0000100078,M029,VAL1,31345137,INR
5100005079,2024-07-27,4500002120,0000100055,M001,COG1,17157634,EUR
5100005080,2025-11-21,4500001536,0000100040,M059,STC1,4149042,INR
5100005081,2024-12-09,4500000531,0000100058,M026,HZL1,20999498,INR
5100005082,2023-05-19,4500002819,0000100135,M011,VAL1,4574779,INR
5100005083,2025-12-29,4500002975,0000100044,M039,HZL1,7428258,INR
5100005084,2025-07-19,4500000566,0000100038,M028,VAL1,22879959,INR
5100005085,2025-11-28,4500002483,0000100160,M009,VAL1,2281181,INR
5100005086,2024-07-21,4500002931,0000100001,M049,STC1,944296,INR
5100005087,2023-05-17,4500001227,0000100059,M053,VAL1,3935733,INR
5100005088,2024-11-10,4500000055,0000100157,M035,VAL1,12433955,INR
5100005089,2023-12-30,4500002251,0000100141,M005,HZL1,4543318,INR
5100005090,2023-10-08,4500002655,0000100064,M022,VAL1,9048429,INR
5100005091,2024-06-30,4500002227,0000100044,M043,COG1,866514,INR
5100005092,2023-04-27,4500002562,0000100114,M010,STC1,3214809,INR
5100005093,2025-10-16,4500000027,0000100137,M037,IOD1,25210215,INR
5100005094,2023-12-14,4500000374,0000100147,M012,HZL1,20313266,INR
5100005095,2024-10-18,4500000269,0000100089,M002,VAL1,21349443,INR
5100005096,2025-02-20,4500001879,0000100145,M047,COR1,671334,INR
5100005097,2024-05-27,4500002227,0000100003,M007,COG1,1755912,INR
5100005098,2025-12-11,4500002830,0000100053,M021,VAL1,22700609,INR
5100005099,2024-05-15,4500000298,0000100096,M002,VAL1,275357263,INR
5100005100,2023-03-19,4500001287,0000100124,M021,VAL1,8859599,INR
5100005101,2023-11-13,4500001118,0000100134,M011,HZL1,4333182,INR
5100005102,2025-06-24,4500003220,0000100054,M008,COG1,3273605,USD
5100005103,2024-01-05,4500002874,0000100031,M039,BAL1,4768656,INR
5100005104,2023-10-15,4500000812,0000100108,M012,VAL1,1968630,INR
5100005105,2023-11-15,4500001229,0000100111,M052,STC1,27988095,USD
5100005106,2025-12-09,4500001755,0000100137,M018,VAL1,97480692,USD
5100005107,2023-05-08,4500001725,0000100136,M002,VAL1,196884046,INR
5100005108,2024-05-12,4500002357,0000100021,M051,IOD1,19364100,INR
5100005109,2025-07-24,4500001948,0000100051,M039,HZL1,5901289,INR
5100005110,2025-02-19,4500000630,0000100046,M055,STC1,7594736,INR
5100005111,2024-11-08,4500001121,0000100071,M029,HZL1,9073667,INR
5100005112,2024-09-29,4500002586,0000100107,M048,VAL1,1476950,USD
5100005113,2023-08-18,4500001634,0000100046,M024,HZL1,7862741,INR
5100005114,2025-05-27,4500000590,0000100019,M021,HZL1,25993487,INR
5100005115,2024-08-02,4500002870,0000100148,M035,HZL1,6561587,INR
5100005116,2025-01-09,4500003178,0000100157,M004,VAL1,101497525,INR
5100005117,2025-02-16,4500002378,0000100081,M034,STC1,13267606,INR
5100005118,2025-12-29,4500002803,0000100126,M010,HZL1,2358150,INR
5100005119,2024-09-28,4500002662,0000100010,M007,STC1,6938071,INR
5100005120,2023-10-16,4500002924,0000100025,M011,HZL1,18982188,INR
5100005121,2025-04-17,4500000661,0000100119,M008,COR1,1610644,INR
5100005122,2025-05-02,4500001113,0000100155,M043,STC1,7665848,INR
5100005123,2023-01-30,4500000033,0000100049,M014,STC1,953417,USD
5100005124,2025-07-22,4500000677,0000100051,M012,HZL1,1469335,INR
5100005125,2025-06-24,4500002927,0000100047,M009,BAL1,1927032,INR
5100005126,2024-10-14,4500001961,0000100121,M007,HZL1,5295322,INR
5100005127,2025-10-13,4500000082,0000100019,M044,VAL1,2580204,INR
5100005128,2023-08-02,4500000417,0000100029,M002,HZL1,6411661,INR
5100005129,2025-06-30,4500000050,0000100143,M024,VAL1,21718045,INR
5100005130,2025-02-21,4500001855,0000100142,M042,HZL1,7666003,EUR
5100005131,2025-07-25,4500001394,0000100065,M041,HZL1,5045869,INR
5100005132,2025-06-13,4500002927,0000100141,M010,BAL1,2029226,INR
5100005133,2024-02-16,4500000361,0000100036,M058,VAL1,55084693,INR
5100005134,2025-08-05,4500001048,0000100132,M009,VAL1,2474904,INR
5100005135,2024-12-06,4500003210,0000100151,M014,HZL1,5948054,INR
5100005136,2024-10-03,4500001149,0000100073,M014,HZL1,665767,INR
5100005137,2025-07-31,4500002267,0000100111,M026,HZL1,23234589,EUR
5100005138,2025-07-08,4500000182,0000100033,M060,COR1,11759726,INR
5100005139,2025-02-18,4500000406,0000100115,M008,BAL1,7058930,INR
5100005140,2023-06-10,4500000408,0000100130,M012,HZL1,3107087,INR
5100005141,2025-04-16,4500002370,0000100080,M041,HZL1,14816541,USD
5100005142,2025-09-18,4500002190,0000100108,M009,HZL1,300499,INR
5100005143,2024-11-28,4500003118,0000100113,M004,BAL1,17190328,INR
5100005144,2025-10-26,4500002742,0000100143,M022,STC1,9640085,INR
5100005145,2024-08-28,4500002060,0000100091,M007,HZL1,710257,INR
5100005146,2025-09-07,4500000071,0000100061,M026,VAL1,12352774,INR
5100005147,2025-09-05,4500002253,0000100002,M053,BAL1,28769402,INR
5100005148,2024-03-07,4500000471,0000100095,M010,VAL1,6210327,INR
5100005149,2023-12-11,4500003054,0000100106,M007,VAL1,1226598,INR
5100005150,2024-09-23,4500002408,0000100102,M011,VAL1,2321292,INR
5100005151,2024-09-18,4500001336,0000100147,M009,HZL1,4305378,INR
5100005152,2025-08-06,4500000031,0000100107,M008,STC1,10861444,EUR
5100005153,2023-06-30,4500002286,0000100146,M014,BAL1,10326067,INR
5100005154,2023-08-08,4500001833,0000100136,M008,HZL1,3686479,INR
5100005155,2025-09-04,4500000740,0000100103,M024,VAL1,49048716,INR
5100005156,2023-09-07,4500002232,0000100079,M054,BAL1,8034856,INR
5100005157,2024-08-20,4500002579,0000100121,M021,VAL1,13043910,INR
5100005158,2023-11-08,4500001234,0000100127,M003,COG1,12197740,INR
5100005159,2024-11-24,4500001200,0000100108,M027,HZL1,6665618,INR
5100005160,2023-03-11,4500001497,0000100112,M011,HZL1,5418343,INR
5100005161,2025-01-23,4500003086,0000100129,M044,VAL1,2569688,INR
5100005162,2023-11-10,4500002942,0000100026,M023,HZL1,24753804,INR
5100005163,2024-01-05,4500000597,0000100117,M024,HZL1,96134937,INR
5100005164,2025-10-29,4500000004,0000100050,M035,HZL1,63971665,INR
5100005165,2025-01-08,4500002801,0000100127,M061,STC1,6441549,INR
5100005166,2025-12-29,4500002938,0000100096,M027,VAL1,12399529,INR
5100005167,2025-09-05,4500001555,0000100134,M007,IOD1,16489169,INR
5100005168,2023-08-07,4500000995,0000100062,M004,COG1,19568924,INR
5100005169,2023-09-08,4500000696,0000100027,M041,VAL1,26913022,INR
5100005170,2025-08-26,4500000572,0000100154,M027,HZL1,9840587,INR
5100005171,2025-04-06,4500001171,0000100001,M054,HZL1,5377650,INR
5100005172,2024-09-29,4500000079,0000100064,M012,HZL1,5507470,INR
5100005173,2023-11-07,4500001715,0000100160,M026,BAL1,24727203,INR
5100005174,2025-10-28,4500000399,0000100094,M005,COR1,88590344,EUR
5100005175,2025-04-06,4500001791,0000100075,M006,COG1,16114006,INR
5100005176,2023-10-31,4500002131,0000100100,M027,VAL1,5050854,INR
5100005177,2024-04-24,4500000724,0000100127,M013,HZL1,10971358,INR
5100005178,2025-07-03,4500001819,0000100149,M008,COR1,2900972,INR
5100005179,2025-02-14,4500001033,0000100050,M009,HZL1,332433,INR
5100005180,2025-04-28,4500002573,0000100159,M035,STC1,37348508,INR
5100005181,2025-10-31,4500002954,0000100104,M059,STC1,2912861,INR
5100005182,2023-07-14,4500003309,0000100052,M046,IOD1,9507866,INR
5100005183,2025-10-28,4500000712,0000100033,M046,COG1,4121838,INR
5100005184,2024-10-26,4500000717,0000100144,M023,IOD1,3041067,USD
5100005185,2025-10-11,4500001291,0000100038,M056,HZL1,6018928,INR
5100005186,2023-04-27,4500001057,0000100123,M047,VAL1,721671,EUR
5100005187,2024-08-22,4500001398,0000100001,M010,STC1,9920165,INR
5100005188,2023-05-27,4500001998,0000100041,M011,BAL1,14673323,INR
5100005189,2025-01-30,4500000013,0000100048,M025,COG1,21705167,USD
5100005190,2024-04-19,4500003185,0000100018,M037,HZL1,46173376,INR
5100005191,2023-03-13,4500000958,0000100127,M023,BAL1,15853216,INR
5100005192,2025-01-26,4500000354,0000100053,M005,COR1,3678218,INR
5100005193,2023-12-12,4500000789,0000100047,M021,STC1,20893655,INR
5100005194,2024-12-15,4500003177,0000100153,M024,HZL1,2480355,USD
5100005195,2024-03-05,4500002970,0000100001,M031,VAL1,3749825,INR
5100005196,2024-05-14,4500000543,0000100017,M014,COG1,510888,INR
5100005197,2024-04-21,4500003271,0000100081,M023,HZL1,30454310,INR
5100005198,2023-10-07,4500003197,0000100039,M059,COR1,6884780,INR
5100005199,2024-08-20,4500002510,0000100154,M007,HZL1,3095875,INR
5100005200,2023-04-12,4500000965,0000100096,M033,VAL1,26910258,INR
5100005201,2024-07-31,4500002018,0000100113,M021,VAL1,28166710,INR
5100005202,2025-10-06,4500002845,0000100063,M013,BAL1,1371045,INR
5100005203,2024-01-15,4500001373,0000100033,M014,STC1,1191645,INR
5100005204,2023-11-04,4500002387,0000100115,M041,HZL1,33450058,INR
5100005205,2024-09-07,4500000916,0000100116,M039,BAL1,8366342,INR
5100005206,2023-07-20,4500001520,0000100045,M008,VAL1,1165935,INR
5100005207,2025-03-28,4500002090,0000100110,M001,HZL1,50072176,INR
5100005208,2023-03-31,4500001072,0000100134,M049,BAL1,709215,INR
5100005209,2023-12-11,4500000311,0000100088,M041,BAL1,11759372,INR
5100005210,2025-12-16,4500000115,0000100020,M037,COR1,43774910,INR
5100005211,2023-09-08,4500001965,0000100154,M054,HZL1,10204025,INR
5100005212,2024-05-11,4500002661,0000100001,M009,VAL1,594893,INR
5100005213,2023-06-12,4500002473,0000100094,M006,HZL1,13453138,INR
5100005214,2023-03-19,4500002275,0000100134,M056,IOD1,38824841,INR
5100005215,2024-05-29,4500002907,0000100062,M052,COG1,10491733,INR
5100005216,2025-01-28,4500002957,0000100147,M025,HZL1,106046834,INR
5100005217,2025-12-15,4500000741,0000100028,M001,COR1,24420754,INR
5100005218,2024-11-11,4500002519,0000100092,M024,VAL1,40025776,EUR
5100005219,2025-05-24,4500000433,0000100001,M010,COG1,540826,INR
5100005220,2025-06-04,4500003289,0000100157,M060,VAL1,13464687,INR
5100005221,2023-08-15,4500001197,0000100044,M026,COR1,15460699,INR
5100005222,2024-07-05,4500001225,0000100147,M002,STC1,23113655,INR
5100005223,2025-05-28,4500001588,0000100106,M050,COG1,203443,INR
5100005224,2025-04-22,4500000243,0000100084,M055,VAL1,10378446,INR
5100005225,2025-08-21,4500001196,0000100136,M008,VAL1,6198801,INR
5100005226,2025-03-24,4500001454,0000100117,M041,STC1,3231510,INR
5100005227,2025-05-19,4500001457,0000100035,M008,BAL1,1165860,INR
5100005228,2025-10-08,4500002136,0000100095,M011,STC1,7116875,INR
5100005229,2025-01-27,4500001187,0000100056,M047,VAL1,1232516,USD
5100005230,2024-02-02,4500002418,0000100130,M047,HZL1,392016,INR
5100005231,2025-02-10,4500002139,0000100058,M038,HZL1,94497313,USD
5100005232,2023-10-21,4500001234,0000100108,M024,COG1,2723410,INR
5100005233,2025-07-26,4500002966,0000100153,M014,BAL1,6115901,EUR
5100005234,2025-08-14,4500002714,0000100087,M024,HZL1,9887197,INR
5100005235,2025-06-23,4500000677,0000100022,M037,HZL1,59044552,INR
5100005236,2023-09-21,4500001936,0000100065,M038,STC1,71139744,INR
5100005237,2025-10-29,4500002811,0000100160,M045,STC1,18344218,INR
5100005238,2024-05-21,4500000748,0000100012,M011,IOD1,7433984,USD
5100005239,2023-10-06,4500001049,0000100067,M046,COR1,9556469,INR
5100005240,2023-11-10,4500002675,0000100088,M010,VAL1,7123572,INR
5100005241,2024-09-02,4500000615,0000100062,M047,HZL1,1540961,INR
5100005242,2024-10-13,4500001069,0000100014,M044,HZL1,1814119,INR
5100005243,2023-10-30,4500001450,0000100002,M012,HZL1,6701861,INR
5100005244,2025-02-28,4500001033,0000100127,M005,HZL1,18021349,INR
5100005245,2024-02-18,4500000313,0000100094,M045,HZL1,1730179,EUR
5100005246,2025-09-23,4500001992,0000100159,M051,BAL1,14997668,INR
5100005247,2024-08-16,4500002006,0000100117,M002,VAL1,13000995,INR
5100005248,2024-04-16,4500001871,0000100041,M031,VAL1,2847774,INR
5100005249,2023-06-18,4500002773,0000100043,M041,BAL1,21191044,EUR
5100005250,2025-12-29,4500002612,0000100040,M024,STC1,50405574,INR
5100005251,2025-12-13,4500000498,0000100145,M011,HZL1,9293378,INR
5100005252,2024-01-07,4500000942,0000100140,M037,COG1,65621781,INR
5100005253,2025-07-08,4500000216,0000100157,M004,IOD1,17611413,INR
5100005254,2023-10-04,4500000318,0000100005,M007,IOD1,2911381,INR
5100005255,2023-05-31,4500000511,0000100120,M002,STC1,80964949,INR
5100005256,2023-12-30,4500001841,0000100065,M026,HZL1,46886199,INR
5100005257,2024-07-19,4500002609,0000100072,M040,BAL1,5200454,USD
5100005258,2025-06-11,4500002059,0000100012,M004,VAL1,58984885,EUR
5100005259,2024-11-22,4500000340,0000100128,M045,VAL1,20505304,USD
5100005260,2024-09-30,4500000424,0000100044,M061,VAL1,4692726,INR
5100005261,2023-05-26,4500001404,0000100104,M005,VAL1,13937144,INR
5100005262,2025-02-15,4500001129,0000100040,M054,COR1,7614996,INR
5100005263,2023-07-12,4500002761,0000100083,M058,BAL1,17962451,EUR
5100005264,2025-04-01,4500001350,0000100141,M002,VAL1,119371774,INR
5100005265,2025-01-15,4500002953,0000100092,M053,STC1,6061261,EUR
5100005266,2024-03-12,4500003311,0000100038,M036,VAL1,49804165,INR
5100005267,2025-06-06,4500002686,0000100006,M011,HZL1,4248330,INR
5100005268,2025-10-22,4500002030,0000100004,M005,BAL1,53457043,INR
5100005269,2025-11-08,4500002127,0000100017,M037,BAL1,26659433,INR
5100005270,2024-08-15,4500002453,0000100094,M008,HZL1,686553,USD
5100005271,2023-03-26,4500001101,0000100154,M046,COG1,2196800,INR
5100005272,2025-02-15,4500002798,0000100073,M002,BAL1,31136343,INR
5100005273,2023-10-11,4500003215,0000100025,M024,HZL1,17071850,INR
5100005274,2024-07-03,4500001182,0000100022,M001,BAL1,86773566,INR
5100005275,2024-08-18,4500002834,0000100085,M003,COG1,6359157,INR
5100005276,2024-07-13,4500001444,0000100120,M023,COR1,3957614,INR
5100005277,2024-08-12,4500001087,0000100127,M001,STC1,67802964,INR
5100005278,2025-07-07,4500002434,0000100080,M021,VAL1,10235237,INR
5100005279,2025-11-16,4500001861,0000100065,M014,VAL1,8896889,INR
5100005280,2023-02-10,4500001504,0000100157,M038,VAL1,29062212,INR
5100005281,2025-03-10,4500002105,0000100005,M011,IOD1,4385912,INR
5100005282,2024-04-17,4500003187,0000100112,M043,COR1,10930735,INR
5100005283,2025-11-15,4500001241,0000100130,M013,STC1,1583691,INR
5100005284,2024-06-15,4500002097,0000100098,M010,COG1,4596828,INR
5100005285,2023-04-18,4500000595,0000100151,M001,HZL1,21434925,INR
5100005286,2025-08-31,4500001908,0000100035,M041,HZL1,7592021,INR
5100005287,2023-04-19,4500001422,0000100101,M006,HZL1,15088754,INR
5100005288,2023-06-15,4500002638,0000100073,M025,IOD1,22227827,INR
5100005289,2023-10-31,4500001066,0000100121,M003,HZL1,11349679,INR
5100005290,2024-07-29,4500002120,0000100129,M013,COG1,2990213,INR
5100005291,2023-06-10,4500000163,0000100041,M061,COG1,10738299,INR
5100005292,2025-12-15,4500001464,0000100131,M007,VAL1,1982540,INR
5100005293,2023-07-23,4500001685,0000100021,M046,HZL1,2837534,INR
5100005294,2024-02-10,4500000561,0000100062,M005,VAL1,121496501,INR
5100005295,2023-08-27,4500001201,0000100114,M035,VAL1,14993923,INR
5100005296,2025-10-11,4500002033,0000100103,M024,STC1,24368825,INR
5100005297,2024-09-06,4500001656,0000100005,M048,VAL1,776898,INR
5100005298,2023-01-26,4500002636,0000100030,M030,HZL1,5054039,INR
5100005299,2025-05-08,4500001458,0000100038,M022,COR1,28431460,INR
5100005300,2024-12-31,4500002281,0000100007,M039,HZL1,1098105,INR
5100005301,2023-03-24,4500000877,0000100143,M022,HZL1,12375560,INR
5100005302,2023-07-25,4500003300,0000100142,M060,COG1,2330888,EUR
5100005303,2023-04-26,4500000832,0000100129,M053,HZL1,20659458,INR
5100005304,2025-01-25,4500002454,0000100088,M034,HZL1,46487862,INR
5100005305,2024-06-06,4500002793,0000100017,M038,BAL1,12602041,INR
5100005306,2025-01-25,4500001703,0000100005,M030,IOD1,24781149,INR
5100005307,2025-12-16,4500001790,0000100130,M003,VAL1,45516270,INR
5100005308,2025-05-16,4500002939,0000100077,M028,COR1,1880182,INR
5100005309,2025-05-24,4500001015,0000100158,M024,STC1,18046007,INR
5100005310,2025-05-09,4500002194,0000100089,M009,HZL1,2298104,INR
5100005311,2024-03-27,4500002878,0000100120,M013,BAL1,6056126,INR
5100005312,2024-02-25,4500000996,0000100008,M002,HZL1,44674082,INR
5100005313,2025-06-27,4500003220,0000100132,M002,COG1,15116510,INR
5100005314,2025-08-03,4500001198,0000100061,M053,HZL1,14345276,INR
5100005315,2025-02-08,4500000739,0000100031,M041,HZL1,7860949,INR
5100005316,2024-10-19,4500000316,0000100082,M001,VAL1,40893121,INR
5100005317,2023-11-20,4500000888,0000100113,M044,COG1,1069564,INR
5100005318,2024-12-02,4500002254,0000100157,M024,IOD1,6589101,INR
5100005319,2024-02-25,4500002865,0000100158,M006,COG1,21501053,INR
5100005320,2023-08-25,4500000290,0000100064,M011,BAL1,4061220,INR
5100005321,2023-06-20,4500002773,0000100108,M028,BAL1,4250254,INR
5100005322,2023-06-23,4500000259,0000100141,M023,HZL1,3939684,INR
5100005323,2024-04-04,4500002237,0000100115,M010,COG1,4072894,INR
5100005324,2025-08-25,4500001943,0000100041,M047,VAL1,556519,INR
5100005325,2024-10-03,4500002408,0000100063,M042,VAL1,7607490,INR
5100005326,2025-06-28,4500002617,0000100082,M013,VAL1,2578476,INR
5100005327,2025-06-25,4500000182,0000100016,M060,COR1,4757427,INR
5100005328,2025-01-02,4500000466,0000100023,M010,HZL1,646369,INR
5100005329,2024-12-07,4500000030,0000100136,M041,COG1,11683454,INR
5100005330,2024-12-16,4500000723,0000100134,M052,IOD1,10695767,INR
5100005331,2025-06-17,4500002517,0000100134,M010,HZL1,3209795,INR
5100005332,2025-12-23,4500000811,0000100117,M032,HZL1,9442396,INR
5100005333,2024-08-12,4500000847,0000100146,M050,COR1,383734,INR
5100005334,2025-09-11,4500001142,0000100013,M050,HZL1,709352,INR
5100005335,2023-12-01,4500001509,0000100047,M036,HZL1,14267235,INR
5100005336,2025-12-15,4500002337,0000100112,M022,STC1,8598429,INR
5100005337,2023-02-17,4500000876,0000100045,M065,COR1,639851,INR
5100005338,2024-09-22,4500001255,0000100044,M003,COG1,41613190,INR
5100005339,2025-11-02,4500000429,0000100111,M048,COG1,694806,EUR
5100005340,2023-01-25,4500002016,0000100099,M038,VAL1,10858724,INR
5100005341,2025-09-07,4500002143,0000100037,M039,COG1,28042430,USD
5100005342,2023-12-21,4500002876,0000100086,M007,BAL1,4929040,INR
5100005343,2023-05-23,4500000458,0000100070,M009,BAL1,3508669,INR
5100005344,2024-04-19,4500000548,0000100025,M042,STC1,2381782,INR
5100005345,2023-07-23,4500003300,0000100010,M023,COG1,10604511,EUR
5100005346,2024-01-31,4500002418,0000100033,M040,HZL1,78963099,INR
5100005347,2025-09-15,4500001924,0000100079,M051,VAL1,14947127,INR
5100005348,2024-11-22,4500000678,0000100080,M041,VAL1,3094004,INR
5100005349,2025-09-13,4500002025,0000100101,M023,HZL1,4684843,INR
5100005350,2025-12-07,4500000339,0000100027,M014,HZL1,1849775,INR
5100005351,2024-04-11,4500001446,0000100031,M009,VAL1,3226901,INR
5100005352,2025-12-19,4500001470,0000100135,M035,HZL1,46891630,INR
5100005353,2024-02-21,4500000515,0000100093,M030,HZL1,16010626,EUR
5100005354,2023-12-09,4500000462,0000100079,M005,HZL1,74484042,INR
5100005355,2023-06-03,4500001261,0000100083,M057,COR1,22425792,INR
5100005356,2024-07-05,4500001034,0000100140,M039,VAL1,6169009,INR
5100005357,2024-09-08,4500000168,0000100081,M038,HZL1,17676198,INR
5100005358,2024-10-07,4500001149,0000100103,M012,HZL1,972598,INR
5100005359,2025-03-17,4500000058,0000100064,M008,HZL1,9358957,INR
5100005360,2023-07-06,4500000040,0000100043,M026,COG1,10512999,USD
5100005361,2025-10-06,4500000426,0000100015,M014,STC1,2028885,INR
5100005362,2023-03-01,4500002810,0000100085,M011,STC1,6217715,INR
5100005363,2024-06-02,4500002684,0000100149,M014,HZL1,2225775,INR
5100005364,2024-09-25,4500000269,0000100064,M037,VAL1,24689577,INR
5100005365,2024-02-17,4500001624,0000100129,M031,HZL1,3840311,INR
5100005366,2025-11-18,4500002170,0000100102,M049,VAL1,751665,USD
5100005367,2024-10-08,4500001381,0000100115,M040,BAL1,5017436,INR
5100005368,2025-08-13,4500002118,0000100112,M006,HZL1,45084058,INR
5100005369,2024-01-14,4500002173,0000100142,M050,BAL1,612568,USD
5100005370,2024-12-01,4500003013,0000100053,M034,VAL1,27390932,INR
5100005371,2023-02-14,4500001753,0000100126,M024,HZL1,61741897,INR
5100005372,2024-07-03,4500001510,0000100013,M007,COR1,1628216,INR
5100005373,2023-07-07,4500000338,0000100029,M019,VAL1,32538095,INR
5100005374,2023-05-14,4500000439,0000100051,M054,VAL1,4527315,INR
5100005375,2023-12-03,4500003105,0000100049,M003,HZL1,31656590,EUR
5100005376,2025-02-01,4500002003,0000100004,M027,STC1,3319390,INR
5100005377,2025-09-29,4500002731,0000100045,M001,IOD1,11397548,INR
5100005378,2025-11-04,4500002001,0000100023,M005,COG1,26775313,INR
5100005379,2023-12-19,4500000915,0000100143,M009,HZL1,3352778,INR
5100005380,2023-09-04,4500001517,0000100157,M033,HZL1,5289337,INR
5100005381,2023-03-11,4500002474,0000100093,M039,HZL1,5489724,EUR
5100005382,2024-12-04,4500000911,0000100115,M005,HZL1,18046166,INR
5100005383,2024-08-11,4500000104,0000100076,M057,COG1,3802912,INR
5100005384,2024-05-01,4500001235,0000100154,M011,STC1,4813253,INR
5100005385,2025-10-29,4500002845,0000100068,M006,BAL1,5485889,INR
5100005386,2023-07-31,4500000109,0000100070,M014,STC1,5503345,INR
5100005387,2025-03-06,4500001857,0000100051,M006,IOD1,4795853,INR
5100005388,2025-09-20,4500003299,0000100102,M035,HZL1,30213643,USD
5100005389,2025-01-30,4500001984,0000100015,M008,HZL1,1699524,INR
5100005390,2024-05-25,4500002793,0000100119,M006,BAL1,27103302,INR
5100005391,2024-09-25,4500001934,0000100132,M042,VAL1,17556173,INR
5100005392,2025-04-27,4500002674,0000100091,M022,VAL1,29814897,INR
5100005393,2025-06-10,4500003289,0000100160,M012,VAL1,2256964,INR
5100005394,2024-09-12,4500002599,0000100143,M008,STC1,1671408,INR
5100005395,2023-05-16,4500000672,0000100028,M059,VAL1,13578217,INR
5100005396,2024-11-23,4500001680,0000100033,M054,IOD1,6882799,INR
5100005397,2025-03-27,4500003264,0000100101,M023,VAL1,8846141,INR
5100005398,2023-07-28,4500002752,0000100033,M055,VAL1,11822173,INR
5100005399,2025-05-05,4500000504,0000100040,M038,STC1,10113004,INR
5100005400,2023-04-29,4500003161,0000100100,M006,COG1,25136921,INR
5100005401,2023-12-19,4500000625,0000100090,M011,COG1,2528045,INR
5100005402,2023-06-30,4500001923,0000100150,M002,STC1,70826889,INR
5100005403,2025-02-03,4500000309,0000100058,M025,COG1,32713377,USD
5100005404,2024-01-20,4500002886,0000100155,M007,VAL1,1939233,USD
5100005405,2023-09-24,4500000730,0000100009,M036,VAL1,23101630,USD
5100005406,2025-01-26,4500003066,0000100131,M014,VAL1,11014083,INR
5100005407,2024-08-27,4500001067,0000100052,M036,STC1,3058939,INR
5100005408,2024-09-08,4500000538,0000100085,M012,VAL1,2154071,INR
5100005409,2025-01-24,4500001944,0000100113,M028,HZL1,4901989,INR
5100005410,2024-03-16,4500001256,0000100040,M009,IOD1,1263942,INR
5100005411,2025-05-24,4500002844,0000100016,M031,VAL1,11507984,INR
5100005412,2024-08-22,4500002280,0000100107,M026,COG1,4558860,EUR
5100005413,2023-03-27,4500001467,0000100138,M002,IOD1,6259927,INR
5100005414,2024-07-09,4500001712,0000100013,M023,VAL1,9484243,INR
5100005415,2023-12-05,4500002422,0000100146,M007,IOD1,4699843,INR
5100005416,2024-02-29,4500001763,0000100026,M038,BAL1,11386455,INR
5100005417,2025-06-05,4500001286,0000100023,M032,VAL1,7673703,INR
5100005418,2025-05-11,4500001665,0000100088,M009,HZL1,5428765,INR
5100005419,2023-11-12,4500001331,0000100029,M025,STC1,11152797,INR
5100005420,2023-07-15,4500001516,0000100025,M053,BAL1,19239579,INR
5100005421,2025-01-13,4500002313,0000100150,M008,HZL1,19536960,INR
5100005422,2024-07-31,4500002496,0000100072,M022,COG1,5914191,USD
5100005423,2023-06-11,4500000583,0000100029,M041,VAL1,35625175,INR
5100005424,2024-09-04,4500002249,0000100084,M012,VAL1,2402854,INR
5100005425,2024-05-23,4500000771,0000100105,M015,HZL1,66060346,USD
5100005426,2025-04-03,4500003061,0000100026,M040,BAL1,13549014,INR
5100005427,2025-02-21,4500002753,0000100092,M001,STC1,28260606,USD
5100005428,2025-10-06,4500002825,0000100055,M036,HZL1,15159618,EUR
5100005429,2024-12-19,4500001061,0000100100,M009,COG1,3754421,INR
5100005430,2023-08-18,4500002544,0000100004,M035,STC1,60117462,INR
5100005431,2025-06-09,4500000092,0000100026,M057,HZL1,6622401,INR
5100005432,2024-05-22,4500002550,0000100033,M010,VAL1,3419814,INR
5100005433,2024-10-18,4500001106,0000100129,M021,BAL1,4286108,INR
5100005434,2024-02-20,4500002715,0000100154,M028,VAL1,26616807,INR
5100005435,2024-11-02,4500002832,0000100061,M042,BAL1,4648766,INR
5100005436,2025-10-05,4500002908,0000100103,M032,COG1,4477444,INR
5100005437,2025-08-13,4500002143,0000100128,M008,COG1,584795,INR
5100005438,2025-04-19,4500001693,0000100136,M056,VAL1,5460431,INR
5100005439,2023-08-20,4500001564,0000100091,M037,COR1,10478308,INR
5100005440,2024-01-17,4500002679,0000100031,M009,BAL1,1969370,INR
5100005441,2025-08-08,4500000711,0000100031,M049,BAL1,838939,INR
5100005442,2024-04-27,4500003131,0000100007,M006,HZL1,27399703,INR
5100005443,2025-01-30,4500001030,0000100030,M013,HZL1,6503266,INR
5100005444,2023-10-06,4500001172,0000100070,M021,BAL1,80887599,INR
5100005445,2025-06-29,4500002808,0000100123,M012,HZL1,2325977,INR
5100005446,2024-02-02,4500002482,0000100136,M041,HZL1,937507,INR
5100005447,2025-08-24,4500000727,0000100046,M053,COG1,23765204,INR
5100005448,2023-11-12,4500003221,0000100127,M058,BAL1,9417675,INR
5100005449,2024-11-11,4500002978,0000100051,M003,VAL1,26397861,INR
5100005450,2024-01-30,4500001522,0000100062,M002,BAL1,18222915,INR
5100005451,2025-09-30,4500002253,0000100087,M049,BAL1,2861483,INR
5100005452,2025-11-12,4500001956,0000100120,M036,STC1,19072490,INR
5100005453,2024-03-06,4500002066,0000100002,M032,STC1,4945712,INR
5100005454,2024-03-07,4500000559,0000100079,M049,HZL1,452699,INR
5100005455,2023-07-26,4500001360,0000100063,M032,IOD1,11292562,INR
5100005456,2023-06-10,4500000242,0000100014,M033,BAL1,57940836,INR
5100005457,2023-12-05,4500002874,0000100104,M007,BAL1,6092768,INR
5100005458,2023-11-11,4500002102,0000100154,M011,COR1,2777240,INR
5100005459,2024-09-02,4500002918,0000100108,M005,VAL1,23175450,INR
5100005460,2025-01-11,4500001426,0000100103,M050,HZL1,326584,INR
5100005461,2024-08-21,4500002445,0000100049,M008,VAL1,2246213,EUR
5100005462,2024-11-21,4500000967,0000100099,M053,BAL1,29147233,INR
5100005463,2024-05-07,4500002955,0000100054,M026,VAL1,28848560,USD
5100005464,2025-05-05,4500001795,0000100055,M053,VAL1,13654012,USD
5100005465,2025-12-28,4500001455,0000100116,M040,HZL1,20997603,INR
5100005466,2025-03-05,4500000703,0000100035,M022,COR1,9450369,INR
5100005467,2024-08-03,4500001500,0000100021,M005,VAL1,11801312,INR
5100005468,2023-04-08,4500002187,0000100100,M003,HZL1,22785598,INR
5100005469,2025-06-26,4500002114,0000100039,M011,HZL1,2800248,USD
5100005470,2025-07-21,4500001570,0000100092,M059,VAL1,5695734,INR
5100005471,2025-09-21,4500001430,0000100034,M031,VAL1,4957697,INR
5100005472,2024-08-13,4500000673,0000100115,M038,BAL1,61797640,INR
5100005473,2024-09-02,4500000141,0000100025,M041,HZL1,6298972,INR
5100005474,2024-07-22,4500002469,0000100152,M019,STC1,75359508,EUR
5100005475,2024-05-27,4500000065,0000100085,M007,HZL1,1887985,INR
5100005476,2025-07-05,4500000908,0000100090,M012,IOD1,1294939,INR
5100005477,2025-09-27,4500002946,0000100018,M037,HZL1,24911624,INR
5100005478,2025-10-26,4500003083,0000100140,M009,COG1,2282062,INR
5100005479,2025-10-30,4500000856,0000100021,M004,HZL1,23653298,INR
5100005480,2025-01-30,4500002378,0000100098,M050,STC1,1117140,INR
5100005481,2024-08-13,4500001203,0000100049,M046,HZL1,5492335,INR
5100005482,2024-07-04,4500002165,0000100115,M050,COG1,1055523,INR
5100005483,2023-07-19,4500002949,0000100065,M005,HZL1,46663087,INR
5100005484,2024-06-20,4500001623,0000100101,M025,IOD1,29666685,INR
5100005485,2024-07-06,4500001970,0000100028,M040,STC1,17055078,INR
5100005486,2023-12-28,4500000041,0000100003,M045,HZL1,5646906,INR
5100005487,2023-07-29,4500002659,0000100123,M007,STC1,1057527,USD
5100005488,2024-01-20,4500000604,0000100079,M041,VAL1,6763228,INR
5100005489,2024-02-18,4500000780,0000100007,M028,VAL1,1456033,INR
5100005490,2024-06-21,4500001811,0000100104,M047,VAL1,524483,INR
5100005491,2023-09-03,4500002009,0000100158,M033,HZL1,17864100,INR
5100005492,2024-06-12,4500002907,0000100128,M008,COG1,5177378,USD
5100005493,2023-04-02,4500000877,0000100063,M011,HZL1,2594582,INR
5100005494,2024-10-13,4500001961,0000100124,M021,HZL1,39606382,INR
5100005495,2024-06-11,4500002005,0000100160,M050,HZL1,5020140,INR
5100005496,2023-03-21,4500002032,0000100063,M013,COG1,7073673,INR
5100005497,2023-06-16,4500003127,0000100048,M051,IOD1,29222611,EUR
5100005498,2023-03-19,4500001550,0000100104,M010,VAL1,6481417,INR
5100005499,2023-04-16,4500001011,0000100082,M038,COG1,29770376,INR
5100005500,2023-06-17,4500000588,0000100097,M025,HZL1,205152632,INR
5100005501,2024-05-17,4500001919,0000100116,M014,COG1,5698311,INR
5100005502,2025-05-02,4500001781,0000100026,M050,IOD1,1100318,INR
5100005503,2025-07-01,4500001884,0000100145,M008,COG1,2055715,INR
5100005504,2023-12-31,4500000462,0000100068,M004,HZL1,30668892,INR
5100005505,2023-10-12,4500002110,0000100067,M033,IOD1,14243086,INR
5100005506,2025-02-27,4500003313,0000100045,M049,VAL1,374653,INR
5100005507,2025-03-08,4500000048,0000100156,M024,IOD1,28506663,EUR
5100005508,2025-11-18,4500000971,0000100021,M041,HZL1,8177246,INR
5100005509,2025-01-13,4500001639,0000100045,M009,VAL1,1513627,INR
5100005510,2023-05-07,4500001137,0000100069,M004,STC1,26409341,INR
5100005511,2023-08-04,4500000696,0000100078,M014,VAL1,1778086,INR
5100005512,2023-07-10,4500000215,0000100019,M021,STC1,6906842,INR
5100005513,2023-08-16,4500002575,0000100031,M024,COR1,11021755,INR
5100005514,2024-06-05,4500001269,0000100134,M026,HZL1,9239491,INR
5100005515,2023-02-17,4500001647,0000100028,M011,HZL1,3414169,INR
5100005516,2025-04-19,4500001840,0000100141,M013,VAL1,9453631,INR
5100005517,2025-02-07,4500002228,0000100063,M004,HZL1,60805845,INR
5100005518,2025-01-15,4500000544,0000100051,M027,VAL1,18176555,INR
5100005519,2025-05-16,4500000618,0000100123,M014,HZL1,1568974,INR
5100005520,2023-05-07,4500001539,0000100093,M054,VAL1,24000477,INR
5100005521,2023-07-28,4500000924,0000100145,M005,HZL1,484245044,INR
5100005522,2024-10-09,4500000737,0000100028,M004,BAL1,45149895,INR
5100005523,2025-04-06,4500001224,0000100111,M010,STC1,1605290,INR
5100005524,2023-09-06,4500002920,0000100145,M053,STC1,28826841,INR
5100005525,2025-02-07,4500001441,0000100068,M052,VAL1,8593128,INR
5100005526,2023-11-29,4500001613,0000100108,M042,HZL1,12204322,INR
5100005527,2024-11-11,4500001328,0000100071,M003,VAL1,13291696,INR
5100005528,2024-06-24,4500000332,0000100035,M004,HZL1,47955016,INR
5100005529,2023-05-25,4500000830,0000100147,M013,IOD1,3470729,INR
5100005530,2025-07-03,4500002145,0000100034,M009,VAL1,980743,INR
5100005531,2023-09-23,4500001049,0000100125,M026,COR1,15607675,INR
5100005532,2024-10-10,4500000521,0000100014,M005,VAL1,34763678,INR
5100005533,2025-04-18,4500001224,0000100052,M010,STC1,3257077,INR
5100005534,2024-09-09,4500002289,0000100020,M035,BAL1,88722405,INR
5100005535,2025-02-19,4500000054,0000100062,M004,VAL1,27974550,INR
5100005536,2024-12-04,4500002574,0000100010,M021,HZL1,5256302,INR
5100005537,2025-07-14,4500001521,0000100142,M026,HZL1,9823205,EUR
5100005538,2023-11-09,4500000268,0000100118,M020,COG1,63642019,INR
5100005539,2024-10-25,4500000534,0000100114,M026,BAL1,32132476,INR
5100005540,2023-09-16,4500001148,0000100010,M008,HZL1,1253122,INR
5100005541,2025-01-22,4500002957,0000100080,M008,HZL1,5264606,EUR
5100005542,2024-12-13,4500003302,0000100031,M008,VAL1,1187742,INR
5100005543,2024-03-25,4500001778,0000100019,M016,STC1,97576241,INR
5100005544,2024-10-15,4500002183,0000100136,M036,STC1,127491669,INR
5100005545,2023-04-29,4500002780,0000100156,M039,COG1,22922882,EUR
5100005546,2023-08-13,4500000995,0000100054,M061,COG1,4004985,EUR
5100005547,2024-05-09,4500001494,0000100036,M026,VAL1,43648008,INR
5100005548,2023-12-21,4500002774,0000100146,M065,HZL1,978899,INR
5100005549,2025-08-28,4500001789,0000100085,M001,BAL1,41995562,INR
5100005550,2025-08-04,4500002518,0000100061,M041,STC1,7712177,INR
5100005551,2024-08-28,4500000256,0000100084,M021,HZL1,6327182,INR
5100005552,2024-07-10,4500000161,0000100120,M012,BAL1,2261757,INR
5100005553,2024-04-15,4500000724,0000100016,M041,HZL1,4682049,INR
5100005554,2025-08-05,4500000835,0000100145,M037,VAL1,41505737,INR
5100005555,2023-12-12,4500001709,0000100136,M014,BAL1,4866667,INR
5100005556,2023-05-09,4500002316,0000100006,M031,STC1,6607878,INR
5100005557,2025-07-27,4500000491,0000100061,M014,HZL1,6736302,INR
5100005558,2025-01-23,4500003022,0000100010,M016,IOD1,68835939,USD
5100005559,2025-02-05,4500002953,0000100017,M047,STC1,532995,INR
5100005560,2023-08-08,4500002177,0000100132,M054,BAL1,16067545,INR
5100005561,2025-11-18,4500001340,0000100065,M046,BAL1,5145227,INR
5100005562,2023-05-08,4500000439,0000100098,M015,VAL1,31161009,INR
5100005563,2023-10-25,4500000081,0000100081,M012,STC1,1023876,INR
5100005564,2024-05-06,4500002146,0000100006,M032,HZL1,2069707,INR
5100005565,2024-04-24,4500001668,0000100140,M012,HZL1,6627275,INR
5100005566,2024-11-11,4500000620,0000100087,M038,HZL1,13711935,INR
5100005567,2023-05-17,4500000146,0000100098,M053,HZL1,17155506,INR
5100005568,2023-12-04,4500000119,0000100093,M012,VAL1,1260223,INR
5100005569,2023-10-16,4500001936,0000100147,M050,STC1,357308,INR
5100005570,2024-06-03,4500001034,0000100104,M053,VAL1,20168171,INR
5100005571,2023-03-31,4500002974,0000100080,M008,VAL1,7079166,USD
5100005572,2023-04-19,4500002021,0000100060,M002,COG1,17242144,INR
5100005573,2023-03-22,4500001362,0000100092,M051,IOD1,20139387,EUR
5100005574,2025-07-03,4500002300,0000100092,M012,VAL1,1371367,INR
5100005575,2024-07-27,4500003071,0000100063,M002,BAL1,47888947,INR
5100005576,2023-07-17,4500003078,0000100012,M023,IOD1,9022926,USD
5100005577,2023-10-09,4500001305,0000100071,M057,BAL1,13860690,INR
5100005578,2024-07-14,4500000260,0000100049,M046,HZL1,13684423,USD
5100005579,2025-04-29,4500003162,0000100099,M012,HZL1,659853,INR
5100005580,2024-09-22,4500003192,0000100099,M009,STC1,4003904,INR
5100005581,2025-09-22,4500000977,0000100136,M028,BAL1,3586094,INR
5100005582,2024-03-04,4500000179,0000100141,M052,BAL1,9961788,INR
5100005583,2023-03-27,4500003154,0000100106,M017,COG1,83469108,INR
5100005584,2023-05-03,4500000624,0000100055,M003,HZL1,53587615,USD
5100005585,2025-06-09,4500002844,0000100114,M043,VAL1,1428502,INR
5100005586,2025-10-17,4500000844,0000100018,M048,COG1,387970,INR
5100005587,2025-01-18,4500002140,0000100068,M024,VAL1,53441301,INR
5100005588,2023-08-22,4500001372,0000100038,M009,BAL1,2136158,INR
5100005589,2023-03-08,4500001202,0000100035,M022,COR1,33721764,INR
5100005590,2024-10-26,4500000878,0000100058,M025,COR1,42003522,USD
5100005591,2023-11-15,4500003099,0000100090,M024,HZL1,22074011,INR
5100005592,2024-12-20,4500002074,0000100039,M051,VAL1,4002230,INR
5100005593,2023-09-05,4500002306,0000100141,M023,STC1,14513509,INR
5100005594,2025-10-06,4500001511,0000100117,M014,BAL1,2054651,INR
5100005595,2024-05-21,4500002076,0000100038,M009,VAL1,687557,INR
5100005596,2024-06-06,4500002661,0000100066,M012,VAL1,1085390,EUR
5100005597,2025-06-27,4500000951,0000100137,M014,VAL1,4340885,EUR
5100005598,2024-04-09,4500002411,0000100059,M007,COG1,2078519,INR
5100005599,2024-02-27,4500000188,0000100070,M003,HZL1,53039107,INR
5100005600,2024-07-18,4500002148,0000100065,M024,HZL1,55962882,INR
5100005601,2025-09-12,4500002796,0000100110,M040,VAL1,8418243,INR
5100005602,2025-07-10,4500003108,0000100070,M012,HZL1,2148654,INR
5100005603,2025-01-19,4500003034,0000100056,M048,VAL1,895388,EUR
5100005604,2023-05-28,4500002270,0000100006,M047,STC1,357823,INR
5100005605,2025-11-24,4500000937,0000100103,M012,BAL1,1110134,INR
5100005606,2025-02-13,4500001123,0000100008,M014,HZL1,1394898,USD
5100005607,2025-06-03,4500000300,0000100104,M023,COG1,7934293,INR
5100005608,2025-10-05,4500000350,0000100139,M001,VAL1,15511462,INR
5100005609,2024-11-25,4500001282,0000100009,M009,VAL1,4224247,USD
5100005610,2025-01-10,4500000016,0000100136,M008,COG1,20304681,INR
5100005611,2025-03-06,4500002606,0000100140,M023,IOD1,43735309,INR
5100005612,2024-05-14,4500002353,0000100023,M002,VAL1,24142588,INR
5100005613,2023-08-28,4500003226,0000100061,M023,HZL1,57804861,INR
5100005614,2025-01-25,4500000224,0000100076,M011,VAL1,4542883,INR
5100005615,2023-05-05,4500000487,0000100145,M024,HZL1,4600970,INR
5100005616,2025-11-10,4500002923,0000100002,M013,HZL1,7633484,INR
5100005617,2023-11-30,4500000622,0000100042,M030,HZL1,12114112,INR
5100005618,2025-11-24,4500000514,0000100124,M049,HZL1,2564507,INR
5100005619,2024-08-09,4500000581,0000100114,M013,STC1,4104468,INR
5100005620,2024-08-23,4500000296,0000100031,M025,STC1,12498227,INR
5100005621,2024-05-01,4500000579,0000100149,M033,VAL1,9952597,INR
5100005622,2024-02-08,4500001339,0000100027,M023,VAL1,9543319,INR
5100005623,2024-08-16,4500003213,0000100144,M052,HZL1,3011727,EUR
5100005624,2025-12-27,4500000133,0000100141,M014,IOD1,7104384,INR
5100005625,2024-06-22,4500001220,0000100103,M005,IOD1,17067683,INR
5100005626,2024-11-22,4500002330,0000100048,M006,VAL1,9882187,USD
5100005627,2024-10-06,4500001538,0000100103,M011,HZL1,6472652,INR
5100005628,2025-01-23,4500001412,0000100026,M041,STC1,1897085,INR
5100005629,2025-11-10,4500001720,0000100030,M002,VAL1,42006058,INR
5100005630,2024-04-30,4500001744,0000100010,M011,HZL1,6576446,INR
5100005631,2024-02-22,4500000100,0000100013,M025,BAL1,25383598,INR
5100005632,2025-03-25,4500001231,0000100146,M026,HZL1,22308464,INR
5100005633,2024-05-14,4500002051,0000100013,M007,STC1,1513761,INR
5100005634,2023-02-09,4500001647,0000100068,M002,HZL1,27878023,INR
5100005635,2023-11-04,4500001064,0000100140,M004,BAL1,24334547,INR
5100005636,2025-04-21,4500002741,0000100144,M012,STC1,5587551,USD
5100005637,2024-10-07,4500001381,0000100135,M048,BAL1,399298,INR
5100005638,2024-04-07,4500003171,0000100067,M004,VAL1,88395737,INR
5100005639,2024-10-28,4500001239,0000100064,M036,COG1,5862181,INR
5100005640,2023-06-12,4500002670,0000100135,M060,COR1,2786552,INR
5100005641,2023-05-16,4500000364,0000100089,M006,COG1,22947260,INR
5100005642,2025-09-27,4500002946,0000100007,M008,HZL1,1008942,INR
5100005643,2024-03-14,4500000097,0000100069,M008,STC1,20450670,INR
5100005644,2024-08-01,4500000296,0000100158,M035,STC1,6146806,INR
5100005645,2025-06-30,4500002944,0000100139,M010,STC1,4332031,INR
5100005646,2024-08-17,4500002289,0000100139,M008,BAL1,693323,INR
5100005647,2025-07-03,4500002457,0000100137,M028,VAL1,5136134,USD
5100005648,2023-06-03,4500003252,0000100126,M015,COG1,9506258,INR
5100005649,2023-09-05,4500000391,0000100141,M004,COG1,16810763,INR
5100005650,2024-03-03,4500002358,0000100026,M007,HZL1,2227375,INR
5100005651,2025-10-25,4500001738,0000100099,M012,STC1,1394867,INR
5100005652,2024-12-06,4500001705,0000100010,M057,BAL1,26644753,INR
5100005653,2024-04-28,4500000938,0000100099,M012,COG1,2411457,INR
5100005654,2023-02-11,4500000694,0000100018,M036,VAL1,16434470,INR
5100005655,2025-12-25,4500000134,0000100021,M063,STC1,146808,INR
5100005656,2024-06-27,4500002907,0000100130,M061,COG1,8500007,INR
5100005657,2025-07-06,4500002490,0000100046,M018,HZL1,197629320,INR
5100005658,2025-03-28,4500002119,0000100159,M021,COR1,21451774,INR
5100005659,2024-03-22,4500000378,0000100034,M021,VAL1,35147275,INR
5100005660,2023-04-24,4500003277,0000100071,M001,HZL1,78306633,INR
5100005661,2025-07-11,4500000377,0000100160,M001,COG1,44514555,INR
5100005662,2025-04-19,4500002842,0000100053,M023,HZL1,18986128,INR
5100005663,2025-05-14,4500002082,0000100046,M040,HZL1,24618151,INR
5100005664,2025-12-13,4500002642,0000100124,M049,COR1,767689,INR
5100005665,2023-07-05,4500002781,0000100091,M001,IOD1,21467831,INR
5100005666,2023-07-09,4500000078,0000100118,M008,COG1,2997991,INR
5100005667,2025-08-17,4500000073,0000100118,M026,COG1,12366747,INR
5100005668,2025-04-09,4500002738,0000100098,M003,HZL1,13438281,INR
5100005669,2025-10-27,4500003143,0000100027,M053,HZL1,1398643,INR
5100005670,2023-09-21,4500003043,0000100065,M011,STC1,20523024,INR
5100005671,2024-10-14,4500002827,0000100006,M003,VAL1,15557860,INR
5100005672,2023-11-16,4500001411,0000100132,M012,HZL1,3592712,INR
5100005673,2025-10-16,4500001008,0000100005,M039,COR1,2139136,INR
5100005674,2023-05-14,4500000458,0000100153,M006,BAL1,35667940,INR
5100005675,2023-02-10,4500001289,0000100037,M027,COG1,8444321,USD
5100005676,2023-09-23,4500000932,0000100158,M007,VAL1,974706,INR
5100005677,2024-12-05,4500000587,0000100098,M048,HZL1,125580,INR
5100005678,2024-02-06,4500000205,0000100044,M051,VAL1,5789276,INR
5100005679,2024-11-07,4500000993,0000100008,M030,STC1,1804964,INR
5100005680,2025-11-08,4500000003,0000100139,M007,STC1,6278104,INR
5100005681,2023-06-05,4500002852,0000100149,M046,HZL1,6183842,INR
5100005682,2025-03-05,4500003018,0000100074,M049,BAL1,4563257,USD
5100005683,2024-07-31,4500000719,0000100056,M006,COG1,22692557,USD
5100005684,2023-05-15,4500001725,0000100025,M048,VAL1,1190680,INR
5100005685,2024-06-03,4500002073,0000100132,M040,COG1,788502,INR
5100005686,2025-02-28,4500000235,0000100074,M027,VAL1,4373865,USD
5100005687,2024-03-02,4500001089,0000100127,M013,COG1,3341557,INR
5100005688,2024-06-28,4500001499,0000100108,M044,HZL1,2268277,INR
5100005689,2025-11-07,4500000339,0000100062,M048,HZL1,393445,INR
5100005690,2024-10-17,4500002345,0000100048,M046,VAL1,4748826,EUR
5100005691,2025-09-04,4500001430,0000100134,M006,VAL1,115299800,INR
5100005692,2024-04-19,4500002029,0000100112,M039,VAL1,6589051,INR
5100005693,2024-10-31,4500002031,0000100021,M004,HZL1,77048602,INR
5100005694,2024-09-03,4500001618,0000100011,M005,VAL1,50030834,INR
5100005695,2025-07-03,4500001951,0000100104,M008,VAL1,5217112,INR
5100005696,2023-10-17,4500001936,0000100158,M025,STC1,16048104,INR
5100005697,2025-11-22,4500002971,0000100118,M036,VAL1,7228231,INR
5100005698,2025-07-23,4500002906,0000100047,M037,COG1,25631447,INR
5100005699,2024-08-17,4500002748,0000100110,M062,HZL1,7634174,INR
5100005700,2025-04-28,4500002541,0000100021,M003,HZL1,6007560,INR
5100005701,2023-10-27,4500001397,0000100157,M014,HZL1,1276733,INR
5100005702,2025-07-27,4500000491,0000100028,M016,HZL1,70421008,INR
5100005703,2023-12-23,4500002278,0000100120,M037,STC1,108325344,INR
5100005704,2025-11-15,4500001723,0000100144,M007,COG1,2416116,USD
5100005705,2025-12-10,4500002438,0000100019,M055,VAL1,11945458,INR
5100005706,2023-08-04,4500001685,0000100041,M005,HZL1,44037172,INR
5100005707,2025-02-08,4500002631,0000100098,M007,COR1,2940395,INR
5100005708,2023-12-28,4500002509,0000100079,M023,BAL1,123231459,INR
5100005709,2023-10-28,4500002540,0000100136,M024,BAL1,3911299,INR
5100005710,2025-12-23,4500000507,0000100047,M007,VAL1,3592460,INR
5100005711,2025-10-25,4500001907,0000100147,M040,HZL1,6331640,INR
5100005712,2024-01-26,4500002528,0000100017,M048,STC1,574860,INR
5100005713,2024-07-16,4500001977,0000100078,M031,BAL1,28610330,INR
5100005714,2024-05-09,4500003169,0000100081,M027,VAL1,3404025,INR
5100005715,2025-07-16,4500002838,0000100138,M037,IOD1,53686476,INR
5100005716,2024-02-18,4500002015,0000100027,M003,VAL1,37715356,INR
5100005717,2025-01-12,4500002871,0000100030,M033,VAL1,62301185,INR
5100005718,2025-04-22,4500001000,0000100089,M010,HZL1,169680,INR
5100005719,2024-12-17,4500000833,0000100146,M017,COG1,73164406,INR
5100005720,2024-10-27,4500000893,0000100012,M005,VAL1,15514117,USD
5100005721,2025-06-15,4500000035,0000100109,M008,HZL1,2083937,INR
5100005722,2025-08-10,4500002403,0000100126,M039,VAL1,5895110,INR
5100005723,2023-07-12,4500002781,0000100122,M039,IOD1,11533298,USD
5100005724,2025-03-26,4500000048,0000100015,M063,IOD1,338392,INR
5100005725,2025-04-20,4500000653,0000100115,M001,STC1,42714885,INR
5100005726,2024-04-15,4500000257,0000100127,M022,VAL1,13075977,INR
5100005727,2025-02-11,4500001518,0000100135,M040,HZL1,1345862,INR
5100005728,2024-08-08,4500000648,0000100124,M061,BAL1,4309099,INR
5100005729,2024-09-15,4500002468,0000100011,M062,HZL1,9583539,USD
5100005730,2023-11-01,4500001371,0000100132,M055,VAL1,20582609,INR
5100005731,2023-08-11,4500002369,0000100028,M017,HZL1,27169293,INR
5100005732,2024-11-23,4500000833,0000100065,M010,COG1,4272660,INR
5100005733,2025-05-02,4500002627,0000100065,M057,HZL1,2904675,INR
5100005734,2025-03-28,4500001161,0000100025,M033,STC1,31511095,INR
5100005735,2023-03-13,4500001362,0000100136,M009,IOD1,2068399,INR
5100005736,2023-12-08,4500000158,0000100079,M054,HZL1,4056148,INR
5100005737,2023-07-31,4500002900,0000100081,M012,HZL1,864603,INR
5100005738,2023-08-28,4500002718,0000100093,M026,IOD1,26342687,INR
5100005739,2023-06-02,4500001267,0000100014,M022,BAL1,22762193,INR
5100005740,2023-06-20,4500000777,0000100157,M064,IOD1,1666110,INR
5100005741,2024-10-17,4500003101,0000100152,M006,VAL1,5281215,INR
5100005742,2023-07-30,4500002526,0000100043,M010,COG1,1183868,EUR
5100005743,2023-05-14,4500000823,0000100158,M009,HZL1,2131451,INR
5100005744,2025-11-25,4500000244,0000100119,M002,IOD1,12484219,INR
5100005745,2023-02-03,4500000629,0000100007,M010,HZL1,10689289,INR
5100005746,2025-04-25,4500000002,0000100096,M040,COG1,3544843,INR
5100005747,2023-05-20,4500002255,0000100129,M013,VAL1,1094288,INR
5100005748,2025-11-12,4500002910,0000100066,M042,HZL1,4618196,USD
5100005749,2024-07-25,4500001298,0000100021,M002,VAL1,18906182,INR
5100005750,2025-04-22,4500003303,0000100109,M009,BAL1,886480,INR
5100005751,2025-10-31,4500001291,0000100016,M012,HZL1,9194836,INR
5100005752,2025-08-23,4500002651,0000100028,M032,BAL1,2298813,INR
5100005753,2024-01-31,4500002383,0000100127,M009,IOD1,436456,INR
5100005754,2023-03-13,4500001019,0000100049,M019,VAL1,319902027,INR
5100005755,2025-02-03,4500003269,0000100112,M006,HZL1,87973772,INR
5100005756,2025-05-11,4500003039,0000100150,M021,COR1,12826775,INR
5100005757,2023-04-19,4500002021,0000100145,M003,COG1,46831740,INR
5100005758,2023-06-10,4500000854,0000100012,M006,HZL1,80885087,INR
5100005759,2024-11-06,4500000933,0000100158,M050,STC1,671144,INR
5100005760,2024-11-25,4500000967,0000100061,M037,BAL1,12103354,INR
5100005761,2023-11-06,4500002493,0000100150,M003,HZL1,26029328,INR
5100005762,2023-06-21,4500002473,0000100067,M021,HZL1,8538768,INR
5100005763,2025-02-21,4500002687,0000100127,M037,STC1,26790190,INR
5100005764,2025-12-19,4500002975,0000100018,M056,HZL1,6850270,INR
5100005765,2024-12-15,4500002676,0000100029,M012,BAL1,11359008,INR
5100005766,2025-06-27,4500002013,0000100112,M059,STC1,14294335,INR
5100005767,2024-04-23,4500001355,0000100149,M042,BAL1,7544532,INR
5100005768,2024-03-14,4500000631,0000100047,M045,HZL1,2340821,INR
5100005769,2025-12-20,4500001790,0000100051,M014,VAL1,1540617,INR
5100005770,2025-08-01,4500000566,0000100023,M004,VAL1,45663076,INR
5100005771,2024-03-09,4500001596,0000100108,M011,STC1,6973564,INR
5100005772,2024-04-28,4500000621,0000100033,M046,HZL1,8478818,INR
5100005773,2024-11-17,4500001888,0000100087,M023,STC1,10541455,INR
5100005774,2024-04-26,4500001494,0000100067,M003,VAL1,16693070,INR
5100005775,2023-05-11,4500002914,0000100124,M048,HZL1,1860136,INR
5100005776,2024-05-09,4500001822,0000100137,M009,COG1,2987092,EUR
5100005777,2025-02-18,4500001639,0000100020,M009,VAL1,11595627,INR
5100005778,2025-11-20,4500000904,0000100140,M004,HZL1,57408459,INR
5100005779,2025-05-02,4500001461,0000100114,M052,STC1,17535479,INR
5100005780,2025-07-26,4500000116,0000100020,M031,STC1,9098956,INR
5100005781,2024-10-25,4500002345,0000100088,M002,VAL1,31253492,INR
5100005782,2025-12-16,4500003164,0000100135,M007,VAL1,1787655,INR
5100005783,2024-11-15,4500002648,0000100101,M026,BAL1,30020520,INR
5100005784,2024-05-30,4500001525,0000100104,M048,STC1,4291796,INR
5100005785,2023-07-07,4500003037,0000100142,M044,HZL1,1885924,USD
5100005786,2025-07-04,4500001916,0000100078,M010,COG1,4802957,INR
5100005787,2025-06-08,4500001015,0000100158,M002,STC1,37988988,INR
5100005788,2025-06-03,4500001987,0000100134,M008,STC1,7213856,INR
5100005789,2024-05-11,4500001111,0000100102,M007,BAL1,5851875,USD
5100005790,2025-08-28,4500002400,0000100017,M011,HZL1,2112049,INR
5100005791,2024-01-03,4500003038,0000100146,M038,HZL1,6423440,INR
5100005792,2023-12-23,4500003009,0000100087,M034,STC1,16705148,INR
5100005793,2024-09-13,4500001933,0000100059,M060,STC1,8375625,INR
5100005794,2025-03-28,4500002785,0000100016,M032,HZL1,7996087,INR
5100005795,2023-08-13,4500001485,0000100134,M039,VAL1,4453284,INR
5100005796,2024-10-17,4500000770,0000100018,M002,VAL1,81279217,INR
5100005797,2024-02-02,4500002963,0000100034,M002,HZL1,19378065,INR
5100005798,2024-05-07,4500002955,0000100097,M025,VAL1,8701994,INR
5100005799,2023-08-04,4500001912,0000100157,M003,VAL1,78885628,INR
5100005800,2025-04-21,4500002504,0000100059,M026,COG1,11389941,INR
5100005801,2023-01-20,4500002233,0000100129,M024,STC1,74736741,INR
5100005802,2023-11-29,4500003095,0000100056,M040,IOD1,4170972,USD
5100005803,2025-11-27,4500002001,0000100124,M012,COG1,633696,INR
5100005804,2025-02-17,4500002613,0000100091,M030,STC1,19764206,INR
5100005805,2023-08-30,4500002427,0000100070,M023,HZL1,11192927,INR
5100005806,2024-10-25,4500000263,0000100004,M010,HZL1,3482899,INR
5100005807,2025-11-28,4500002576,0000100079,M014,VAL1,3478742,INR
5100005808,2023-11-21,4500003053,0000100160,M011,HZL1,18906984,INR
5100005809,2024-11-25,4500002225,0000100109,M041,VAL1,7013791,INR
5100005810,2025-04-10,4500003104,0000100153,M056,HZL1,4490453,EUR
5100005811,2025-12-25,4500003098,0000100078,M009,VAL1,5326464,INR
5100005812,2024-03-02,4500000093,0000100159,M007,BAL1,1100026,INR
5100005813,2023-08-03,4500001485,0000100020,M063,VAL1,406460,INR
5100005814,2023-08-03,4500002409,0000100114,M030,VAL1,6794294,INR
5100005815,2025-02-18,4500002578,0000100063,M037,VAL1,6557089,INR
5100005816,2023-10-06,4500000702,0000100064,M049,VAL1,2017002,INR
5100005817,2024-07-08,4500000419,0000100125,M039,VAL1,4667728,INR
5100005818,2024-05-05,4500002385,0000100102,M021,HZL1,101049967,INR
5100005819,2024-10-13,4500002249,0000100037,M047,VAL1,325231,EUR
5100005820,2024-12-14,4500000687,0000100001,M024,HZL1,5814354,INR
5100005821,2025-02-13,4500000051,0000100040,M014,HZL1,4863099,INR
5100005822,2025-08-17,4500000537,0000100126,M028,VAL1,68228729,INR
5100005823,2024-09-05,4500000836,0000100064,M053,HZL1,4850102,INR
5100005824,2024-12-26,4500000810,0000100004,M034,HZL1,11528278,INR
5100005825,2025-05-26,4500000758,0000100016,M039,HZL1,18991263,INR
5100005826,2025-08-17,4500002663,0000100147,M059,VAL1,10977056,INR
5100005827,2023-11-26,4500002422,0000100045,M038,IOD1,21231118,INR
5100005828,2025-08-07,4500000089,0000100100,M045,HZL1,4043628,INR
5100005829,2024-01-12,4500000208,0000100148,M009,HZL1,3087574,INR
5100005830,2025-12-31,4500000966,0000100154,M050,VAL1,1884100,INR
5100005831,2024-02-01,4500002664,0000100038,M003,COG1,28589716,INR
5100005832,2023-10-10,4500002458,0000100059,M041,HZL1,11787266,INR
5100005833,2024-09-21,4500000890,0000100037,M059,BAL1,27729627,EUR
5100005834,2025-06-24,4500000607,0000100034,M029,HZL1,9472430,INR
5100005835,2023-10-27,4500001066,0000100086,M022,HZL1,12431912,INR
5100005836,2025-03-05,4500001231,0000100002,M058,HZL1,10603412,INR
5100005837,2025-01-04,4500001603,0000100049,M010,VAL1,6104691,EUR
5100005838,2025-03-08,4500000406,0000100091,M035,BAL1,5497835,INR
5100005839,2023-09-19,4500002246,0000100050,M013,COR1,14891086,INR
5100005840,2025-11-07,4500002593,0000100139,M057,HZL1,11166197,INR
5100005841,2024-05-10,4500000283,0000100105,M009,STC1,777046,EUR
5100005842,2024-06-10,4500002097,0000100120,M040,COG1,7381650,INR
5100005843,2025-04-29,4500000117,0000100020,M010,STC1,1079775,INR
5100005844,2025-01-03,4500000616,0000100115,M025,HZL1,12137895,INR
5100005845,2025-11-04,4500000716,0000100085,M001,VAL1,3559104,INR
5100005846,2025-10-16,4500003257,0000100017,M019,VAL1,77930692,INR
5100005847,2025-03-18,4500002370,0000100112,M007,HZL1,2830778,INR
5100005848,2024-05-06,4500001365,0000100046,M002,BAL1,80451270,INR
5100005849,2025-12-19,4500000217,0000100077,M027,BAL1,25966505,INR
5100005850,2025-11-10,4500003028,0000100062,M003,BAL1,10818258,INR
5100005851,2024-07-08,4500002463,0000100068,M039,HZL1,13044347,INR
5100005852,2023-02-22,4500000550,0000100154,M050,VAL1,1475070,INR
5100005853,2024-01-17,4500000667,0000100081,M022,HZL1,40489289,INR
5100005854,2025-06-20,4500003289,0000100065,M034,VAL1,23403314,INR
5100005855,2023-01-17,4500001930,0000100098,M008,VAL1,4243073,INR
5100005856,2024-07-30,4500002609,0000100106,M055,BAL1,2225450,INR
5100005857,2024-12-10,4500003097,0000100021,M056,IOD1,5951820,INR
5100005858,2025-03-20,4500002747,0000100100,M052,STC1,17423262,INR
5100005859,2023-08-22,4500001833,0000100029,M047,HZL1,3634584,INR
5100005860,2025-12-13,4500002489,0000100003,M008,HZL1,1770331,INR
5100005861,2024-04-16,4500000345,0000100095,M031,HZL1,31725588,INR
5100005862,2024-05-08,4500001650,0000100001,M008,IOD1,2351214,INR
5100005863,2024-04-30,4500003084,0000100144,M043,VAL1,7674958,USD
5100005864,2023-04-15,4500001772,0000100067,M026,IOD1,10263619,INR
5100005865,2025-09-19,4500002022,0000100027,M057,HZL1,12667220,INR
5100005866,2023-11-27,4500001331,0000100077,M014,STC1,1326687,INR
5100005867,2025-03-07,4500000592,0000100016,M010,VAL1,6146961,INR
5100005868,2023-06-15,4500002473,0000100107,M010,HZL1,3716939,INR
5100005869,2025-09-13,4500000037,0000100084,M058,HZL1,18651584,INR
5100005870,2023-03-28,4500002600,0000100151,M004,STC1,17788975,INR
5100005871,2024-09-01,4500001683,0000100133,M014,BAL1,7522958,USD
5100005872,2023-06-24,4500000368,0000100026,M018,HZL1,283316807,INR
5100005873,2023-04-15,4500003112,0000100109,M055,HZL1,41895702,INR
5100005874,2025-03-24,4500001299,0000100022,M014,BAL1,11871329,INR
5100005875,2023-04-27,4500001959,0000100011,M064,IOD1,506685,USD
5100005876,2024-08-30,4500003213,0000100130,M050,HZL1,413823,INR
5100005877,2023-12-08,4500001281,0000100142,M023,VAL1,10717560,EUR
5100005878,2024-11-19,4500001282,0000100074,M035,VAL1,13407456,USD
5100005879,2024-11-29,4500003210,0000100014,M049,HZL1,1616754,INR
5100005880,2023-05-13,4500001827,0000100140,M006,VAL1,51744809,INR
5100005881,2025-01-23,4500000689,0000100082,M037,VAL1,44942568,INR
5100005882,2024-11-17,4500003216,0000100089,M010,STC1,1256259,INR
5100005883,2024-01-26,4500001133,0000100020,M004,STC1,5439442,INR
5100005884,2025-05-19,4500002805,0000100051,M017,HZL1,122642236,INR
5100005885,2024-08-21,4500000428,0000100018,M055,HZL1,10815437,INR
5100005886,2025-06-24,4500001445,0000100069,M065,STC1,536982,INR
5100005887,2025-03-11,4500002139,0000100063,M041,HZL1,11604978,INR
5100005888,2024-12-18,4500001844,0000100031,M058,IOD1,11149217,INR
5100005889,2023-02-23,4500000021,0000100091,M051,VAL1,30518393,INR
5100005890,2024-10-16,4500001834,0000100025,M018,HZL1,23666005,INR
5100005891,2023-07-05,4500002301,0000100074,M034,VAL1,19567457,INR
5100005892,2025-03-10,4500002223,0000100135,M017,IOD1,101892549,INR
5100005893,2024-02-20,4500002807,0000100037,M050,VAL1,4361233,INR
5100005894,2023-02-08,4500002010,0000100029,M006,HZL1,11764574,INR
5100005895,2023-05-11,4500000439,0000100110,M048,VAL1,251002,INR
5100005896,2025-02-19,4500000226,0000100072,M015,HZL1,58187118,USD
5100005897,2025-04-04,4500002747,0000100018,M056,STC1,28036654,INR
5100005898,2023-08-10,4500002427,0000100082,M009,HZL1,2225352,INR
5100005899,2024-08-18,4500000886,0000100050,M030,VAL1,2933021,INR
5100005900,2025-06-24,4500000463,0000100004,M002,HZL1,63310250,INR
5100005901,2024-01-09,4500000625,0000100086,M008,COG1,2831602,INR
5100005902,2025-05-15,4500000504,0000100159,M035,STC1,29820522,INR
5100005903,2025-08-07,4500000285,0000100149,M033,COG1,9449044,INR
5100005904,2025-11-09,4500001785,0000100119,M060,HZL1,10978265,INR
5100005905,2024-03-13,4500002766,0000100018,M010,HZL1,4160742,INR
5100005906,2023-09-05,4500002112,0000100071,M021,IOD1,8078577,INR
5100005907,2023-02-17,4500002128,0000100023,M008,COG1,3720657,INR
5100005908,2024-12-18,4500001068,0000100017,M011,BAL1,1934858,INR
5100005909,2023-10-10,4500000782,0000100023,M026,HZL1,8412612,INR
5100005910,2025-07-31,4500002768,0000100088,M061,BAL1,20038648,INR
5100005911,2023-04-08,4500000223,0000100096,M050,HZL1,285258,INR
5100005912,2025-01-27,4500002004,0000100098,M023,STC1,13259300,INR
5100005913,2025-10-08,4500002560,0000100086,M012,STC1,868695,INR
5100005914,2024-09-26,4500000481,0000100148,M007,BAL1,6405966,INR
5100005915,2024-05-16,4500003251,0000100081,M012,STC1,6854581,INR
5100005916,2024-05-23,4500002945,0000100090,M010,BAL1,3614751,INR
5100005917,2023-10-17,4500002818,0000100119,M045,COR1,3304586,INR
5100005918,2023-12-08,4500000352,0000100147,M038,VAL1,6834154,INR
5100005919,2024-02-12,4500003203,0000100060,M014,STC1,18643371,USD
5100005920,2024-03-28,4500001327,0000100136,M024,BAL1,17081187,INR
5100005921,2024-06-20,4500001431,0000100069,M004,VAL1,18338766,INR
5100005922,2024-11-18,4500003035,0000100083,M028,HZL1,14405717,EUR
5100005923,2023-05-15,4500001158,0000100116,M005,HZL1,15917865,INR
5100005924,2025-12-25,4500001749,0000100057,M006,COR1,12338675,USD
5100005925,2023-09-24,4500003056,0000100130,M037,HZL1,22445357,INR
5100005926,2024-01-27,4500001736,0000100028,M005,BAL1,11057187,INR
5100005927,2023-10-21,4500003123,0000100024,M053,COG1,9908755,INR
5100005928,2023-09-16,4500000775,0000100014,M049,VAL1,685751,INR
5100005929,2025-02-17,4500000516,0000100040,M062,VAL1,22598336,INR
5100005930,2023-11-03,4500001715,0000100021,M023,BAL1,31086424,INR
5100005931,2024-01-30,4500001830,0000100036,M034,STC1,68541422,INR
5100005932,2023-10-20,4500001363,0000100001,M007,STC1,3654170,INR
5100005933,2023-06-19,4500001040,0000100114,M036,COG1,7745070,INR
5100005934,2023-07-22,4500000314,0000100110,M040,VAL1,10645451,INR
5100005935,2024-06-18,4500001623,0000100114,M007,IOD1,1941952,INR
5100005936,2024-07-15,4500000663,0000100063,M056,STC1,14454017,INR
5100005937,2025-06-16,4500000552,0000100119,M012,HZL1,365208,INR
5100005938,2023-09-06,4500001847,0000100113,M014,HZL1,2454085,INR
5100005939,2023-02-20,4500001915,0000100015,M041,HZL1,18421769,INR
5100005940,2025-10-08,4500002826,0000100068,M042,STC1,22508969,INR
5100005941,2023-11-12,4500002371,0000100025,M049,COR1,791397,INR
5100005942,2024-10-27,4500001132,0000100137,M054,BAL1,6785106,EUR
5100005943,2024-03-23,4500002343,0000100115,M033,COG1,50509788,INR
5100005944,2025-12-25,4500001558,0000100053,M024,BAL1,2333142,INR
5100005945,2023-08-07,4500002047,0000100118,M010,STC1,1910947,INR
5100005946,2025-08-18,4500001403,0000100106,M004,VAL1,6269348,INR
5100005947,2023-05-24,4500000074,0000100023,M058,VAL1,16836132,INR
5100005948,2024-07-19,4500002354,0000100112,M017,BAL1,26554072,INR
5100005949,2024-07-24,4500003102,0000100052,M047,HZL1,439732,INR
5100005950,2024-11-14,4500000055,0000100034,M057,VAL1,32773622,INR
5100005951,2023-08-08,4500001348,0000100112,M014,VAL1,3113780,INR
5100005952,2024-08-12,4500001391,0000100145,M059,HZL1,7066266,INR
5100005953,2025-06-06,4500000210,0000100126,M020,HZL1,41104087,INR
5100005954,2025-03-08,4500002666,0000100158,M007,HZL1,3118016,INR
5100005955,2025-02-15,4500000354,0000100024,M034,COR1,17775240,INR
5100005956,2024-09-13,4500000737,0000100020,M046,BAL1,1720246,INR
5100005957,2023-08-04,4500002696,0000100096,M047,HZL1,300008,INR
5100005958,2025-03-19,4500001135,0000100150,M007,VAL1,4552666,INR
5100005959,2024-06-09,4500000264,0000100101,M058,VAL1,7033910,INR
5100005960,2025-04-09,4500000131,0000100059,M032,HZL1,6882031,INR
5100005961,2023-04-10,4500000710,0000100058,M006,HZL1,13782925,INR
5100005962,2025-08-03,4500002243,0000100082,M060,HZL1,30699773,INR
5100005963,2024-10-18,4500001748,0000100147,M023,VAL1,7635594,INR
5100005964,2025-03-04,4500003094,0000100019,M008,IOD1,8348621,INR
5100005965,2023-12-07,4500001341,0000100002,M040,STC1,8019707,INR
5100005966,2023-07-04,4500002270,0000100139,M001,STC1,17020054,INR
5100005967,2025-07-20,4500000246,0000100015,M003,BAL1,22544217,INR
5100005968,2024-03-02,4500002883,0000100127,M034,BAL1,33695439,INR
5100005969,2024-01-21,4500002189,0000100099,M002,VAL1,20021273,INR
5100005970,2023-05-27,4500001901,0000100158,M010,COR1,880884,INR
5100005971,2025-12-18,4500001755,0000100119,M040,VAL1,6578293,INR
5100005972,2023-07-03,4500001516,0000100116,M026,BAL1,43553117,INR
5100005973,2024-12-05,4500000254,0000100044,M001,VAL1,14726650,INR
5100005974,2024-02-13,4500002329,0000100113,M025,COR1,13655214,INR
5100005975,2023-11-03,4500000356,0000100062,M058,COG1,14996639,INR
5100005976,2025-01-21,4500002440,0000100048,M027,HZL1,2750330,USD
5100005977,2025-04-22,4500001969,0000100013,M034,HZL1,94438101,INR
5100005978,2025-02-13,4500001519,0000100067,M006,VAL1,51059966,INR
5100005979,2024-10-09,4500002725,0000100046,M011,STC1,19937878,INR
5100005980,2025-02-02,4500003072,0000100119,M033,VAL1,15938993,INR
5100005981,2024-05-10,4500002505,0000100041,M001,BAL1,140715436,INR
5100005982,2023-05-04,4500001137,0000100096,M048,STC1,600766,INR
5100005983,2024-12-06,4500002641,0000100035,M034,HZL1,104229668,INR
5100005984,2025-03-14,4500000137,0000100101,M018,HZL1,70484515,INR
5100005985,2023-10-30,4500000683,0000100009,M038,STC1,12468208,USD
5100005986,2023-12-17,4500000541,0000100090,M018,COG1,61516500,INR
5100005987,2025-05-03,4500001891,0000100023,M013,BAL1,10171738,INR
5100005988,2024-02-12,4500003199,0000100007,M032,STC1,4908848,INR
5100005989,2024-01-20,4500002219,0000100065,M010,COG1,2008444,INR
5100005990,2025-07-02,4500000014,0000100107,M009,VAL1,2690048,USD
5100005991,2025-10-04,4500002571,0000100050,M029,STC1,9834317,INR
5100005992,2025-05-06,4500001501,0000100017,M003,HZL1,76993762,INR
5100005993,2023-12-31,4500002303,0000100063,M008,HZL1,3145908,INR
5100005994,2023-10-22,4500001894,0000100106,M001,HZL1,65328616,INR
5100005995,2023-11-03,4500000119,0000100147,M009,VAL1,2558267,INR
5100005996,2023-12-18,4500002774,0000100001,M013,HZL1,4711742,INR
5100005997,2023-06-18,4500000259,0000100101,M053,HZL1,61255996,INR
5100005998,2024-10-17,4500001935,0000100139,M053,HZL1,2511978,INR
5100005999,2023-07-31,4500002484,0000100006,M047,COG1,709783,INR
5100006000,2024-10-22,4500001025,0000100159,M008,HZL1,520451,INR
5100006001,2025-04-13,4500001051,0000100088,M041,STC1,12916990,INR
5100006002,2023-07-31,4500000140,0000100099,M020,HZL1,20273052,INR
5100006003,2023-07-13,4500003218,0000100028,M038,VAL1,13083549,INR
5100006004,2024-10-31,4500001344,0000100085,M001,HZL1,8069232,INR
5100006005,2023-07-25,4500000995,0000100036,M050,COG1,1504305,INR
5100006006,2024-11-17,4500001042,0000100055,M007,COR1,6826121,USD
5100006007,2025-10-14,4500002203,0000100035,M008,VAL1,3257406,INR
5100006008,2024-12-18,4500000531,0000100159,M021,HZL1,8991324,INR
5100006009,2024-11-27,4500000170,0000100013,M025,VAL1,6983530,INR
5100006010,2025-03-26,4500001058,0000100010,M036,VAL1,35594536,USD
5100006011,2024-02-02,4500001522,0000100122,M029,BAL1,20683672,EUR
5100006012,2025-02-02,4500000872,0000100070,M007,BAL1,2228302,INR
5100006013,2024-03-06,4500002807,0000100147,M014,VAL1,3259610,INR
5100006014,2023-11-07,4500001801,0000100005,M060,STC1,4665223,INR
5100006015,2023-12-19,4500002769,0000100156,M012,VAL1,3075407,INR
5100006016,2023-06-29,4500000140,0000100036,M048,HZL1,2760431,INR
5100006017,2025-01-19,4500001542,0000100050,M012,IOD1,2544617,INR
5100006018,2024-12-12,4500003065,0000100010,M013,STC1,3038709,INR
5100006019,2023-02-07,4500000033,0000100015,M011,STC1,2677760,INR
5100006020,2025-10-14,4500001653,0000100007,M011,VAL1,2966959,INR
5100006021,2025-01-21,4500002683,0000100082,M014,VAL1,3577683,INR
5100006022,2025-11-10,4500000639,0000100024,M059,VAL1,4551596,INR
5100006023,2023-03-13,4500001362,0000100068,M011,IOD1,1828743,INR
5100006024,2025-07-14,4500002783,0000100079,M039,HZL1,3517652,INR
5100006025,2025-04-21,4500001346,0000100126,M031,BAL1,5345874,INR
5100006026,2023-10-14,4500000753,0000100115,M032,VAL1,14161427,INR
5100006027,2023-12-26,4500001535,0000100022,M029,VAL1,8305548,INR
5100006028,2024-06-26,4500003102,0000100115,M009,HZL1,3195167,INR
5100006029,2023-10-05,4500003110,0000100074,M024,HZL1,4238008,USD
5100006030,2025-12-19,4500000741,0000100105,M037,COR1,39009449,USD
5100006031,2024-06-13,4500002129,0000100074,M032,HZL1,7017511,USD
5100006032,2025-09-26,4500001738,0000100020,M022,STC1,12039266,INR
5100006033,2025-05-17,4500000756,0000100114,M025,HZL1,34527351,INR
5100006034,2024-05-17,4500002083,0000100136,M004,HZL1,23622103,INR
5100006035,2025-02-04,4500001441,0000100061,M007,VAL1,1478861,INR
5100006036,2025-11-17,4500000331,0000100064,M023,BAL1,5045928,INR
5100006037,2025-08-17,4500001264,0000100157,M022,HZL1,5509595,INR
5100006038,2025-05-03,4500001969,0000100086,M008,HZL1,3759114,INR
5100006039,2025-03-31,4500001579,0000100008,M004,HZL1,38527229,USD
5100006040,2024-06-16,4500002601,0000100088,M037,HZL1,6370392,INR
5100006041,2025-05-10,4500000034,0000100045,M003,COG1,123318232,INR
5100006042,2025-08-24,4500000784,0000100006,M023,BAL1,16143209,INR
5100006043,2023-05-23,4500002948,0000100149,M021,BAL1,13695059,INR
5100006044,2025-06-11,4500000525,0000100136,M036,STC1,10857227,INR
5100006045,2023-08-09,4500000688,0000100054,M039,BAL1,7030842,USD
5100006046,2023-11-19,4500002277,0000100079,M039,VAL1,3398157,INR
5100006047,2023-02-27,4500001289,0000100019,M043,COG1,5514951,INR
5100006048,2024-05-11,4500002083,0000100115,M004,HZL1,17249287,INR
5100006049,2025-07-10,4500002457,0000100089,M056,VAL1,4053463,INR
5100006050,2025-09-10,4500002929,0000100093,M030,VAL1,1636667,EUR
5100006051,2023-05-22,4500000583,0000100112,M011,VAL1,5322189,INR
5100006052,2025-04-29,4500000602,0000100083,M042,COG1,4349072,INR
5100006053,2024-06-22,4500002772,0000100049,M008,BAL1,6374790,EUR
5100006054,2023-11-25,4500000230,0000100014,M036,HZL1,73283777,INR
5100006055,2024-12-20,4500002535,0000100077,M008,BAL1,2051161,INR
5100006056,2024-01-23,4500001522,0000100064,M042,BAL1,5122698,INR
5100006057,2025-01-26,4500001187,0000100109,M010,VAL1,2764380,INR
5100006058,2024-07-09,4500000891,0000100094,M027,COG1,9832086,USD
5100006059,2023-04-07,4500002562,0000100002,M005,STC1,158744561,INR
5100006060,2025-02-05,4500002532,0000100154,M021,VAL1,6082652,INR
5100006061,2023-08-15,4500000252,0000100105,M014,STC1,3184352,USD
5100006062,2025-05-21,4500003023,0000100060,M003,VAL1,17545249,USD
5100006063,2025-12-04,4500002642,0000100029,M036,COR1,29036042,INR
5100006064,2024-08-14,4500003150,0000100133,M025,STC1,4859216,USD
5100006065,2024-10-04,4500001399,0000100115,M041,HZL1,3252981,INR
5100006066,2023-10-13,4500003056,0000100140,M040,HZL1,4825629,INR
5100006067,2023-12-07,4500000449,0000100124,M027,STC1,6710274,INR
5100006068,2023-11-18,4500001017,0000100075,M039,COR1,6767354,EUR
5100006069,2023-04-02,4500003112,0000100095,M034,HZL1,15720881,INR
5100006070,2024-09-19,4500001934,0000100079,M035,VAL1,23364489,INR
5100006071,2023-11-15,4500001533,0000100099,M012,HZL1,1182160,INR
5100006072,2024-08-12,4500001463,0000100072,M011,IOD1,986337,EUR
5100006073,2023-08-11,4500001390,0000100116,M013,COG1,3356858,INR
5100006074,2023-12-02,4500001613,0000100013,M022,HZL1,6329944,INR
5100006075,2024-01-03,4500001216,0000100131,M022,COR1,5979913,INR
5100006076,2023-06-18,4500003279,0000100027,M005,HZL1,46329917,INR
5100006077,2024-12-11,4500000220,0000100114,M048,IOD1,1149345,INR
5100006078,2024-10-11,4500002668,0000100099,M015,HZL1,57264255,INR
5100006079,2024-02-19,4500000447,0000100141,M058,VAL1,17062069,INR
5100006080,2024-02-18,4500003195,0000100149,M012,STC1,2845353,INR
5100006081,2024-01-26,4500002503,0000100148,M001,HZL1,59999713,INR
5100006082,2024-01-25,4500002219,0000100081,M035,COG1,26387005,INR
5100006083,2023-11-01,4500001784,0000100057,M003,HZL1,84469284,INR
5100006084,2024-11-27,4500002950,0000100053,M008,HZL1,12488259,INR
5100006085,2025-11-21,4500000522,0000100063,M004,HZL1,17224994,INR
5100006086,2025-01-01,4500002323,0000100100,M006,VAL1,26294128,INR
5100006087,2025-07-25,4500000365,0000100044,M004,IOD1,9365392,INR
5100006088,2023-11-22,4500000914,0000100098,M038,VAL1,14144999,INR
5100006089,2025-03-12,4500001204,0000100015,M004,HZL1,20940738,INR
5100006090,2025-07-30,4500000934,0000100021,M014,HZL1,1106711,INR
5100006091,2025-08-31,4500002095,0000100106,M042,HZL1,2534861,INR
5100006092,2024-08-07,4500001964,0000100047,M005,VAL1,177436309,INR
5100006093,2025-11-20,4500001581,0000100045,M012,BAL1,665653,INR
5100006094,2023-06-03,4500002224,0000100004,M024,HZL1,20030996,INR
5100006095,2024-03-17,4500002879,0000100034,M004,HZL1,65955494,INR
5100006096,2024-12-27,4500001557,0000100066,M026,STC1,17809891,INR
5100006097,2023-02-20,4500000241,0000100006,M020,VAL1,122098487,INR
5100006098,2024-03-22,4500000345,0000100062,M047,HZL1,1063680,INR
5100006099,2024-11-06,4500002712,0000100091,M052,BAL1,13466866,INR
5100006100,2023-04-10,4500002984,0000100049,M062,VAL1,16877752,INR
5100006101,2025-03-29,4500003094,0000100086,M023,IOD1,13536210,INR
5100006102,2023-02-22,4500001566,0000100005,M006,COG1,91591183,INR
5100006103,2025-01-18,4500003066,0000100160,M053,VAL1,24255022,INR
5100006104,2023-10-29,4500000159,0000100095,M002,HZL1,49064207,INR
5100006105,2023-03-03,4500003021,0000100106,M004,VAL1,32876860,INR
5100006106,2023-08-27,4500001219,0000100083,M036,STC1,15592417,USD
5100006107,2024-05-22,4500003270,0000100047,M003,STC1,86652880,INR
5100006108,2024-12-06,4500002849,0000100062,M004,COR1,26960042,INR
5100006109,2025-12-13,4500001335,0000100028,M005,COG1,19816136,INR
5100006110,2025-05-11,4500001458,0000100034,M039,COR1,4806677,INR
5100006111,2024-03-09,4500000001,0000100100,M049,COG1,938602,INR
5100006112,2023-11-10,4500001842,0000100030,M005,VAL1,13482749,INR
5100006113,2023-11-29,4500002802,0000100110,M014,VAL1,1057659,INR
5100006114,2024-03-11,4500000766,0000100129,M030,HZL1,2599374,INR
5100006115,2024-08-24,4500000704,0000100096,M010,STC1,374080,INR
5100006116,2024-06-13,4500000884,0000100119,M046,COG1,1699991,INR
5100006117,2025-04-06,4500002864,0000100071,M026,STC1,51210819,INR
5100006118,2023-08-29,4500002246,0000100090,M050,COR1,3456463,INR
5100006119,2023-10-11,4500001503,0000100060,M056,IOD1,11434362,INR
5100006120,2025-06-29,4500003220,0000100024,M005,COG1,13822351,INR
5100006121,2025-10-05,4500002954,0000100001,M027,STC1,3215416,INR
5100006122,2024-10-27,4500000166,0000100145,M007,HZL1,1607581,INR
5100006123,2023-12-26,4500003009,0000100128,M015,STC1,12078695,USD
5100006124,2023-09-07,4500003214,0000100004,M034,IOD1,13798431,INR
5100006125,2024-01-26,4500001900,0000100002,M053,STC1,3410507,INR
5100006126,2024-11-01,4500001213,0000100139,M014,COG1,586070,INR
5100006127,2023-07-07,4500002949,0000100071,M006,HZL1,92254662,INR
5100006128,2024-05-16,4500003306,0000100100,M047,COR1,1296703,INR
5100006129,2024-10-05,4500002987,0000100008,M039,VAL1,5281520,INR
5100006130,2025-07-25,4500000868,0000100126,M004,COG1,20433209,INR
5100006131,2023-04-10,4500001362,0000100067,M018,IOD1,66397154,INR
5100006132,2023-03-17,4500000851,0000100088,M013,IOD1,949401,INR
5100006133,2024-06-21,4500001034,0000100078,M055,VAL1,10631681,INR
5100006134,2025-11-16,4500000680,0000100152,M007,VAL1,3738024,EUR
5100006135,2024-03-04,4500000903,0000100147,M012,COG1,4739469,INR
5100006136,2025-08-06,4500000167,0000100017,M023,HZL1,13779922,INR
5100006137,2024-02-19,4500000962,0000100004,M032,VAL1,15593714,INR
5100006138,2024-02-21,4500002970,0000100142,M050,VAL1,2378251,USD
5100006139,2023-12-15,4500000506,0000100109,M010,VAL1,8798788,INR
5100006140,2023-07-22,4500000445,0000100093,M012,VAL1,2417874,EUR
5100006141,2023-07-10,4500002694,0000100084,M029,VAL1,6943936,INR
5100006142,2024-05-02,4500000626,0000100010,M022,IOD1,11214670,USD
5100006143,2025-10-30,4500001711,0000100155,M012,VAL1,4639458,INR
5100006144,2025-09-12,4500002825,0000100012,M046,HZL1,3958600,USD
5100006145,2024-10-20,4500000166,0000100113,M034,HZL1,5725015,INR
5100006146,2023-11-23,4500002392,0000100128,M054,VAL1,6513965,EUR
5100006147,2024-05-27,4500002790,0000100109,M049,STC1,5229423,INR
5100006148,2025-02-13,4500000051,0000100142,M055,HZL1,3869072,EUR
5100006149,2023-01-24,4500002016,0000100041,M047,VAL1,3347021,INR
5100006150,2025-03-10,4500000058,0000100144,M025,HZL1,9945803,EUR
5100006151,2025-08-26,4500001555,0000100016,M022,IOD1,21030627,INR
5100006152,2024-12-21,4500002182,0000100158,M006,COG1,40141372,INR
5100006153,2024-11-17,4500002676,0000100134,M009,BAL1,4473394,INR
5100006154,2023-07-30,4500001634,0000100084,M054,HZL1,8085521,INR
5100006155,2024-09-22,4500000737,0000100023,M031,BAL1,22429772,INR
5100006156,2024-03-07,4500003298,0000100135,M021,STC1,30074274,INR
5100006157,2024-05-15,4500003060,0000100010,M008,STC1,4302627,EUR
5100006158,2025-07-02,4500002267,0000100046,M030,HZL1,9192791,INR
5100006159,2025-10-01,4500001142,0000100110,M030,HZL1,3978901,INR
5100006160,2023-12-11,4500000942,0000100051,M040,COG1,2199080,INR
5100006161,2025-07-07,4500002491,0000100016,M006,COG1,33260655,INR
5100006162,2023-04-15,4500002079,0000100001,M022,STC1,14790973,INR
5100006163,2025-05-17,4500002805,0000100073,M014,HZL1,1911340,INR
5100006164,2024-10-07,4500001237,0000100141,M004,COG1,148833489,INR
5100006165,2025-09-02,4500001741,0000100073,M032,BAL1,7927451,INR
5100006166,2023-06-13,4500002948,0000100128,M009,BAL1,2084958,USD
5100006167,2023-10-23,4500000159,0000100075,M022,HZL1,10295769,INR
5100006168,2023-11-07,4500003261,0000100106,M043,VAL1,5066888,INR
5100006169,2025-07-10,4500000216,0000100148,M042,IOD1,3008837,INR
5100006170,2025-10-10,4500002257,0000100136,M058,VAL1,20647197,INR
5100006171,2025-07-10,4500001951,0000100017,M001,VAL1,71709190,INR
5100006172,2025-07-22,4500003149,0000100122,M035,VAL1,150852948,INR
5100006173,2024-01-01,4500003139,0000100111,M036,BAL1,18844679,EUR
5100006174,2025-03-19,4500002864,0000100024,M012,STC1,463358,INR
5100006175,2023-07-26,4500002202,0000100089,M025,VAL1,13145412,INR
5100006176,2023-08-19,4500001360,0000100088,M038,IOD1,15235713,INR
5100006177,2025-01-02,4500002103,0000100135,M011,STC1,6997191,INR
5100006178,2025-02-16,4500000503,0000100146,M001,HZL1,45062174,INR
5100006179,2023-05-20,4500000823,0000100129,M042,HZL1,9456002,INR
5100006180,2024-01-23,4500001925,0000100119,M013,BAL1,2626427,INR
5100006181,2024-02-25,4500001900,0000100160,M012,STC1,5037930,INR
5100006182,2024-06-13,4500002353,0000100084,M009,VAL1,3924056,INR
5100006183,2023-05-05,4500000565,0000100022,M009,IOD1,1810166,INR
5100006184,2025-08-04,4500001590,0000100087,M047,HZL1,1026017,INR
5100006185,2024-11-04,4500003198,0000100070,M042,HZL1,19130382,INR
5100006186,2025-02-21,4500000265,0000100126,M051,HZL1,2113032,INR
5100006187,2023-05-29,4500000458,0000100120,M027,BAL1,10640146,INR
5100006188,2024-03-11,4500001076,0000100033,M030,HZL1,5574853,INR
5100006189,2025-01-25,4500003106,0000100143,M022,HZL1,20800314,INR
5100006190,2024-04-18,4500002259,0000100119,M011,HZL1,2781917,INR
5100006191,2024-01-13,4500002664,0000100081,M053,COG1,5612648,INR
5100006192,2025-01-01,4500000013,0000100071,M042,COG1,16888708,INR
5100006193,2024-05-21,4500001871,0000100061,M034,VAL1,18048052,INR
5100006194,2025-03-24,4500001425,0000100118,M019,BAL1,11527531,INR
5100006195,2024-02-11,4500001817,0000100065,M022,VAL1,16813003,INR
5100006196,2023-08-10,4500002544,0000100033,M054,STC1,24970555,INR
5100006197,2023-12-04,4500001245,0000100146,M007,COG1,3772414,INR
5100006198,2023-07-24,4500002696,0000100147,M051,HZL1,12881569,INR
5100006199,2024-03-14,4500000470,0000100063,M014,STC1,4416950,INR
5100006200,2023-11-03,4500002206,0000100090,M020,BAL1,57860980,INR
5100006201,2024-06-13,4500000666,0000100143,M005,COG1,61608909,INR
5100006202,2024-10-18,4500002827,0000100156,M007,VAL1,862689,INR
5100006203,2023-10-11,4500002387,0000100124,M051,HZL1,7860263,INR
5100006204,2024-08-13,4500002834,0000100131,M006,COG1,28547730,INR
5100006205,2024-02-27,4500000865,0000100099,M032,VAL1,10914249,INR
5100006206,2025-11-30,4500002137,0000100024,M005,HZL1,29944100,INR
5100006207,2024-04-23,4500003293,0000100059,M009,VAL1,18534581,INR
5100006208,2024-03-26,4500000441,0000100123,M024,VAL1,27139650,USD
5100006209,2025-08-13,4500000084,0000100030,M029,STC1,29397273,INR
5100006210,2023-03-13,4500000746,0000100012,M005,VAL1,11007563,EUR
5100006211,2025-12-13,4500001039,0000100062,M024,COR1,5034839,INR
5100006212,2023-11-09,4500000020,0000100065,M050,HZL1,1266878,INR
5100006213,2025-02-15,4500000690,0000100015,M036,IOD1,45584798,INR
5100006214,2023-03-25,4500003265,0000100036,M036,HZL1,66511782,INR
5100006215,2023-07-04,4500002471,0000100041,M059,HZL1,22370197,INR
5100006216,2024-07-16,4500002111,0000100027,M010,IOD1,3859776,INR
5100006217,2023-04-28,4500001027,0000100093,M022,HZL1,7252971,USD
5100006218,2023-04-11,4500001576,0000100097,M055,COR1,25606078,INR
5100006219,2025-08-31,4500001590,0000100002,M010,HZL1,4095316,INR
5100006220,2025-11-04,4500001507,0000100035,M018,VAL1,44057371,INR
5100006221,2024-07-23,4500002760,0000100102,M016,VAL1,48306799,EUR
5100006222,2025-05-29,4500001626,0000100085,M024,VAL1,20000380,INR
5100006223,2024-11-19,4500001328,0000100067,M022,VAL1,42982940,INR
5100006224,2023-09-23,4500001909,0000100124,M009,HZL1,1010335,INR
5100006225,2023-04-30,4500002104,0000100099,M016,VAL1,40261515,INR
5100006226,2023-06-09,4500001998,0000100111,M009,BAL1,2866639,INR
5100006227,2025-08-25,4500001093,0000100008,M027,VAL1,3774685,INR
5100006228,2024-06-02,4500002988,0000100002,M036,COG1,11214868,INR
5100006229,2023-12-08,4500001842,0000100036,M004,VAL1,136085995,INR
5100006230,2024-06-28,4500002245,0000100147,M022,HZL1,8088244,INR
5100006231,2025-09-10,4500002792,0000100143,M008,VAL1,4413709,INR
5100006232,2025-02-14,4500002687,0000100048,M024,STC1,6756413,USD
5100006233,2023-11-03,4500000388,0000100057,M011,COR1,1474855,USD
5100006234,2025-07-23,4500002838,0000100106,M036,IOD1,44647226,INR
5100006235,2024-07-30,4500003228,0000100104,M036,COG1,38748278,INR
5100006236,2025-05-03,4500003162,0000100158,M006,HZL1,19712304,INR
5100006237,2024-01-31,4500002147,0000100062,M023,VAL1,23421911,INR
5100006238,2023-03-25,4500002275,0000100040,M031,IOD1,2327740,INR
5100006239,2024-02-24,4500000669,0000100087,M042,COG1,58583065,INR
5100006240,2024-05-17,4500001761,0000100084,M046,VAL1,2356189,INR
5100006241,2024-04-05,4500000571,0000100047,M008,BAL1,1028103,INR
5100006242,2025-01-20,4500001393,0000100118,M029,VAL1,5423039,INR
5100006243,2024-05-19,4500001466,0000100085,M006,VAL1,10289247,INR
5100006244,2025-08-09,4500001449,0000100075,M026,STC1,16121152,INR
5100006245,2025-03-04,4500000056,0000100149,M027,VAL1,1783485,INR
5100006246,2024-12-18,4500001601,0000100082,M037,VAL1,21260356,INR
5100006247,2024-01-17,4500001417,0000100006,M052,BAL1,5980752,INR
5100006248,2024-05-18,4500003060,0000100116,M013,STC1,4303918,INR
5100006249,2024-09-15,4500001802,0000100136,M032,VAL1,12882112,INR
5100006250,2025-12-09,4500000560,0000100074,M014,VAL1,1466774,EUR
5100006251,2024-08-26,4500000173,0000100101,M049,VAL1,3611738,INR
5100006252,2024-07-16,4500002111,0000100126,M050,IOD1,841532,INR
5100006253,2025-10-01,4500000222,0000100116,M022,VAL1,24101091,INR
5100006254,2023-09-18,4500000091,0000100004,M009,BAL1,2780946,INR
5100006255,2024-09-30,4500002594,0000100075,M049,STC1,904021,USD
5100006256,2025-01-05,4500000664,0000100026,M034,HZL1,58744129,INR
5100006257,2025-08-23,4500002669,0000100113,M016,HZL1,24092418,INR
5100006258,2023-02-09,4500003285,0000100131,M035,HZL1,28319895,INR
5100006259,2023-08-24,4500003031,0000100044,M036,BAL1,66776762,INR
5100006260,2024-03-20,4500000546,0000100089,M011,STC1,1130655,INR
5100006261,2025-11-21,4500002291,0000100088,M013,VAL1,2543591,INR
5100006262,2025-11-11,4500001659,0000100028,M050,BAL1,616516,INR
5100006263,2025-10-07,4500002770,0000100131,M030,STC1,8644850,INR
5100006264,2025-01-03,4500003006,0000100048,M035,COG1,22558818,EUR
5100006265,2023-05-29,4500000458,0000100051,M056,BAL1,20545519,INR
5100006266,2025-07-09,4500001937,0000100140,M025,BAL1,10464547,INR
5100006267,2024-09-30,4500000213,0000100044,M024,VAL1,5063727,INR
5100006268,2025-06-05,4500002082,0000100156,M030,HZL1,4077481,INR
5100006269,2023-06-04,4500002374,0000100069,M051,VAL1,26625640,INR
5100006270,2024-08-09,4500003238,0000100074,M031,COG1,4776779,INR
5100006271,2024-05-14,4500001822,0000100004,M003,COG1,15593581,INR
5100006272,2024-05-11,4500000608,0000100058,M048,STC1,3189511,USD
5100006273,2023-08-10,4500003234,0000100024,M001,IOD1,15286988,INR
5100006274,2025-12-21,4500000234,0000100049,M008,BAL1,5673746,INR
5100006275,2024-04-11,4500003055,0000100091,M028,HZL1,13725202,INR
5100006276,2024-05-05,4500003051,0000100107,M032,IOD1,6633876,INR
5100006277,2025-01-02,4500000510,0000100147,M018,COG1,58129384,INR
5100006278,2024-11-11,4500001023,0000100029,M007,VAL1,1897365,INR
5100006279,2023-11-12,4500001769,0000100132,M013,HZL1,3245990,INR
5100006280,2025-01-05,4500002070,0000100095,M054,VAL1,7768719,INR
5100006281,2025-08-30,4500002946,0000100052,M036,HZL1,5364478,INR
5100006282,2025-11-08,4500000171,0000100052,M022,VAL1,4862715,INR
5100006283,2025-02-01,4500002299,0000100147,M037,VAL1,24501784,INR
5100006284,2024-08-12,4500000347,0000100141,M065,HZL1,270401,INR
5100006285,2025-01-26,4500002168,0000100102,M010,HZL1,713968,USD
5100006286,2024-12-25,4500001012,0000100117,M031,VAL1,2283480,INR
5100006287,2023-07-27,4500002188,0000100003,M008,HZL1,5042121,INR
5100006288,2025-09-14,4500002869,0000100114,M005,HZL1,33828029,INR
5100006289,2024-02-28,4500000093,0000100029,M022,BAL1,3270551,INR
5100006290,2023-06-16,4500002255,0000100152,M008,VAL1,3963927,INR
5100006291,2023-04-05,4500003315,0000100118,M029,STC1,2910521,INR
5100006292,2023-05-26,4500000672,0000100098,M010,VAL1,1418665,INR
5100006293,2025-10-28,4500002990,0000100114,M007,COG1,1998957,INR
5100006294,2023-11-19,4500003256,0000100093,M024,BAL1,9374497,EUR
5100006295,2025-03-08,4500002798,0000100024,M008,BAL1,3643557,INR
5100006296,2024-12-11,4500001667,0000100032,M014,COG1,2893753,INR
5100006297,2025-04-22,4500000720,0000100053,M008,STC1,3847867,INR
5100006298,2023-11-05,4500001450,0000100158,M032,HZL1,2805420,INR
5100006299,2023-05-29,4500000882,0000100114,M051,COG1,16866645,INR
5100006300,2023-10-21,4500000812,0000100038,M007,VAL1,437364,INR
5100006301,2025-01-29,4500001838,0000100089,M040,VAL1,3581434,INR
5100006302,2024-02-28,4500001401,0000100112,M056,COR1,1595570,INR
5100006303,2025-08-03,4500001590,0000100097,M048,HZL1,1237613,INR
5100006304,2024-06-27,4500001182,0000100054,M030,BAL1,4054431,EUR
5100006305,2023-05-26,4500000882,0000100116,M003,COG1,22529483,INR
5100006306,2025-01-16,4500002176,0000100108,M023,HZL1,9489545,INR
5100006307,2023-06-07,4500003219,0000100041,M048,COR1,2363505,INR
5100006308,2024-03-27,4500002628,0000100065,M012,STC1,4885480,INR
5100006309,2024-04-26,4500001695,0000100052,M002,BAL1,57314710,INR
5100006310,2025-01-12,4500001309,0000100136,M038,HZL1,16500723,INR
5100006311,2025-06-02,4500003014,0000100090,M052,VAL1,11685245,INR
5100006312,2023-04-11,4500000970,0000100103,M003,HZL1,32154611,INR
5100006313,2025-06-12,4500000182,0000100105,M002,COR1,64256034,USD
5100006314,2023-10-07,4500001503,0000100018,M010,IOD1,2997694,INR
5100006315,2024-12-01,4500000411,0000100069,M046,COG1,2972208,INR
5100006316,2023-10-24,4500001397,0000100060,M047,HZL1,1341678,INR
5100006317,2025-01-27,4500002486,0000100123,M010,BAL1,3570566,USD
5100006318,2023-07-22,4500002498,0000100001,M050,HZL1,1203927,INR
5100006319,2023-09-14,4500000431,0000100079,M031,HZL1,3159984,INR
5100006320,2024-12-23,4500000649,0000100136,M049,COG1,2202678,INR
5100006321,2025-07-25,4500002838,0000100159,M045,IOD1,3152133,INR
5100006322,2025-03-30,4500003026,0000100087,M011,HZL1,1193953,INR
5100006323,2024-08-18,4500000153,0000100015,M039,VAL1,5041840,INR
5100006324,2024-03-09,4500001370,0000100050,M002,BAL1,35283957,INR
5100006325,2023-09-17,4500002446,0000100146,M009,VAL1,7215012,INR
5100006326,2024-06-18,4500001712,0000100151,M023,VAL1,19094513,INR
5100006327,2025-02-17,4500001030,0000100018,M002,HZL1,27879584,INR
5100006328,2025-08-07,4500000274,0000100003,M032,BAL1,9358288,INR
5100006329,2025-09-22,4500003205,0000100119,M009,COR1,3651077,INR
5100006330,2025-04-08,4500001691,0000100026,M009,BAL1,6882766,INR
5100006331,2024-05-30,4500000298,0000100014,M036,VAL1,19194612,INR
5100006332,2025-02-13,4500003046,0000100018,M031,HZL1,54219962,INR
5100006333,2025-09-18,4500001352,0000100089,M062,IOD1,4332120,INR
5100006334,2025-02-26,4500002626,0000100021,M060,COG1,15779599,INR
5100006335,2024-08-06,4500000121,0000100145,M025,HZL1,10030298,INR
5100006336,2024-01-12,4500002584,0000100155,M019,COG1,18840183,EUR
5100006337,2023-06-13,4500002423,0000100111,M040,STC1,11503255,INR
5100006338,2024-09-23,4500001718,0000100013,M031,BAL1,10458065,INR
5100006339,2025-07-31,4500001071,0000100150,M013,HZL1,10056016,INR
5100006340,2025-06-29,4500001937,0000100017,M033,BAL1,4960437,INR
5100006341,2025-09-12,4500001614,0000100016,M041,COG1,8864423,INR
5100006342,2024-05-23,4500001448,0000100082,M004,VAL1,7196827,INR
5100006343,2025-10-19,4500002414,0000100078,M051,BAL1,3117758,INR
5100006344,2025-05-08,4500002541,0000100076,M064,HZL1,459980,EUR
5100006345,2025-04-26,4500001303,0000100126,M024,HZL1,17153024,INR
5100006346,2024-10-19,4500002848,0000100044,M054,BAL1,70989878,INR
5100006347,2025-10-28,4500001319,0000100040,M053,STC1,12042825,INR
5100006348,2024-05-31,4500001674,0000100014,M030,VAL1,28006244,INR
5100006349,2024-02-15,4500001490,0000100048,M007,VAL1,6221008,EUR
5100006350,2024-12-01,4500003144,0000100087,M032,STC1,47523970,INR
5100006351,2024-10-29,4500000490,0000100028,M034,HZL1,14003571,INR
5100006352,2025-09-18,4500002020,0000100033,M009,STC1,7075440,INR
5100006353,2025-08-10,4500001854,0000100051,M043,STC1,2816934,INR
5100006354,2025-02-03,4500002839,0000100029,M013,HZL1,4472174,INR
5100006355,2024-03-23,4500000373,0000100095,M038,COG1,30750403,INR
5100006356,2024-04-21,4500002405,0000100038,M049,COG1,231025,INR
5100006357,2025-08-25,4500001979,0000100002,M038,HZL1,18784131,INR
5100006358,2024-03-21,4500000177,0000100140,M014,VAL1,3049643,INR
5100006359,2025-06-13,4500003193,0000100059,M008,BAL1,3425949,INR
5100006360,2025-11-12,4500001251,0000100139,M052,VAL1,31972110,INR
5100006361,2023-09-20,4500002441,0000100116,M012,HZL1,13598780,INR
5100006362,2023-07-15,4500003286,0000100053,M039,VAL1,21677072,INR
5100006363,2023-02-08,4500001250,0000100087,M002,HZL1,5120194,INR
5100006364,2024-03-15,4500000745,0000100067,M040,HZL1,10474833,INR
5100006365,2024-06-13,4500001920,0000100115,M027,VAL1,14780284,INR
5100006366,2024-07-04,4500000264,0000100114,M056,VAL1,25773446,INR
5100006367,2024-08-17,4500002415,0000100027,M042,STC1,5812031,INR
5100006368,2024-07-18,4500000518,0000100021,M010,STC1,3460845,INR
5100006369,2023-05-12,4500002063,0000100101,M030,HZL1,4838926,INR
5100006370,2024-12-11,4500002028,0000100160,M027,HZL1,3426997,INR
5100006371,2024-03-25,4500000907,0000100129,M041,BAL1,12091160,INR
5100006372,2024-10-28,4500001121,0000100108,M012,HZL1,4271241,INR
5100006373,2023-05-07,4500001227,0000100002,M028,VAL1,10878452,INR
5100006374,2024-05-10,4500000983,0000100017,M042,VAL1,20257359,INR
5100006375,2025-04-05,4500000267,0000100070,M045,HZL1,8854021,INR
5100006376,2025-05-16,4500002985,0000100140,M024,HZL1,92768592,INR
5100006377,2025-04-04,4500001562,0000100009,M002,HZL1,20242360,INR
5100006378,2025-12-21,4500002417,0000100073,M037,BAL1,30169431,INR
5100006379,2023-02-09,4500001250,0000100055,M009,HZL1,1396871,INR
5100006380,2025-05-04,4500001024,0000100063,M001,STC1,20093844,INR
5100006381,2025-05-13,4500001781,0000100051,M020,IOD1,78381656,INR
5100006382,2024-10-29,4500001538,0000100113,M022,HZL1,13075206,INR
5100006383,2023-09-18,4500001700,0000100091,M021,COR1,17695195,INR
5100006384,2024-08-25,4500000120,0000100126,M010,HZL1,1949362,INR
5100006385,2025-11-15,4500000716,0000100094,M013,VAL1,7028741,INR
5100006386,2023-10-10,4500001049,0000100058,M006,COR1,4564243,INR
5100006387,2025-06-27,4500001223,0000100152,M004,VAL1,44145713,USD
5100006388,2025-03-15,4500000676,0000100035,M005,HZL1,57398106,INR
5100006389,2025-03-17,4500002666,0000100040,M016,HZL1,51555502,INR
5100006390,2024-10-18,4500001399,0000100151,M022,HZL1,10108901,INR
5100006391,2023-02-13,4500001788,0000100153,M005,STC1,27057113,EUR
5100006392,2025-10-05,4500002895,0000100033,M009,STC1,3456839,INR
5100006393,2025-01-06,4500000221,0000100152,M002,COG1,25996447,EUR
5100006394,2024-09-13,4500002341,0000100015,M026,VAL1,28937334,INR
5100006395,2024-07-09,4500000663,0000100065,M031,STC1,4437831,INR
5100006396,2023-09-07,4500002943,0000100124,M059,HZL1,19197479,INR
5100006397,2025-09-10,4500000336,0000100099,M050,HZL1,1232635,INR
5100006398,2023-07-30,4500001732,0000100103,M041,HZL1,8342321,INR
5100006399,2023-09-16,4500001148,0000100022,M021,HZL1,7311964,INR
5100006400,2023-03-28,4500002275,0000100087,M008,IOD1,1569232,INR
5100006401,2025-03-08,4500000053,0000100108,M014,HZL1,3488736,INR
5100006402,2023-05-03,4500002476,0000100140,M031,VAL1,5056557,INR
5100006403,2023-04-16,4500001959,0000100007,M025,IOD1,21055165,INR
5100006404,2023-11-14,4500002458,0000100146,M059,HZL1,5776283,INR
5100006405,2025-05-14,4500002627,0000100064,M057,HZL1,12102810,INR
5100006406,2025-03-04,4500000535,0000100106,M013,STC1,5803092,INR
5100006407,2023-04-22,4500001138,0000100072,M027,STC1,8326967,EUR
5100006408,2024-03-07,4500001368,0000100143,M022,COG1,8961474,INR
5100006409,2023-07-26,4500002012,0000100031,M022,HZL1,51451544,INR
5100006410,2024-11-18,4500001889,0000100092,M013,VAL1,2936716,USD
5100006411,2025-05-03,4500002685,0000100052,M030,BAL1,11210043,INR
5100006412,2023-08-28,4500002122,0000100087,M010,HZL1,1460942,INR
5100006413,2024-12-10,4500003291,0000100082,M011,BAL1,1173179,INR
5100006414,2025-03-10,4500001350,0000100115,M009,VAL1,1169608,INR
5100006415,2025-09-26,4500002020,0000100128,M053,STC1,20869566,USD
5100006416,2023-08-21,4500000108,0000100137,M054,IOD1,37357935,USD
5100006417,2025-03-23,4500001708,0000100095,M044,VAL1,5519866,INR
5100006418,2023-03-21,4500002079,0000100073,M048,STC1,387158,INR
5100006419,2025-09-25,4500001738,0000100003,M026,STC1,15155417,INR
5100006420,2024-08-29,4500002607,0000100023,M023,HZL1,6350167,INR
5100006421,2025-08-22,4500001367,0000100150,M027,HZL1,6015189,INR
5100006422,2025-03-04,4500000516,0000100125,M058,VAL1,37900555,INR
5100006423,2025-06-20,4500002057,0000100004,M011,VAL1,1571819,INR
5100006424,2025-09-15,4500003047,0000100083,M012,IOD1,2070589,INR
5100006425,2024-06-02,4500003182,0000100025,M013,HZL1,6352156,INR
5100006426,2024-07-14,4500002855,0000100003,M007,VAL1,4899060,INR
5100006427,2024-03-05,4500002433,0000100058,M011,VAL1,1300792,USD
5100006428,2025-03-31,4500002437,0000100113,M026,VAL1,10950067,INR
5100006429,2023-06-17,4500001333,0000100146,M009,COR1,1631435,INR
5100006430,2024-04-12,4500002051,0000100028,M030,STC1,17071722,INR
5100006431,2023-03-01,4500002976,0000100136,M024,VAL1,4802478,INR
5100006432,2024-03-06,4500000165,0000100127,M041,VAL1,5926855,INR
5100006433,2025-02-21,4500002578,0000100111,M007,VAL1,5637191,USD
5100006434,2025-12-30,4500002971,0000100157,M049,VAL1,5142076,INR
5100006435,2023-07-21,4500003300,0000100078,M028,COG1,12901765,INR
5100006436,2023-07-22,4500002575,0000100029,M001,COR1,102975792,INR
5100006437,2023-09-09,4500002611,0000100070,M041,STC1,19937966,INR
5100006438,2023-04-03,4500001657,0000100020,M004,BAL1,11622343,INR
5100006439,2024-10-11,4500001633,0000100071,M007,HZL1,1838885,INR
5100006440,2024-09-03,4500002870,0000100106,M005,HZL1,81734548,INR
5100006441,2023-07-13,4500000417,0000100056,M037,HZL1,25272426,USD
5100006442,2025-02-05,4500002578,0000100049,M048,VAL1,614000,EUR
5100006443,2025-09-13,4500001599,0000100141,M010,HZL1,19894883,INR
5100006444,2024-11-29,4500000569,0000100025,M061,HZL1,7906932,INR
5100006445,2023-10-29,4500002851,0000100018,M024,HZL1,20816604,INR
5100006446,2025-08-24,4500002339,0000100044,M055,HZL1,4425872,INR
5100006447,2023-11-09,4500003221,0000100084,M059,BAL1,3862227,INR
5100006448,2025-08-22,4500003128,0000100001,M041,BAL1,34328669,INR
5100006449,2025-02-12,4500000703,0000100084,M010,COR1,771746,INR
5100006450,2025-07-29,4500001818,0000100158,M022,HZL1,5662034,INR
5100006451,2023-10-19,4500002493,0000100002,M009,HZL1,1321598,INR
5100006452,2024-06-07,4500000409,0000100134,M038,COG1,11231949,INR
5100006453,2024-12-17,4500002641,0000100151,M005,HZL1,34783027,INR
5100006454,2025-10-26,4500000623,0000100135,M007,HZL1,2313194,INR
5100006455,2024-08-03,4500003071,0000100115,M058,BAL1,5243205,INR
5100006456,2023-06-19,4500002286,0000100129,M051,BAL1,44492324,INR
5100006457,2025-03-25,4500001660,0000100137,M028,IOD1,18346866,EUR
5100006458,2023-05-23,4500001386,0000100102,M032,HZL1,7408074,USD
5100006459,2025-05-10,4500000758,0000100053,M010,HZL1,5067452,INR
5100006460,2025-02-24,4500001950,0000100042,M010,VAL1,6601099,INR
5100006461,2023-04-07,4500000381,0000100011,M022,HZL1,3631511,EUR
5100006462,2024-11-01,4500001042,0000100054,M041,COR1,3468720,EUR
5100006463,2025-02-06,4500001984,0000100104,M018,HZL1,4805354,INR
5100006464,2023-07-29,4500000329,0000100139,M032,HZL1,2668156,INR
5100006465,2023-12-29,4500001090,0000100120,M060,HZL1,1448293,INR
5100006466,2024-07-07,4500001232,0000100035,M004,BAL1,5736983,INR
5100006467,2025-11-02,4500000281,0000100068,M040,VAL1,855109,INR
5100006468,2023-02-28,4500002884,0000100118,M020,COG1,17849325,INR
5100006469,2025-11-14,4500002861,0000100143,M065,COR1,1107764,INR
5100006470,2025-09-01,4500001367,0000100150,M010,HZL1,6925200,INR
5100006471,2025-09-03,4500000572,0000100021,M007,HZL1,4844722,INR
5100006472,2024-11-19,4500002535,0000100097,M033,BAL1,42922107,INR
5100006473,2024-08-06,4500002809,0000100013,M003,STC1,19796688,INR
5100006474,2024-07-06,4500000670,0000100133,M037,HZL1,14726828,EUR
5100006475,2025-01-08,4500001863,0000100003,M046,IOD1,10948032,INR
5100006476,2024-09-17,4500000141,0000100014,M025,HZL1,7991563,INR
5100006477,2025-01-09,4500003250,0000100154,M055,BAL1,25860456,INR
5100006478,2023-04-01,4500002032,0000100079,M007,COG1,1551043,INR
5100006479,2025-09-28,4500002796,0000100144,M062,VAL1,11845869,EUR
5100006480,2025-11-16,4500002758,0000100028,M060,STC1,2869795,INR
5100006481,2024-09-30,4500002697,0000100010,M004,VAL1,51984080,EUR
5100006482,2025-06-18,4500000023,0000100045,M022,BAL1,13397497,INR
5100006483,2024-06-19,4500000613,0000100141,M030,HZL1,35226447,INR
5100006484,2025-10-19,4500001420,0000100080,M032,BAL1,11264730,USD
5100006485,2025-04-28,4500001055,0000100133,M040,VAL1,3677158,INR
5100006486,2024-03-13,4500003153,0000100081,M011,IOD1,4093052,INR
5100006487,2025-04-22,4500000661,0000100119,M006,COR1,19880996,INR
5100006488,2023-07-06,4500000417,0000100084,M025,HZL1,17943174,INR
5100006489,2025-09-27,4500001908,0000100030,M057,HZL1,9594028,INR
5100006490,2024-11-14,4500001140,0000100136,M050,BAL1,829453,INR
5100006491,2024-01-01,4500002211,0000100127,M042,VAL1,133760500,INR
5100006492,2024-12-29,4500002885,0000100030,M001,STC1,46052896,INR
5100006493,2025-05-19,4500002709,0000100076,M021,HZL1,22403154,EUR
5100006494,2024-10-30,4500001207,0000100097,M050,VAL1,2893593,INR
5100006495,2024-02-23,4500002750,0000100129,M037,STC1,42390318,INR
5100006496,2025-04-09,4500001810,0000100014,M024,HZL1,11545326,INR
5100006497,2024-12-19,4500002877,0000100100,M003,VAL1,24831183,INR
5100006498,2024-03-04,4500002797,0000100126,M051,COR1,30877244,INR
5100006499,2025-01-21,4500002450,0000100041,M010,HZL1,2160799,INR
5100006500,2024-10-02,4500001356,0000100107,M024,STC1,4448276,INR
5100006501,2024-11-07,4500002023,0000100120,M026,COG1,12871706,INR
5100006502,2023-10-27,4500000849,0000100127,M003,COG1,26836886,INR
5100006503,2024-04-17,4500001678,0000100141,M005,COG1,37344028,INR
5100006504,2023-10-05,4500003110,0000100056,M020,HZL1,51376120,EUR
5100006505,2025-12-02,4500002971,0000100003,M043,VAL1,1297620,INR
5100006506,2023-05-05,4500002063,0000100127,M022,HZL1,7955734,INR
5100006507,2024-10-08,4500002662,0000100026,M032,STC1,9611992,INR
5100006508,2024-05-06,4500000608,0000100120,M053,STC1,9019569,INR
5100006509,2024-06-08,4500002162,0000100111,M051,VAL1,7421991,USD
5100006510,2024-08-14,4500002075,0000100149,M032,BAL1,1089073,INR
5100006511,2023-08-03,4500002321,0000100079,M028,VAL1,7022740,INR
5100006512,2024-12-26,4500000810,0000100121,M033,HZL1,12609320,INR
5100006513,2024-10-23,4500002594,0000100150,M022,STC1,17018505,INR
5100006514,2025-08-11,4500001999,0000100059,M005,BAL1,13078513,INR
5100006515,2025-04-25,4500000614,0000100068,M008,VAL1,4170374,INR
5100006516,2025-01-28,4500003263,0000100099,M049,STC1,4432694,INR
5100006517,2025-07-31,4500001739,0000100046,M037,HZL1,35867857,INR
5100006518,2025-11-25,4500003308,0000100045,M025,VAL1,35483418,INR
5100006519,2025-04-28,4500000720,0000100126,M003,STC1,19586109,INR
5100006520,2025-05-24,4500001781,0000100121,M041,IOD1,8047752,INR
5100006521,2023-05-27,4500002788,0000100152,M001,HZL1,41289483,EUR
5100006522,2024-04-03,4500002701,0000100076,M049,HZL1,4777309,EUR
5100006523,2023-02-08,4500001205,0000100049,M053,HZL1,9219175,INR
5100006524,2025-09-08,4500003157,0000100006,M012,HZL1,1348454,INR
5100006525,2023-12-30,4500001281,0000100031,M007,VAL1,1497918,INR
5100006526,2023-05-01,4500000685,0000100106,M002,VAL1,32008553,INR
5100006527,2024-01-19,4500001817,0000100147,M040,VAL1,2278801,INR
5100006528,2023-07-24,4500000706,0000100068,M023,VAL1,12533637,INR
5100006529,2023-03-23,4500002079,0000100158,M038,STC1,14037917,INR
5100006530,2024-06-13,4500002332,0000100006,M007,VAL1,4511943,INR
5100006531,2023-05-30,4500000163,0000100154,M010,COG1,997867,INR
5100006532,2025-09-30,4500000508,0000100104,M014,STC1,7411982,INR
5100006533,2025-08-04,4500001854,0000100096,M028,STC1,13458321,INR
5100006534,2023-04-04,4500002063,0000100125,M043,HZL1,3366955,EUR
5100006535,2023-08-01,4500002180,0000100119,M032,STC1,5168737,INR
5100006536,2023-04-13,4500000986,0000100115,M020,COG1,40519780,INR
5100006537,2025-10-21,4500003308,0000100155,M005,VAL1,15581521,EUR
5100006538,2025-08-15,4500001465,0000100067,M049,IOD1,700364,INR
5100006539,2025-08-06,4500002288,0000100091,M058,HZL1,15665341,INR
5100006540,2025-08-20,4500001946,0000100078,M045,VAL1,2263757,INR
5100006541,2023-12-26,4500001186,0000100083,M042,BAL1,3566560,EUR
5100006542,2025-07-29,4500000405,0000100008,M009,COG1,4655536,USD
5100006543,2025-06-26,4500000552,0000100021,M021,HZL1,12641651,INR
5100006544,2024-11-29,4500001311,0000100076,M011,HZL1,2181422,INR
5100006545,2023-07-13,4500003309,0000100026,M006,IOD1,121186578,INR
5100006546,2025-06-14,4500001223,0000100124,M021,VAL1,11349054,INR
5100006547,2023-10-15,4500000632,0000100043,M037,STC1,33909193,EUR
5100006548,2024-10-23,4500000658,0000100156,M028,HZL1,9626749,EUR
5100006549,2023-11-08,4500002812,0000100066,M002,HZL1,12431595,INR
5100006550,2024-07-20,4500001421,0000100055,M008,STC1,5563312,EUR
5100006551,2025-10-07,4500002190,0000100073,M034,HZL1,13209970,INR
5100006552,2023-05-07,4500000250,0000100020,M058,COR1,3046814,INR
5100006553,2025-03-18,4500001299,0000100004,M034,BAL1,46858450,INR
5100006554,2023-07-04,4500001945,0000100015,M059,VAL1,3368637,INR
5100006555,2024-06-17,4500002601,0000100145,M019,HZL1,28939653,INR
5100006556,2023-07-01,4500003158,0000100009,M013,VAL1,5116281,EUR
5100006557,2025-10-19,4500002549,0000100105,M042,HZL1,25526789,USD
5100006558,2024-11-12,4500002849,0000100068,M058,COR1,14166487,INR
5100006559,2025-05-24,4500000638,0000100078,M052,VAL1,9737541,INR
5100006560,2023-11-24,4500001533,0000100086,M036,HZL1,62288779,INR
5100006561,2023-10-04,4500000091,0000100100,M031,BAL1,56835781,INR
5100006562,2023-04-10,4500001188,0000100021,M014,HZL1,9269764,INR
5100006563,2024-02-21,4500001763,0000100087,M010,BAL1,1392795,INR
5100006564,2025-12-31,4500002132,0000100077,M012,VAL1,2959783,INR
5100006565,2024-03-01,4500002879,0000100075,M055,HZL1,15496142,EUR
5100006566,2023-01-30,4500002828,0000100135,M008,COG1,3977981,INR
5100006567,2025-05-18,4500001325,0000100140,M001,COG1,8121965,INR
5100006568,2024-03-26,4500002411,0000100077,M001,COG1,34718427,INR
5100006569,2024-01-09,4500000691,0000100074,M007,BAL1,6228523,USD
5100006570,2024-10-19,4500002712,0000100027,M025,BAL1,22476290,INR
5100006571,2023-11-23,4500001567,0000100001,M047,VAL1,1446055,INR
5100006572,2024-09-28,4500002594,0000100030,M029,STC1,1738754,INR
5100006573,2025-02-23,4500002171,0000100086,M012,BAL1,7469760,INR
5100006574,2025-11-02,4500003255,0000100062,M013,BAL1,5523270,INR
5100006575,2024-08-28,4500000168,0000100042,M023,HZL1,11918902,USD
5100006576,2023-11-06,4500001995,0000100055,M001,HZL1,28783549,USD
5100006577,2025-01-06,4500001426,0000100116,M023,HZL1,3366229,INR
5100006578,2023-08-28,4500000924,0000100128,M022,HZL1,5271442,INR
5100006579,2023-12-07,4500002509,0000100020,M013,BAL1,1079428,INR
5100006580,2025-02-07,4500002171,0000100016,M058,BAL1,10946811,INR
5100006581,2025-02-08,4500002799,0000100082,M011,HZL1,1911225,INR
5100006582,2024-03-29,4500001649,0000100024,M010,VAL1,843214,INR
5100006583,2024-05-05,4500003283,0000100107,M011,VAL1,2635847,INR
5100006584,2023-10-24,4500000304,0000100155,M011,COG1,1731579,EUR
5100006585,2024-04-06,4500002878,0000100132,M046,BAL1,10312898,INR
5100006586,2025-12-10,4500002726,0000100137,M049,VAL1,795363,EUR
5100006587,2024-07-19,4500001225,0000100005,M009,STC1,329463,INR
5100006588,2024-03-01,4500000179,0000100001,M043,BAL1,1729768,INR
5100006589,2023-04-21,4500000474,0000100090,M039,VAL1,5994781,INR
5100006590,2025-12-13,4500000217,0000100038,M049,BAL1,358379,INR
5100006591,2023-10-23,4500001274,0000100134,M036,STC1,47317220,INR
5100006592,2023-06-04,4500002123,0000100038,M022,HZL1,3466610,INR
5100006593,2025-01-24,4500001283,0000100001,M041,HZL1,2592569,INR
5100006594,2025-08-09,4500001993,0000100118,M022,HZL1,5171654,INR
5100006595,2024-10-26,4500002538,0000100028,M024,IOD1,47572366,INR
5100006596,2025-09-02,4500000929,0000100032,M011,HZL1,1473858,USD
5100006597,2023-06-05,4500000524,0000100033,M041,COG1,16383082,INR
5100006598,2025-09-02,4500001472,0000100065,M025,BAL1,22406637,INR
5100006599,2024-10-10,4500001575,0000100045,M034,STC1,50085101,INR
5100006600,2024-07-02,4500000500,0000100066,M001,STC1,30890503,INR
5100006601,2024-12-14,4500002297,0000100018,M011,STC1,2275359,INR
5100006602,2025-09-12,4500000605,0000100131,M061,STC1,1607334,INR
5100006603,2023-07-08,4500002644,0000100126,M027,HZL1,9867874,INR
5100006604,2025-01-07,4500003291,0000100131,M062,BAL1,4026614,INR
5100006605,2025-08-05,4500002768,0000100051,M029,BAL1,22061291,INR
5100006606,2025-04-07,4500001960,0000100070,M039,COG1,12217513,INR
5100006607,2025-01-24,4500002543,0000100105,M034,VAL1,55334053,USD
5100006608,2025-01-22,4500001123,0000100044,M053,HZL1,1700232,INR
5100006609,2025-07-17,4500001854,0000100086,M049,STC1,2313066,INR
5100006610,2025-11-16,4500001723,0000100011,M012,COG1,14136718,INR
5100006611,2024-05-26,4500001431,0000100074,M028,VAL1,8110109,USD
5100006612,2023-10-31,4500001894,0000100005,M014,HZL1,4076296,INR
5100006613,2024-12-27,4500003097,0000100106,M065,IOD1,1204976,INR
5100006614,2025-01-20,4500000872,0000100137,M053,BAL1,1923730,INR
5100006615,2025-03-26,4500000517,0000100153,M005,STC1,24157184,EUR
5100006616,2025-04-12,4500000403,0000100047,M039,HZL1,6922698,INR
5100006617,2025-12-30,4500001423,0000100074,M050,VAL1,3259826,INR
5100006618,2023-12-26,4500001535,0000100033,M038,VAL1,23483655,INR
5100006619,2024-01-18,4500001014,0000100129,M039,IOD1,2983893,INR
5100006620,2023-07-09,4500000062,0000100126,M035,COG1,50878142,INR
5100006621,2025-04-02,4500001192,0000100022,M024,VAL1,6583012,INR
5100006622,2024-12-30,4500000736,0000100025,M034,STC1,10434844,INR
5100006623,2024-01-17,4500001921,0000100108,M020,HZL1,131876238,INR
5100006624,2024-05-30,4500002996,0000100066,M004,BAL1,6879179,INR
5100006625,2023-04-13,4500000713,0000100062,M049,COG1,106624,INR
5100006626,2024-08-12,4500001572,0000100128,M041,COG1,3677403,USD
5100006627,2025-02-21,4500001743,0000100017,M002,VAL1,76111585,INR
5100006628,2025-03-02,4500003059,0000100021,M031,COR1,20439211,INR
5100006629,2025-06-29,4500002686,0000100122,M004,HZL1,146516040,INR
5100006630,2024-01-18,4500001133,0000100036,M040,STC1,5222138,INR
5100006631,2024-03-31,4500002701,0000100034,M007,HZL1,1677244,INR
5100006632,2025-02-25,4500000226,0000100029,M006,HZL1,34141751,INR
5100006633,2025-02-17,4500002397,0000100025,M038,VAL1,6398872,INR
5100006634,2024-07-24,4500001249,0000100011,M005,HZL1,54904503,USD
5100006635,2024-04-16,4500000043,0000100054,M049,COG1,2080903,INR
5100006636,2023-06-01,4500001261,0000100015,M039,COR1,12035538,INR
5100006637,2023-06-11,4500001029,0000100102,M038,HZL1,14815392,EUR
5100006638,2023-09-25,4500002406,0000100099,M011,HZL1,1670510,INR
5100006639,2023-02-17,4500003209,0000100082,M027,HZL1,21357157,INR
5100006640,2025-04-23,4500001166,0000100019,M037,STC1,12646104,INR
5100006641,2025-07-15,4500002605,0000100125,M041,VAL1,3546467,EUR
5100006642,2025-12-05,4500002975,0000100024,M013,HZL1,1037212,INR
5100006643,2025-08-07,4500002339,0000100148,M027,HZL1,4494324,INR
5100006644,2025-10-12,4500000804,0000100096,M041,HZL1,60701876,INR
5100006645,2024-03-22,4500003266,0000100039,M042,HZL1,27985547,INR
5100006646,2025-09-08,4500003237,0000100113,M048,VAL1,557081,INR
5100006647,2024-04-19,4500001284,0000100061,M054,HZL1,9866351,INR
5100006648,2025-05-29,4500002293,0000100077,M010,VAL1,2425182,INR
5100006649,2025-12-31,4500001345,0000100083,M064,BAL1,368879,INR
5100006650,2024-12-29,4500000841,0000100021,M052,HZL1,45728975,INR
5100006651,2023-09-10,4500002391,0000100091,M001,STC1,10917460,INR
5100006652,2025-03-26,4500002573,0000100039,M032,STC1,22335391,EUR
5100006653,2025-06-16,4500000545,0000100156,M006,COG1,20100155,INR
5100006654,2025-08-21,4500000599,0000100107,M017,COR1,16414105,USD
5100006655,2024-12-12,4500002335,0000100023,M032,HZL1,10343356,INR
5100006656,2023-05-19,4500000524,0000100139,M024,COG1,9565518,INR
5100006657,2025-09-18,4500001430,0000100139,M044,VAL1,8358540,INR
5100006658,2025-04-14,4500002194,0000100015,M022,HZL1,3191589,INR
5100006659,2025-01-04,4500002591,0000100057,M009,HZL1,11380119,INR
5100006660,2025-11-16,4500001340,0000100022,M022,BAL1,21105142,INR
5100006661,2023-12-31,4500001384,0000100121,M013,BAL1,7213478,INR
5100006662,2025-10-25,4500000027,0000100094,M012,IOD1,4879693,EUR
5100006663,2025-03-23,4500002105,0000100021,M003,IOD1,11650707,INR
5100006664,2025-05-22,4500001015,0000100148,M011,STC1,2631291,INR
5100006665,2025-12-05,4500001206,0000100151,M046,HZL1,7555434,INR
5100006666,2023-09-07,4500002920,0000100134,M047,STC1,781895,INR
5100006667,2024-04-13,4500000177,0000100015,M056,VAL1,11567030,INR
5100006668,2024-01-31,4500003225,0000100034,M013,HZL1,3367372,INR
5100006669,2025-05-04,4500001167,0000100072,M036,VAL1,9272218,EUR
5100006670,2023-02-06,4500002956,0000100133,M038,HZL1,99242994,USD
5100006671,2025-11-14,4500000732,0000100082,M010,COR1,9485065,INR
5100006672,2025-08-08,4500003241,0000100160,M008,COG1,787424,INR
5100006673,2025-09-03,4500002178,0000100143,M025,VAL1,42035332,INR
5100006674,2024-10-23,4500000770,0000100144,M032,VAL1,2599146,EUR
5100006675,2025-11-13,4500001759,0000100025,M009,VAL1,2831668,INR
5100006676,2024-06-03,4500001466,0000100119,M050,VAL1,1459384,INR
5100006677,2025-03-04,4500000513,0000100151,M054,HZL1,10598310,INR
5100006678,2025-12-21,4500002911,0000100035,M032,COG1,19964700,INR
5100006679,2025-11-04,4500002192,0000100096,M041,VAL1,2651903,INR
5100006680,2023-06-17,4500000407,0000100154,M061,VAL1,17643746,INR
5100006681,2025-11-09,4500002763,0000100096,M046,BAL1,23527016,INR
5100006682,2023-03-27,4500002665,0000100129,M059,STC1,7739504,INR
5100006683,2025-03-09,4500002747,0000100075,M034,STC1,52993615,USD
5100006684,2024-02-13,4500002066,0000100040,M039,STC1,4564262,INR
5100006685,2025-02-04,4500003072,0000100004,M011,VAL1,1412302,INR
5100006686,2025-06-14,4500001913,0000100104,M010,STC1,1357931,INR
5100006687,2025-06-21,4500002368,0000100014,M003,HZL1,134714256,INR
5100006688,2024-08-11,4500001972,0000100066,M030,HZL1,8446080,EUR
5100006689,2024-03-16,4500000277,0000100004,M001,VAL1,8867028,INR
5100006690,2024-05-17,4500002690,0000100100,M035,STC1,5898061,INR
5100006691,2024-03-08,4500001007,0000100088,M024,COG1,59743387,INR
5100006692,2024-07-05,4500002129,0000100140,M051,HZL1,32773896,INR
5100006693,2025-06-18,4500002944,0000100061,M009,STC1,3161889,INR
5100006694,2025-12-12,4500002893,0000100078,M022,HZL1,5242139,INR
5100006695,2025-10-29,4500000448,0000100093,M026,HZL1,7744309,INR
5100006696,2024-08-24,4500000930,0000100096,M021,VAL1,19283201,INR
5100006697,2023-05-20,4500001734,0000100093,M008,BAL1,902691,EUR
5100006698,2025-01-01,4500002641,0000100139,M018,HZL1,66129890,INR
5100006699,2025-09-24,4500000416,0000100110,M009,VAL1,1014071,INR
5100006700,2024-01-19,4500002211,0000100090,M018,VAL1,14389726,INR
5100006701,2023-11-15,4500000622,0000100130,M029,HZL1,42059850,INR
5100006702,2023-07-07,4500002324,0000100064,M025,VAL1,29870168,INR
5100006703,2024-12-07,4500002254,0000100081,M006,IOD1,19753983,INR
5100006704,2023-02-27,4500000697,0000100143,M009,VAL1,3499746,INR
5100006705,2024-12-03,4500002027,0000100069,M008,HZL1,1427273,INR
5100006706,2024-03-21,4500003103,0000100136,M007,HZL1,1180021,INR
5100006707,2025-01-08,4500000309,0000100005,M006,COG1,11788675,INR
5100006708,2023-11-25,4500000323,0000100117,M011,VAL1,3960158,INR
5100006709,2025-08-23,4500001430,0000100057,M023,VAL1,34110535,USD
5100006710,2024-08-01,4500000070,0000100070,M014,VAL1,1378194,INR
5100006711,2024-09-17,4500002273,0000100074,M022,HZL1,50737015,INR
5100006712,2024-06-06,4500001353,0000100146,M003,COR1,15980740,INR
5100006713,2025-07-09,4500001512,0000100044,M054,IOD1,18970072,INR
5100006714,2023-03-07,4500001075,0000100132,M030,STC1,16053472,INR
5100006715,2025-07-16,4500002368,0000100046,M032,HZL1,9842855,INR
5100006716,2025-06-29,4500001916,0000100088,M010,COG1,2849288,INR
5100006717,2025-08-02,4500001449,0000100013,M034,STC1,25717385,INR
5100006718,2023-12-26,4500001742,0000100073,M040,COG1,17116415,INR
5100006719,2023-09-19,4500002241,0000100057,M031,VAL1,3765238,USD
5100006720,2025-07-30,4500002605,0000100126,M039,VAL1,4459981,INR
5100006721,2025-12-22,4500002109,0000100145,M038,HZL1,12150665,INR
5100006722,2024-04-06,4500000619,0000100003,M004,BAL1,113493679,INR
5100006723,2023-10-25,4500000730,0000100116,M049,VAL1,719809,INR
5100006724,2023-07-06,4500000432,0000100046,M031,HZL1,8571501,INR
5100006725,2025-12-07,4500000674,0000100019,M040,BAL1,8032865,INR
5100006726,2024-08-18,4500001500,0000100069,M031,VAL1,5330443,INR
5100006727,2023-11-03,4500002154,0000100157,M005,VAL1,26800281,INR
5100006728,2024-12-08,4500000005,0000100060,M065,VAL1,654092,EUR
5100006729,2023-10-10,4500001361,0000100003,M021,COG1,4597199,INR
5100006730,2023-07-13,4500001848,0000100099,M011,HZL1,1905397,INR
5100006731,2025-08-29,4500002518,0000100145,M049,STC1,2272876,INR
5100006732,2025-04-01,4500002090,0000100102,M040,HZL1,1368151,INR
5100006733,2024-07-04,4500000675,0000100151,M002,HZL1,14683985,INR
5100006734,2025-02-25,4500001968,0000100126,M007,HZL1,3692384,INR
5100006735,2025-12-29,4500003254,0000100106,M052,BAL1,8136350,INR
5100006736,2023-11-25,4500000352,0000100131,M040,VAL1,19781748,INR
5100006737,2024-05-13,4500001446,0000100030,M028,VAL1,2534013,INR
5100006738,2024-01-08,4500001675,0000100063,M040,HZL1,28434937,INR
5100006739,2023-12-14,4500000412,0000100131,M001,STC1,15893034,INR
5100006740,2024-02-23,4500001989,0000100017,M061,HZL1,4143037,INR
5100006741,2024-10-15,4500000324,0000100126,M054,HZL1,16281995,INR
5100006742,2023-10-27,4500000855,0000100108,M022,BAL1,7707057,INR
5100006743,2023-12-15,4500001060,0000100096,M013,VAL1,3208232,INR
5100006744,2025-07-11,4500002523,0000100080,M012,VAL1,2960103,USD
5100006745,2024-04-01,4500002628,0000100111,M024,STC1,33159224,EUR
5100006746,2024-03-11,4500001208,0000100147,M032,STC1,5464421,INR
5100006747,2024-07-06,4500002234,0000100128,M003,COG1,24794772,USD
5100006748,2024-12-19,4500000005,0000100116,M051,VAL1,6910187,INR
5100006749,2025-01-24,4500003212,0000100033,M035,BAL1,27568949,INR
5100006750,2024-08-09,4500001740,0000100124,M027,COG1,6064155,INR
5100006751,2025-12-10,4500001039,0000100023,M001,COR1,23391685,INR
5100006752,2024-09-05,4500002565,0000100031,M037,STC1,48175715,INR
5100006753,2024-04-22,4500002393,0000100155,M027,BAL1,3528567,USD
5100006754,2025-02-09,4500002309,0000100026,M014,VAL1,3885528,INR
5100006755,2025-01-25,4500001743,0000100129,M029,VAL1,2244857,INR
5100006756,2025-06-30,4500001927,0000100149,M005,IOD1,15076025,INR
5100006757,2025-12-23,4500000507,0000100020,M002,VAL1,18722578,INR
5100006758,2023-04-06,4500000636,0000100064,M004,VAL1,15210294,INR
5100006759,2024-03-24,4500002701,0000100025,M033,HZL1,10742908,INR
5100006760,2025-06-08,4500000251,0000100146,M007,STC1,3067319,INR
5100006761,2024-08-03,4500001719,0000100124,M040,BAL1,60294115,INR
5100006762,2023-04-28,4500000976,0000100027,M002,VAL1,28952925,INR
5100006763,2023-02-22,4500001973,0000100102,M007,VAL1,3369047,INR
5100006764,2025-06-08,4500001461,0000100086,M042,STC1,2379927,INR
5100006765,2023-11-06,4500000206,0000100064,M001,VAL1,50801703,INR
5100006766,2023-04-02,4500000006,0000100051,M005,HZL1,47910454,INR
5100006767,2025-09-07,4500000156,0000100152,M029,HZL1,3344049,INR
5100006768,2024-06-13,4500003107,0000100022,M031,COR1,3138827,INR
5100006769,2024-12-24,4500000254,0000100021,M034,VAL1,49508070,INR
5100006770,2024-11-29,4500001099,0000100141,M013,VAL1,1625325,INR
5100006771,2025-07-18,4500000956,0000100089,M003,BAL1,39488094,INR
5100006772,2023-07-20,4500002124,0000100134,M007,VAL1,8337770,INR
5100006773,2023-09-06,4500000169,0000100035,M004,IOD1,9455208,INR
5100006774,2023-09-12,4500000867,0000100106,M007,BAL1,1670946,INR
5100006775,2023-04-18,4500000986,0000100150,M007,COG1,2644317,INR
5100006776,2024-09-15,4500001656,0000100128,M009,VAL1,6615876,EUR
5100006777,2023-11-15,4500000333,0000100069,M036,STC1,23967156,INR
5100006778,2024-03-25,4500001593,0000100086,M062,COG1,6234840,INR
5100006779,2025-09-24,4500000426,0000100013,M038,STC1,56418839,INR
5100006780,2024-12-29,4500001306,0000100082,M039,BAL1,30704180,INR
5100006781,2025-05-06,4500000533,0000100118,M003,VAL1,142632089,INR
5100006782,2025-12-31,4500001423,0000100145,M026,VAL1,10958981,INR
5100006783,2025-12-07,4500000551,0000100050,M013,COG1,7295971,INR
5100006784,2024-11-20,4500000723,0000100063,M013,IOD1,993099,INR
5100006785,2024-10-20,4500000192,0000100085,M057,HZL1,24730429,INR
5100006786,2025-03-27,4500003026,0000100085,M012,HZL1,3493898,INR
5100006787,2025-11-26,4500001902,0000100040,M041,HZL1,20188184,INR
5100006788,2023-12-26,4500001245,0000100067,M013,COG1,1948518,INR
5100006789,2023-07-13,4500001492,0000100129,M001,STC1,27457227,INR
5100006790,2025-01-06,4500002871,0000100100,M007,VAL1,6374033,INR
5100006791,2025-11-22,4500002971,0000100149,M021,VAL1,29076090,INR
5100006792,2024-02-17,4500003137,0000100136,M012,BAL1,1963570,INR
5100006793,2024-07-23,4500002546,0000100006,M002,VAL1,44882686,INR
5100006794,2024-04-12,4500001323,0000100075,M029,VAL1,1709619,USD
5100006795,2024-06-02,4500002221,0000100117,M046,HZL1,3775935,INR
5100006796,2023-09-12,4500002432,0000100099,M048,BAL1,3113940,INR
5100006797,2024-03-07,4500003082,0000100051,M014,HZL1,2088988,INR
5100006798,2023-02-21,4500001722,0000100015,M014,HZL1,2947159,INR
5100006799,2023-01-29,4500002377,0000100123,M017,STC1,94179007,INR
5100006800,2025-12-16,4500001026,0000100051,M011,STC1,3733232,INR
5100006801,2023-09-06,4500003207,0000100112,M036,HZL1,16001946,INR
5100006802,2024-11-11,4500001086,0000100112,M038,HZL1,18254865,INR
5100006803,2025-01-19,4500001702,0000100082,M046,BAL1,774851,INR
5100006804,2025-10-13,4500002775,0000100015,M059,IOD1,2818200,INR
5100006805,2023-08-21,4500000039,0000100072,M003,COG1,28727981,USD
5100006806,2023-08-17,4500002188,0000100022,M021,HZL1,66209661,INR
5100006807,2024-04-04,4500002745,0000100106,M048,STC1,1426656,INR
5100006808,2023-02-20,4500000851,0000100103,M013,IOD1,4579979,INR
5100006809,2025-09-27,4500001754,0000100090,M019,HZL1,23767585,INR
5100006810,2024-11-15,4500000658,0000100080,M004,HZL1,12537124,USD
5100006811,2025-09-22,4500002926,0000100064,M026,STC1,35484156,INR
5100006812,2024-10-10,4500001069,0000100153,M043,HZL1,8005536,INR
5100006813,2023-09-15,4500001271,0000100024,M059,HZL1,5384694,INR
5100006814,2024-06-03,4500002221,0000100019,M020,HZL1,109343427,INR
5100006815,2024-10-13,4500001834,0000100145,M047,HZL1,1031184,INR
5100006816,2024-01-16,4500002340,0000100006,M002,BAL1,158907040,INR
5100006817,2025-02-11,4500001129,0000100105,M014,COR1,3973932,INR
5100006818,2023-12-28,4500002514,0000100136,M038,VAL1,31183577,INR
5100006819,2024-08-29,4500001904,0000100014,M032,IOD1,7530823,INR
5100006820,2024-05-24,4500000998,0000100089,M012,STC1,1922182,INR
5100006821,2024-09-12,4500000123,0000100068,M037,VAL1,36736278,INR
5100006822,2025-08-30,4500000740,0000100110,M007,VAL1,650625,INR
5100006823,2024-07-08,4500000959,0000100144,M009,HZL1,3455072,USD
5100006824,2023-12-22,4500000919,0000100112,M050,COG1,255164,INR
5100006825,2023-05-31,4500002638,0000100096,M031,IOD1,3660744,INR
5100006826,2023-07-06,4500003300,0000100100,M010,COG1,823388,INR
5100006827,2025-08-26,4500001741,0000100128,M014,BAL1,3984731,INR
5100006828,2025-01-18,4500000221,0000100065,M030,COG1,8824753,INR
5100006829,2024-09-15,4500001779,0000100078,M002,VAL1,184865052,INR
5100006830,2024-08-09,4500000104,0000100067,M013,COG1,1867573,INR
5100006831,2024-10-19,4500001344,0000100154,M007,HZL1,6578181,INR
5100006832,2023-06-13,4500000368,0000100047,M054,HZL1,69376120,INR
5100006833,2025-07-03,4500001645,0000100017,M051,HZL1,6984111,INR
5100006834,2023-12-28,4500001589,0000100082,M042,VAL1,2437781,INR
5100006835,2023-07-05,4500000584,0000100051,M049,VAL1,2121805,INR
5100006836,2025-03-22,4500002019,0000100005,M057,VAL1,45172121,INR
5100006837,2025-05-26,4500001626,0000100103,M018,VAL1,114859511,INR
5100006838,2025-12-26,4500000964,0000100068,M048,VAL1,4734521,INR
5100006839,2024-10-09,4500000946,0000100053,M046,VAL1,3154267,INR
5100006840,2024-11-12,4500000490,0000100117,M001,HZL1,37567478,INR
5100006841,2025-02-27,4500002299,0000100036,M024,VAL1,19419267,INR
5100006842,2023-01-29,4500002233,0000100156,M036,STC1,7056846,EUR
5100006843,2023-05-29,4500002932,0000100114,M046,STC1,7217287,INR
5100006844,2023-09-03,4500002317,0000100155,M005,VAL1,62368031,EUR
5100006845,2025-01-28,4500002957,0000100107,M029,HZL1,7789122,USD
5100006846,2023-07-26,4500000077,0000100144,M028,VAL1,13407207,USD
5100006847,2025-01-24,4500002450,0000100155,M026,HZL1,4722914,EUR
5100006848,2025-10-31,4500000395,0000100133,M006,BAL1,55135324,INR
5100006849,2025-01-09,4500001608,0000100011,M043,VAL1,1683445,EUR
5100006850,2023-09-14,4500001503,0000100035,M061,IOD1,3720207,INR
5100006851,2024-12-07,4500001328,0000100093,M001,VAL1,60729636,USD
5100006852,2025-06-25,4500002300,0000100068,M003,VAL1,33508775,INR
5100006853,2024-12-31,4500000807,0000100110,M011,BAL1,732580,INR
5100006854,2023-11-16,4500001056,0000100158,M014,COR1,3096029,INR
5100006855,2025-08-04,4500001394,0000100073,M005,HZL1,59944039,INR
5100006856,2023-03-06,4500002588,0000100059,M058,COR1,14290026,INR
5100006857,2023-11-02,4500000950,0000100097,M022,STC1,33578215,INR
5100006858,2024-02-04,4500000470,0000100104,M008,STC1,4013988,INR
5100006859,2023-10-08,4500000512,0000100136,M051,HZL1,5329701,INR
5100006860,2025-08-20,4500003274,0000100067,M010,HZL1,1058752,INR
5100006861,2025-01-14,4500001400,0000100028,M048,HZL1,1854831,INR
5100006862,2025-05-22,4500002181,0000100034,M001,IOD1,22576085,INR
5100006863,2023-09-01,4500001305,0000100157,M062,BAL1,6261705,INR
5100006864,2024-10-08,4500002848,0000100153,M050,BAL1,370042,EUR
5100006865,2025-04-22,4500000355,0000100102,M028,VAL1,17683763,USD
5100006866,2025-12-13,4500001720,0000100096,M045,VAL1,10799179,INR
5100006867,2023-11-02,4500002338,0000100089,M008,BAL1,669654,INR
5100006868,2025-11-28,4500001052,0000100024,M007,BAL1,1644178,INR
5100006869,2025-08-23,4500001590,0000100063,M042,HZL1,6248617,INR
5100006870,2025-08-18,4500002806,0000100118,M010,BAL1,1488942,INR
5100006871,2023-03-19,4500002472,0000100105,M062,VAL1,12868546,EUR
5100006872,2024-09-18,4500000890,0000100022,M055,BAL1,5607765,INR
5100006873,2024-04-30,4500000608,0000100066,M035,STC1,25425475,USD
5100006874,2025-04-08,4500002776,0000100121,M011,STC1,2331780,INR
5100006875,2024-04-15,4500000548,0000100006,M003,STC1,76293944,INR
5100006876,2025-02-07,4500001855,0000100086,M009,HZL1,13691918,INR
5100006877,2025-10-24,4500003028,0000100041,M036,BAL1,48327020,INR
5100006878,2023-06-28,4500002773,0000100098,M004,BAL1,32352129,INR
5100006879,2025-01-24,4500003086,0000100079,M015,VAL1,41305805,INR
5100006880,2023-11-27,4500001484,0000100136,M046,VAL1,4867110,INR
5100006881,2024-06-30,4500002401,0000100123,M011,BAL1,3784231,USD
5100006882,2025-07-17,4500002093,0000100009,M057,BAL1,9843314,EUR
5100006883,2023-10-10,4500000512,0000100126,M002,HZL1,8914983,INR
5100006884,2024-11-08,4500000007,0000100041,M029,HZL1,2140693,INR
5100006885,2025-05-03,4500002782,0000100093,M013,IOD1,7751573,USD
5100006886,2025-02-04,4500000013,0000100092,M034,COG1,32731372,USD
5100006887,2023-05-24,4500002969,0000100067,M062,HZL1,8336836,INR
5100006888,2024-10-31,4500000501,0000100012,M048,HZL1,5075590,USD
5100006889,2025-12-04,4500001440,0000100061,M026,HZL1,2488088,INR
5100006890,2025-10-29,4500001141,0000100110,M044,VAL1,47754099,INR
5100006891,2025-12-28,4500001408,0000100044,M050,VAL1,313066,INR
5100006892,2023-09-08,4500001847,0000100110,M001,HZL1,91946321,INR
5100006893,2023-05-07,4500002359,0000100022,M052,VAL1,16577208,INR
5100006894,2024-08-13,4500000201,0000100156,M004,STC1,2052773,INR
5100006895,2025-03-12,4500003027,0000100114,M023,VAL1,4910148,INR
5100006896,2025-12-16,4500003093,0000100040,M032,VAL1,6270983,INR
5100006897,2025-04-05,4500002653,0000100137,M041,STC1,2528829,EUR
5100006898,2025-01-09,4500003290,0000100039,M043,HZL1,10476747,USD
5100006899,2023-02-21,4500002828,0000100144,M007,COG1,841955,INR
5100006900,2023-12-29,4500001661,0000100123,M057,STC1,33559255,INR
5100006901,2024-01-03,4500000635,0000100049,M038,BAL1,61641119,EUR
5100006902,2024-03-15,4500001415,0000100113,M023,STC1,2337981,INR
5100006903,2023-01-29,4500002262,0000100039,M052,COG1,17592332,EUR
5100006904,2023-12-26,4500002903,0000100140,M011,STC1,4245409,INR
5100006905,2025-04-09,4500001055,0000100027,M048,VAL1,1122742,INR
5100006906,2025-10-08,4500003025,0000100005,M048,STC1,1037447,INR
5100006907,2024-03-09,4500003266,0000100126,M005,HZL1,26524383,INR
5100006908,2025-06-18,4500002944,0000100099,M032,STC1,3685333,INR
5100006909,2025-02-03,4500001944,0000100061,M012,HZL1,779090,INR
5100006910,2025-07-23,4500001512,0000100157,M013,IOD1,482129,INR
5100006911,2024-02-11,4500001238,0000100019,M018,VAL1,150205829,INR
5100006912,2023-10-27,4500000896,0000100005,M023,BAL1,11788002,INR
5100006913,2025-02-18,4500001660,0000100052,M037,IOD1,12388828,INR
5100006914,2023-08-06,4500000688,0000100148,M023,BAL1,14780281,INR
5100006915,2025-02-03,4500002299,0000100038,M002,VAL1,32976622,INR
5100006916,2025-01-26,4500001474,0000100106,M048,BAL1,822346,INR
5100006917,2024-08-15,4500002508,0000100013,M001,HZL1,12961007,INR
5100006918,2024-11-27,4500000911,0000100001,M010,HZL1,620372,INR
5100006919,2025-09-10,4500001780,0000100059,M029,HZL1,11302413,INR
5100006920,2024-07-21,4500001462,0000100048,M007,IOD1,6625300,USD
5100006921,2024-04-12,4500002746,0000100132,M034,VAL1,15451694,INR
5100006922,2024-04-06,4500002342,0000100095,M011,IOD1,8487645,INR
5100006923,2025-02-23,4500002536,0000100126,M053,VAL1,18278524,INR
5100006924,2024-08-25,4500001683,0000100078,M025,BAL1,36864596,INR
5100006925,2023-12-04,4500002422,0000100087,M037,IOD1,7473134,INR
5100006926,2025-03-28,4500001524,0000100013,M004,COG1,20478421,INR
5100006927,2024-06-18,4500001124,0000100107,M057,IOD1,11307554,USD
5100006928,2024-07-07,4500001182,0000100092,M006,BAL1,165204772,EUR
5100006929,2025-03-31,4500002653,0000100024,M012,STC1,1108905,INR
5100006930,2023-06-19,4500003048,0000100021,M007,STC1,10519997,INR
5100006931,2023-11-05,4500002092,0000100117,M013,STC1,1048015,INR
5100006932,2024-12-28,4500000714,0000100094,M013,HZL1,3922505,EUR
5100006933,2023-04-02,4500002736,0000100116,M039,VAL1,8167368,INR
5100006934,2023-11-27,4500001427,0000100149,M051,IOD1,5011040,INR
5100006935,2024-11-25,4500000678,0000100129,M032,VAL1,15140722,INR
5100006936,2024-07-20,4500000421,0000100023,M054,STC1,32380137,INR
5100006937,2025-12-05,4500001070,0000100118,M048,COR1,4987733,INR
5100006938,2025-02-02,4500000860,0000100099,M032,BAL1,10207227,INR
5100006939,2023-03-25,4500001422,0000100155,M021,HZL1,15361400,USD
5100006940,2024-10-28,4500000166,0000100024,M002,HZL1,14194203,INR
5100006941,2025-12-25,4500000741,0000100078,M042,COR1,24813003,INR
5100006942,2023-02-26,4500001504,0000100080,M028,VAL1,9538954,EUR
5100006943,2024-02-05,4500000361,0000100043,M046,VAL1,6783307,USD
5100006944,2025-07-16,4500000116,0000100103,M010,STC1,979633,INR
5100006945,2023-12-02,4500001815,0000100073,M040,HZL1,8933835,INR
5100006946,2024-01-07,4500001892,0000100059,M029,COR1,3586113,INR
5100006947,2023-12-24,4500000915,0000100149,M027,HZL1,2882664,INR
5100006948,2025-04-18,4500002194,0000100052,M020,HZL1,132378567,INR
5100006949,2023-12-15,4500002088,0000100155,M025,HZL1,5287970,USD
5100006950,2025-12-02,4500001382,0000100006,M063,IOD1,1556427,INR
5100006951,2024-02-29,4500002865,0000100132,M005,COG1,21379632,INR
5100006952,2025-03-31,4500002653,0000100001,M039,STC1,1641383,INR
5100006953,2024-05-13,4500003131,0000100147,M040,HZL1,7111437,INR
5100006954,2023-05-05,4500002351,0000100006,M024,HZL1,17084304,INR
5100006955,2025-06-14,4500002873,0000100025,M051,COR1,13771495,INR
5100006956,2025-10-21,4500001141,0000100006,M051,VAL1,9290218,INR
5100006957,2025-07-09,4500002077,0000100158,M037,IOD1,6710524,INR
5100006958,2023-06-03,4500001644,0000100097,M005,IOD1,36519896,INR
5100006959,2025-07-07,4500001083,0000100051,M064,VAL1,173032,INR
5100006960,2025-09-03,4500000526,0000100097,M004,BAL1,16612653,INR
5100006961,2025-01-24,4500001863,0000100071,M013,IOD1,3592110,INR
5100006962,2023-10-29,4500000129,0000100006,M013,HZL1,6064965,INR
5100006963,2024-01-01,4500000506,0000100074,M054,VAL1,21241095,EUR
5100006964,2025-03-03,4500000306,0000100088,M001,HZL1,91879518,INR
5100006965,2023-02-24,4500001688,0000100027,M021,COG1,56534677,INR
5100006966,2025-04-24,4500002729,0000100115,M013,VAL1,2347651,INR
5100006967,2025-04-21,4500000720,0000100035,M002,STC1,162648224,INR
5100006968,2023-08-25,4500000047,0000100040,M033,HZL1,37429913,INR
5100006969,2025-08-03,4500000820,0000100092,M012,HZL1,1274038,EUR
5100006970,2024-07-17,4500000010,0000100098,M030,HZL1,9564786,INR
5100006971,2025-11-28,4500000937,0000100011,M024,BAL1,23738185,INR
5100006972,2024-06-25,4500003182,0000100129,M049,HZL1,367795,INR
5100006973,2025-03-29,4500002451,0000100037,M043,HZL1,21790254,INR
5100006974,2025-03-05,4500003027,0000100127,M001,VAL1,23341014,INR
5100006975,2025-06-15,4500000418,0000100146,M005,VAL1,5282278,INR
5100006976,2025-05-12,4500000765,0000100096,M022,HZL1,15405340,INR
5100006977,2024-10-09,4500000945,0000100148,M039,HZL1,4209353,INR
5100006978,2024-09-12,4500002273,0000100018,M004,HZL1,5629148,INR
5100006979,2025-03-05,4500003222,0000100136,M013,STC1,8465479,INR
5100006980,2024-02-19,4500003010,0000100086,M044,VAL1,8617884,INR
5100006981,2025-03-03,4500001519,0000100128,M059,VAL1,2727248,INR
5100006982,2024-03-21,4500000471,0000100138,M028,VAL1,5052159,EUR
5100006983,2024-09-25,4500000192,0000100159,M025,HZL1,26003189,INR
5100006984,2024-12-06,4500001851,0000100049,M038,HZL1,2588180,EUR
5100006985,2023-12-28,4500001341,0000100080,M062,STC1,10015476,USD
5100006986,2024-02-27,4500001624,0000100143,M035,HZL1,14843741,INR
5100006987,2024-04-10,4500000619,0000100081,M014,BAL1,4714344,INR
5100006988,2025-01-03,4500000067,0000100105,M017,HZL1,46899996,INR
5100006989,2025-01-28,4500001127,0000100070,M036,BAL1,96821111,INR
5100006990,2023-07-21,4500000769,0000100053,M014,COG1,4913587,INR
5100006991,2024-07-14,4500001130,0000100066,M006,STC1,31514489,USD
5100006992,2023-08-26,4500000276,0000100088,M008,COG1,1156319,INR
5100006993,2025-08-12,4500002669,0000100016,M036,HZL1,19008807,INR
5100006994,2024-10-02,4500001940,0000100145,M007,HZL1,5007135,INR
5100006995,2024-01-17,4500002997,0000100158,M014,STC1,8135906,INR
5100006996,2024-02-01,4500000795,0000100160,M019,COG1,169339123,INR
5100006997,2024-08-25,4500002647,0000100062,M043,VAL1,18223124,INR
5100006998,2025-09-24,4500002946,0000100105,M034,HZL1,14264895,EUR
5100006999,2024-05-12,4500003051,0000100018,M031,IOD1,12342803,INR
5100007000,2024-04-23,4500000917,0000100061,M062,VAL1,2072830,INR
5100007001,2023-09-04,4500001479,0000100113,M013,STC1,2846331,INR
5100007002,2023-10-10,4500001894,0000100025,M052,HZL1,6420302,INR
5100007003,2024-08-06,4500002234,0000100037,M001,COG1,35215617,INR
5100007004,2025-04-15,4500000446,0000100114,M014,HZL1,9515808,INR
5100007005,2024-12-26,4500002591,0000100131,M009,HZL1,5591215,INR
5100007006,2023-10-19,4500002762,0000100118,M033,VAL1,44498095,INR
5100007007,2023-02-07,4500000876,0000100099,M008,COR1,4466913,INR
5100007008,2023-12-25,4500000160,0000100055,M038,HZL1,60924854,INR
5100007009,2025-04-04,4500001862,0000100146,M021,HZL1,84785183,INR
5100007010,2025-12-10,4500001902,0000100034,M048,HZL1,816853,INR
5100007011,2024-08-29,4500001779,0000100045,M032,VAL1,12060148,INR
5100007012,2025-03-15,4500001231,0000100067,M018,HZL1,40877980,INR
5100007013,2025-06-19,4500000813,0000100112,M058,BAL1,17893462,INR
5100007014,2024-03-28,4500000320,0000100149,M041,COR1,10592931,INR
5100007015,2024-01-17,4500001594,0000100026,M021,HZL1,6478195,INR
5100007016,2025-06-11,4500001418,0000100116,M057,VAL1,91003646,INR
5100007017,2025-08-08,4500001544,0000100126,M011,HZL1,6277215,INR
5100007018,2024-08-04,4500001128,0000100146,M023,VAL1,7844076,INR
5100007019,2025-01-15,4500000221,0000100136,M010,COG1,1015092,INR
5100007020,2024-03-10,4500001159,0000100089,M043,COG1,12285420,INR
5100007021,2024-09-12,4500000098,0000100106,M004,HZL1,61967973,INR
5100007022,2024-03-23,4500003055,0000100139,M033,HZL1,14960797,INR
5100007023,2023-03-20,4500002128,0000100109,M047,COG1,2244770,INR
5100007024,2025-01-25,4500003208,0000100145,M041,COG1,72297523,INR
5100007025,2024-02-29,4500001771,0000100130,M010,HZL1,2514720,INR
5100007026,2023-08-12,4500001918,0000100159,M051,STC1,2795620,INR
5100007027,2024-08-29,4500001719,0000100097,M007,BAL1,5016026,INR
5100007028,2024-11-02,4500001121,0000100127,M007,HZL1,2165865,INR
5100007029,2024-05-01,4500001260,0000100116,M016,STC1,73031014,INR
5100007030,2025-04-02,4500001978,0000100080,M002,IOD1,76747490,EUR
5100007031,2023-09-30,4500001253,0000100154,M025,COG1,23439273,INR
5100007032,2023-06-20,4500000242,0000100015,M011,BAL1,4985687,INR
5100007033,2025-02-04,4500001006,0000100109,M019,HZL1,173378778,INR
5100007034,2024-02-21,4500002149,0000100023,M026,STC1,13739349,INR
5100007035,2025-12-09,4500001755,0000100130,M016,VAL1,41059846,INR
5100007036,2025-06-18,4500001004,0000100148,M043,HZL1,1742894,INR
5100007037,2024-03-22,4500000571,0000100127,M054,BAL1,7638208,INR
5100007038,2024-05-09,4500000236,0000100053,M004,VAL1,14029442,INR
5100007039,2025-01-08,4500003212,0000100056,M049,BAL1,1524543,EUR
5100007040,2024-12-17,4500003210,0000100149,M057,HZL1,40131354,INR
5100007041,2023-11-30,4500002108,0000100058,M048,HZL1,497585,USD
5100007042,2023-05-31,4500002587,0000100017,M050,HZL1,838047,INR
5100007043,2025-08-05,4500001645,0000100154,M039,HZL1,27230220,INR
5100007044,2024-05-20,4500002690,0000100033,M034,STC1,19613885,INR
5100007045,2023-02-13,4500001342,0000100159,M053,HZL1,12286003,INR
5100007046,2024-12-27,4500001557,0000100132,M001,STC1,18234846,INR
5100007047,2025-10-09,4500002923,0000100108,M042,HZL1,8672124,INR
5100007048,2025-11-21,4500000822,0000100113,M046,HZL1,3817436,INR
5100007049,2025-03-14,4500000267,0000100038,M059,HZL1,5561514,INR
5100007050,2025-12-14,4500001814,0000100030,M009,VAL1,6463087,INR
5100007051,2023-10-19,4500001770,0000100093,M001,HZL1,19534935,USD
5100007052,2023-08-28,4500002306,0000100148,M023,STC1,5334986,INR
5100007053,2025-01-14,4500001300,0000100089,M055,STC1,2062282,INR
5100007054,2023-04-04,4500000232,0000100007,M057,VAL1,14860919,INR
5100007055,2025-05-30,4500000229,0000100142,M008,HZL1,1298675,INR
5100007056,2025-11-09,4500003257,0000100122,M011,VAL1,8279980,EUR
5100007057,2023-10-10,4500000304,0000100009,M022,COG1,1935672,INR
5100007058,2024-03-08,4500002637,0000100149,M005,VAL1,8908984,INR
5100007059,2025-10-03,4500002895,0000100023,M012,STC1,5065809,INR
5100007060,2025-01-20,4500001569,0000100053,M012,COG1,5935095,INR
5100007061,2024-09-04,4500001290,0000100023,M052,COG1,4589486,INR
5100007062,2023-06-20,4500001261,0000100080,M001,COR1,8710839,EUR
5100007063,2023-09-04,4500002112,0000100065,M015,IOD1,29514114,INR
5100007064,2025-01-07,4500000221,0000100025,M042,COG1,55576664,INR
5100007065,2024-10-04,4500002586,0000100096,M012,VAL1,1650932,INR
5100007066,2024-05-06,4500000994,0000100063,M013,BAL1,2515176,INR
5100007067,2025-06-26,4500001819,0000100015,M013,COR1,5277634,INR
5100007068,2023-03-30,4500000965,0000100016,M013,VAL1,2532150,INR
5100007069,2025-04-23,4500000117,0000100092,M036,STC1,12802049,EUR
5100007070,2023-08-02,4500000369,0000100053,M047,HZL1,2708931,INR
5100007071,2025-12-16,4500002576,0000100156,M015,VAL1,71981826,USD
5100007072,2024-08-03,4500000648,0000100115,M023,BAL1,18103755,INR
5100007073,2024-10-18,4500002586,0000100117,M026,VAL1,5015706,INR
5100007074,2025-11-11,4500001966,0000100150,M002,BAL1,37412394,INR
5100007075,2023-04-27,4500000223,0000100019,M022,HZL1,29885267,INR
5100007076,2025-10-19,4500001117,0000100136,M041,HZL1,25134733,INR
5100007077,2025-06-16,4500001493,0000100031,M045,STC1,2975306,INR
5100007078,2023-09-17,4500000455,0000100091,M025,VAL1,10093476,INR
5100007079,2025-07-25,4500001731,0000100057,M029,STC1,4492782,INR
5100007080,2024-07-12,4500001277,0000100081,M011,IOD1,7644467,INR
5100007081,2025-04-12,4500000058,0000100129,M059,HZL1,6015005,INR
5100007082,2025-12-13,4500001823,0000100033,M011,STC1,3031831,INR
5100007083,2023-09-04,4500001965,0000100031,M064,HZL1,164135,INR
5100007084,2025-11-25,4500000385,0000100070,M009,HZL1,821481,INR
5100007085,2024-12-09,4500003305,0000100012,M013,COG1,18694763,INR
5100007086,2024-10-24,4500001961,0000100105,M007,HZL1,4169376,USD
5100007087,2023-04-30,4500001280,0000100101,M034,VAL1,21534492,INR
5100007088,2025-08-29,4500000084,0000100019,M033,STC1,11589252,INR
5100007089,2024-01-26,4500002515,0000100028,M011,COG1,3415528,INR
5100007090,2023-07-21,4500003120,0000100038,M040,BAL1,4123030,INR
5100007091,2025-11-06,4500003255,0000100073,M045,BAL1,2842684,INR
5100007092,2025-05-17,4500000618,0000100006,M032,HZL1,3835631,INR
5100007093,2023-05-27,4500001096,0000100080,M014,STC1,8283103,INR
5100007094,2023-08-15,4500000391,0000100056,M005,COG1,22702644,EUR
5100007095,2024-08-24,4500001821,0000100110,M039,STC1,1203808,INR
5100007096,2023-11-23,4500002493,0000100036,M040,HZL1,20728994,INR
5100007097,2025-05-01,4500001285,0000100117,M012,VAL1,8992173,INR
5100007098,2024-09-10,4500000248,0000100016,M004,VAL1,20382550,INR
5100007099,2023-09-05,4500002477,0000100143,M042,HZL1,2923480,INR
5100007100,2023-08-13,4500000369,0000100007,M032,HZL1,11273697,INR
5100007101,2025-01-03,4500003034,0000100140,M009,VAL1,4625792,INR
5100007102,2025-09-12,4500002806,0000100013,M010,BAL1,6202872,INR
5100007103,2024-12-04,4500000315,0000100029,M038,HZL1,30267365,INR
5100007104,2024-08-25,4500001541,0000100154,M013,VAL1,2173449,INR
5100007105,2023-04-24,4500000832,0000100140,M006,HZL1,10526614,INR
5100007106,2023-11-01,4500000622,0000100053,M049,HZL1,757241,INR
5100007107,2025-12-10,4500000085,0000100109,M041,HZL1,24812750,INR
5100007108,2023-12-03,4500001509,0000100006,M061,HZL1,1791483,INR
5100007109,2024-01-28,4500002556,0000100145,M041,HZL1,5850068,INR
5100007110,2024-06-13,4500000025,0000100004,M013,VAL1,11101473,INR
5100007111,2025-07-27,4500000861,0000100078,M040,HZL1,14255858,INR
5100007112,2024-08-19,4500001488,0000100050,M005,COG1,39742092,INR
5100007113,2024-04-18,4500003295,0000100045,M049,VAL1,510767,INR
5100007114,2025-06-01,4500000210,0000100037,M003,HZL1,22956993,EUR
5100007115,2024-10-24,4500000218,0000100139,M060,BAL1,5627531,INR
5100007116,2024-04-30,4500001079,0000100127,M010,STC1,5384825,INR
5100007117,2024-05-15,4500000722,0000100014,M010,IOD1,1724762,INR
5100007118,2025-11-17,4500000301,0000100023,M054,VAL1,11804363,INR
5100007119,2025-09-21,4500001008,0000100100,M008,COR1,4757420,INR
5100007120,2025-03-02,4500001160,0000100044,M060,HZL1,17592344,INR
5100007121,2024-08-15,4500001298,0000100022,M053,VAL1,18134367,INR
5100007122,2024-07-10,4500001970,0000100080,M006,STC1,11141584,USD
5100007123,2025-02-06,4500002683,0000100117,M011,VAL1,4190974,INR
5100007124,2023-04-13,4500000390,0000100105,M048,VAL1,476738,USD
5100007125,2024-03-14,4500002649,0000100132,M014,COG1,6740377,INR
5100007126,2023-06-22,4500002670,0000100054,M027,COR1,13242839,USD
5100007127,2024-09-22,4500000269,0000100062,M001,VAL1,13766131,INR
5100007128,2025-03-22,4500001868,0000100051,M023,BAL1,5915349,INR
5100007129,2024-03-13,4500000843,0000100062,M041,HZL1,3947567,INR
5100007130,2023-03-27,4500001185,0000100103,M006,HZL1,33099598,INR
5100007131,2023-12-03,4500002743,0000100155,M043,VAL1,3144751,EUR
5100007132,2024-08-28,4500003292,0000100085,M040,COG1,7522922,INR
5100007133,2025-08-06,4500000740,0000100137,M053,VAL1,7887037,USD
5100007134,2023-09-23,4500001831,0000100007,M029,IOD1,2925484,INR
5100007135,2025-09-06,4500001992,0000100140,M064,BAL1,1678843,INR
5100007136,2025-09-10,4500002912,0000100117,M039,VAL1,11291122,INR
5100007137,2023-05-12,4500000565,0000100112,M007,IOD1,2255210,INR
5100007138,2025-10-04,4500001420,0000100046,M013,BAL1,1610472,INR
5100007139,2023-04-29,4500002021,0000100035,M038,COG1,141998869,INR
5100007140,2023-02-19,4500000788,0000100130,M047,VAL1,1180691,INR
5100007141,2023-11-26,4500002053,0000100153,M041,VAL1,8620101,USD
5100007142,2024-05-07,4500000262,0000100137,M051,BAL1,19346895,EUR
5100007143,2024-01-03,4500001841,0000100046,M026,HZL1,5464171,INR
5100007144,2024-09-30,4500002565,0000100058,M007,STC1,6559001,USD
5100007145,2023-03-13,4500002665,0000100143,M041,STC1,17156644,INR
5100007146,2025-09-25,4500002621,0000100012,M031,COR1,7001692,EUR
5100007147,2025-02-18,4500002045,0000100097,M043,VAL1,999335,INR
5100007148,2023-09-22,4500000118,0000100007,M002,VAL1,31741771,INR
5100007149,2025-10-16,4500000910,0000100025,M007,COG1,512817,INR
5100007150,2025-10-08,4500000156,0000100026,M059,HZL1,27477966,INR
5100007151,2023-09-17,4500000318,0000100084,M040,IOD1,3141363,INR
5100007152,2025-01-02,4500002389,0000100087,M035,VAL1,15044764,INR
5100007153,2025-01-02,4500002872,0000100082,M049,HZL1,248900,INR
5100007154,2025-09-29,4500001142,0000100010,M035,HZL1,8648288,INR
5100007155,2024-10-03,4500002376,0000100087,M013,STC1,6551635,INR
5100007156,2024-01-14,4500002512,0000100071,M023,COR1,44599715,INR
5100007157,2024-02-25,4500003225,0000100030,M001,HZL1,7186915,INR
5100007158,2023-11-30,4500003095,0000100124,M014,IOD1,1159196,INR
5100007159,2023-12-25,4500000506,0000100138,M014,VAL1,3776979,EUR
5100007160,2023-07-03,4500000151,0000100085,M056,HZL1,37445244,INR
5100007161,2025-03-01,4500003240,0000100159,M050,BAL1,461302,INR
5100007162,2024-07-01,4500003115,0000100125,M033,BAL1,12690052,INR
5100007163,2023-12-02,4500002108,0000100017,M036,HZL1,26786726,INR
5100007164,2025-04-27,4500003303,0000100140,M025,BAL1,15414682,INR
5100007165,2023-05-29,4500001451,0000100036,M041,VAL1,13740075,INR
5100007166,2024-03-31,4500000113,0000100091,M010,STC1,10674798,INR
5100007167,2024-09-19,4500001144,0000100024,M041,BAL1,19297691,INR
5100007168,2024-07-05,4500000227,0000100024,M004,COG1,26206768,INR
5100007169,2025-03-09,4500000048,0000100147,M013,IOD1,2658478,INR
5100007170,2024-01-14,4500002467,0000100086,M011,VAL1,2768936,INR
5100007171,2023-05-04,4500003233,0000100005,M007,HZL1,1342442,INR
5100007172,2025-01-13,4500002323,0000100110,M014,VAL1,4871179,INR
5100007173,2024-01-15,4500002106,0000100038,M020,VAL1,30554059,INR
5100007174,2024-03-28,4500000373,0000100079,M010,COG1,4878700,INR
5100007175,2024-09-29,4500002252,0000100014,M002,BAL1,28538402,INR
5100007176,2025-02-02,4500000799,0000100148,M040,STC1,47353696,INR
5100007177,2024-09-03,4500000979,0000100147,M025,STC1,12464321,INR
5100007178,2025-06-02,4500000552,0000100111,M005,HZL1,5870599,USD
5100007179,2025-05-26,4500000433,0000100160,M007,COG1,4822119,INR
5100007180,2025-08-28,4500003241,0000100018,M040,COG1,12259351,INR
5100007181,2024-09-08,4500002721,0000100151,M004,HZL1,21540983,INR
5100007182,2023-11-28,4500002344,0000100074,M055,VAL1,14307875,INR
5100007183,2025-07-31,4500000073,0000100159,M025,COG1,19878880,INR
5100007184,2025-10-04,4500000804,0000100026,M033,HZL1,16184998,INR
5100007185,2025-12-29,4500001455,0000100132,M045,HZL1,7774380,INR
5100007186,2024-01-16,4500002528,0000100047,M002,STC1,18573455,INR
5100007187,2025-05-01,4500002771,0000100154,M025,HZL1,63609910,INR
5100007188,2023-08-22,4500002526,0000100068,M006,COG1,47580810,INR
5100007189,2023-10-06,4500000955,0000100137,M013,VAL1,862825,INR
5100007190,2025-08-05,4500000196,0000100017,M027,IOD1,7573667,INR
5100007191,2024-07-18,4500002475,0000100108,M029,STC1,5932419,INR
5100007192,2025-07-12,4500000861,0000100146,M038,HZL1,34419172,INR
5100007193,2024-06-21,4500000884,0000100141,M006,COG1,57918921,INR
5100007194,2024-02-05,4500001296,0000100145,M035,COG1,35061954,INR
5100007195,2024-05-11,4500003060,0000100151,M061,STC1,8197249,INR
5100007196,2025-02-16,4500002004,0000100066,M021,STC1,11244833,INR
5100007197,2023-05-07,4500002914,0000100053,M009,HZL1,3535190,INR
5100007198,2024-06-20,4500001728,0000100154,M007,IOD1,4189499,INR
5100007199,2024-06-25,4500000122,0000100108,M031,VAL1,2076655,INR
5100007200,2024-11-30,4500003040,0000100116,M013,COG1,1000009,INR
5100007201,2024-08-03,4500001010,0000100073,M057,COG1,7803340,INR
5100007202,2024-01-28,4500002922,0000100026,M014,VAL1,2343952,INR
5100007203,2025-04-25,4500000668,0000100054,M024,BAL1,31605145,EUR
5100007204,2025-02-03,4500000807,0000100123,M040,BAL1,2507925,EUR
5100007205,2023-08-02,4500002321,0000100019,M009,VAL1,3707190,INR
5100007206,2025-12-21,4500003272,0000100082,M013,COG1,474205,INR
5100007207,2024-07-14,4500002000,0000100139,M014,STC1,5469300,INR
5100007208,2023-09-24,4500000932,0000100137,M012,VAL1,3729895,USD
5100007209,2024-03-05,4500000100,0000100036,M008,BAL1,14460793,INR
5100007210,2025-10-08,4500000222,0000100009,M027,VAL1,39555112,INR
5100007211,2024-01-24,4500001417,0000100143,M003,BAL1,19312553,INR
5100007212,2025-05-29,4500000590,0000100134,M047,HZL1,1696151,INR
5100007213,2023-06-23,4500000802,0000100145,M009,HZL1,4304587,INR
5100007214,2025-05-10,4500000418,0000100083,M021,VAL1,3479018,USD
5100007215,2023-02-20,4500002976,0000100033,M040,VAL1,11491376,INR
5100007216,2024-07-24,4500000646,0000100039,M017,VAL1,22772680,USD
5100007217,2025-06-24,4500000344,0000100014,M010,STC1,2897522,INR
5100007218,2024-03-09,4500000475,0000100102,M014,HZL1,6563872,USD
5100007219,2025-06-16,4500001665,0000100131,M046,HZL1,2719784,INR
5100007220,2024-02-02,4500001007,0000100027,M004,COG1,18590872,INR
5100007221,2024-04-09,4500001235,0000100151,M040,STC1,11238806,INR
5100007222,2025-04-16,4500001501,0000100112,M039,HZL1,3996435,INR
5100007223,2025-01-29,4500001519,0000100106,M026,VAL1,20014438,INR
5100007224,2023-07-13,4500001390,0000100024,M021,COG1,1889468,INR
5100007225,2023-11-24,4500001582,0000100123,M004,IOD1,15869545,USD
5100007226,2024-02-20,4500002193,0000100078,M009,HZL1,1516266,INR
5100007227,2025-10-28,4500000362,0000100020,M032,STC1,29221446,INR
5100007228,2023-02-22,4500003154,0000100037,M053,COG1,24261277,INR
5100007229,2024-04-03,4500000345,0000100118,M003,HZL1,33985936,INR
5100007230,2023-12-04,4500001281,0000100097,M057,VAL1,7567724,INR
5100007231,2025-07-25,4500002838,0000100089,M058,IOD1,6706021,INR
5100007232,2023-05-07,4500002539,0000100025,M007,HZL1,8224443,INR
5100007233,2025-05-04,4500002782,0000100088,M023,IOD1,4959461,INR
5100007234,2023-12-14,4500002512,0000100096,M018,COR1,164932469,INR
5100007235,2025-11-22,4500002811,0000100100,M013,STC1,4208798,INR
5100007236,2024-05-09,4500002550,0000100015,M026,VAL1,17384176,INR
5100007237,2024-04-17,4500002733,0000100058,M062,STC1,7858855,USD
5100007238,2023-11-15,4500000838,0000100046,M020,VAL1,35734950,INR
5100007239,2025-02-04,4500000703,0000100153,M002,COR1,22760964,INR
5100007240,2023-08-28,4500000290,0000100082,M011,BAL1,4969839,INR
5100007241,2024-11-04,4500000809,0000100103,M007,IOD1,2836932,INR
5100007242,2023-07-09,4500000101,0000100098,M038,IOD1,15506931,INR
5100007243,2023-06-23,4500000202,0000100117,M009,STC1,790049,INR
5100007244,2025-01-24,4500002201,0000100013,M042,IOD1,27963475,INR
5100007245,2023-06-15,4500002301,0000100010,M039,VAL1,3182988,USD
5100007246,2024-09-18,4500003012,0000100088,M025,IOD1,3400248,INR
5100007247,2025-12-29,4500000947,0000100134,M010,IOD1,3905880,INR
5100007248,2024-08-14,4500002386,0000100136,M047,HZL1,1013859,INR
5100007249,2025-03-13,4500003170,0000100106,M007,HZL1,13646792,INR
5100007250,2025-05-15,4500000286,0000100146,M065,HZL1,370723,INR
5100007251,2025-02-28,4500000443,0000100026,M031,VAL1,10498844,INR
5100007252,2025-08-07,4500002373,0000100116,M041,COG1,12092932,INR
5100007253,2023-12-23,4500002857,0000100022,M007,HZL1,4432378,INR
5100007254,2024-09-24,4500001389,0000100060,M012,VAL1,4343029,EUR
5100007255,2024-10-29,4500001405,0000100054,M035,HZL1,159660247,USD
5100007256,2023-12-12,4500000462,0000100122,M025,HZL1,11190354,EUR
5100007257,2025-03-13,4500000194,0000100077,M008,HZL1,15733762,INR
5100007258,2025-08-04,4500001143,0000100084,M001,HZL1,46964433,INR
5100007259,2025-08-28,4500000734,0000100105,M058,HZL1,4483822,EUR
5100007260,2024-03-09,4500002568,0000100110,M050,STC1,3725490,INR
5100007261,2025-12-18,4500001382,0000100009,M014,IOD1,4130740,EUR
5100007262,2025-11-26,4500000448,0000100065,M014,HZL1,6522365,INR
5100007263,2023-06-10,4500001035,0000100089,M051,HZL1,17540286,INR
5100007264,2025-07-14,4500000839,0000100069,M046,HZL1,3866123,INR
5100007265,2024-07-05,4500002931,0000100023,M034,STC1,40471962,INR
5100007266,2023-05-10,4500001959,0000100092,M013,IOD1,2545628,INR
5100007267,2025-08-02,4500000727,0000100045,M008,COG1,1793448,INR
5100007268,2023-04-27,4500002965,0000100031,M035,STC1,69598018,INR
5100007269,2025-12-23,4500001783,0000100013,M010,HZL1,7613147,INR
5100007270,2023-09-02,4500002391,0000100082,M013,STC1,1595136,INR
5100007271,2023-09-20,4500001643,0000100058,M058,IOD1,5494170,EUR
5100007272,2024-07-08,4500002855,0000100148,M013,VAL1,1738390,INR
5100007273,2023-11-13,4500002042,0000100088,M041,BAL1,2168880,INR
5100007274,2023-10-10,4500002693,0000100146,M020,VAL1,32620734,INR
5100007275,2025-07-02,4500000968,0000100117,M041,IOD1,8438560,INR
5100007276,2024-04-05,4500001545,0000100118,M004,HZL1,35660886,INR
5100007277,2025-09-18,4500002272,0000100059,M053,BAL1,7194094,INR
5100007278,2025-08-05,4500000906,0000100068,M045,HZL1,4706771,INR
5100007279,2024-12-28,4500001163,0000100005,M005,BAL1,8634554,INR
5100007280,2024-07-11,4500002282,0000100148,M055,BAL1,12020711,INR
5100007281,2025-08-15,4500001315,0000100021,M049,VAL1,340891,INR
5100007282,2025-05-14,4500003076,0000100004,M022,COG1,7061646,INR
5100007283,2023-05-15,4500001190,0000100072,M023,HZL1,8221489,EUR
5100007284,2024-07-26,4500003085,0000100018,M038,HZL1,13188189,INR
5100007285,2025-05-01,4500001028,0000100024,M011,BAL1,5212831,INR
5100007286,2023-12-20,4500000423,0000100159,M009,IOD1,4080556,INR
5100007287,2025-09-25,4500002203,0000100081,M021,VAL1,4807111,INR
5100007288,2024-07-19,4500000145,0000100070,M040,STC1,8741352,INR
5100007289,2025-05-29,4500002504,0000100113,M010,COG1,1771513,INR
5100007290,2023-08-01,4500003226,0000100120,M032,HZL1,51767134,INR
5100007291,2023-08-21,4500002904,0000100009,M006,HZL1,3110491,USD
5100007292,2025-08-09,4500001993,0000100065,M021,HZL1,52486697,INR
5100007293,2024-12-29,4500000492,0000100002,M012,STC1,2638372,INR
5100007294,2023-11-25,4500001195,0000100024,M032,BAL1,10688211,INR
5100007295,2025-01-24,4500002378,0000100136,M003,STC1,123632597,INR
5100007296,2023-09-11,4500003077,0000100016,M056,STC1,7699201,INR
5100007297,2025-06-20,4500002057,0000100002,M051,VAL1,64624752,INR
5100007298,2023-04-21,4500002476,0000100086,M052,VAL1,7018658,INR
5100007299,2024-04-19,4500002029,0000100023,M005,VAL1,16128177,INR
5100007300,2024-06-23,4500000998,0000100130,M050,STC1,622664,INR
5100007301,2024-08-30,4500001375,0000100089,M021,HZL1,8991028,INR
5100007302,2023-11-15,4500001784,0000100017,M058,HZL1,34620834,INR
5100007303,2023-11-29,4500002402,0000100045,M014,COG1,5427925,INR
5100007304,2024-02-16,4500002375,0000100038,M013,COG1,1341083,INR
5100007305,2025-05-12,4500000046,0000100146,M013,VAL1,2530015,INR
5100007306,2024-08-14,4500000296,0000100033,M005,STC1,23688397,INR
5100007307,2023-07-12,4500001476,0000100107,M003,STC1,11345518,USD
5100007308,2025-07-06,4500000150,0000100052,M022,IOD1,18554115,INR
5100007309,2023-08-03,4500003226,0000100141,M038,HZL1,42594349,INR
5100007310,2023-12-22,4500001090,0000100003,M017,HZL1,32871033,INR
5100007311,2023-08-27,4500001201,0000100058,M009,VAL1,1177099,EUR
5100007312,2025-12-11,4500001383,0000100070,M034,HZL1,15759876,INR
5100007313,2023-11-03,4500000323,0000100138,M002,VAL1,71346290,USD
5100007314,2025-05-05,4500001000,0000100140,M008,HZL1,5994104,INR
5100007315,2024-05-22,4500000815,0000100078,M018,HZL1,31372770,INR
5100007316,2024-06-12,4500002835,0000100127,M007,VAL1,3090414,INR
5100007317,2023-07-04,4500001531,0000100031,M037,HZL1,15654439,INR
5100007318,2023-07-24,4500000078,0000100145,M032,COG1,7036444,INR
5100007319,2025-02-07,4500001939,0000100157,M028,COG1,10760985,INR
5100007320,2024-09-03,4500002209,0000100033,M011,HZL1,1160730,INR
5100007321,2024-07-29,4500000829,0000100013,M001,VAL1,167488232,INR
5100007322,2025-09-06,4500001062,0000100079,M002,BAL1,111983274,INR
5100007323,2023-08-09,4500000252,0000100012,M001,STC1,67017173,INR
5100007324,2025-02-09,4500002799,0000100140,M014,HZL1,4091523,INR
5100007325,2024-08-06,4500001878,0000100134,M041,COG1,6369735,INR
5100007326,2025-01-14,4500001312,0000100018,M006,VAL1,22084722,INR
5100007327,2025-12-10,4500003100,0000100122,M042,VAL1,22592199,INR
5100007328,2023-05-09,4500001158,0000100005,M013,HZL1,320636,INR
5100007329,2023-10-18,4500002942,0000100119,M047,HZL1,2897115,INR
5100007330,2025-06-25,4500002164,0000100007,M006,VAL1,7834703,INR
5100007331,2025-04-28,4500000614,0000100160,M059,VAL1,21614238,INR
5100007332,2025-07-23,4500000128,0000100131,M041,STC1,871797,INR
5100007333,2025-10-02,4500001986,0000100088,M060,BAL1,14426775,INR
5100007334,2025-08-16,4500001315,0000100114,M025,VAL1,7035800,INR
5100007335,2024-09-02,4500002918,0000100118,M028,VAL1,12875378,INR
5100007336,2024-10-04,4500002832,0000100093,M018,BAL1,43510459,EUR
5100007337,2025-08-31,4500002759,0000100069,M007,HZL1,6684677,INR
5100007338,2024-05-26,4500000826,0000100151,M035,STC1,12819663,INR
5100007339,2023-09-08,4500000011,0000100119,M045,HZL1,2508004,INR
5100007340,2025-05-18,4500000653,0000100090,M012,STC1,610746,INR
5100007341,2025-02-28,4500002299,0000100015,M048,VAL1,457433,INR
5100007342,2025-01-29,4500001518,0000100046,M014,HZL1,4896346,INR
5100007343,2025-03-14,4500000436,0000100085,M013,VAL1,4818828,INR
5100007344,2025-11-02,4500001996,0000100116,M040,BAL1,7192902,INR
5100007345,2025-11-14,4500003257,0000100045,M036,VAL1,12714767,INR
5100007346,2025-12-27,4500000134,0000100082,M025,STC1,5048501,INR
5100007347,2025-01-18,4500001962,0000100072,M048,HZL1,2069177,USD
5100007348,2025-09-20,4500002365,0000100039,M008,BAL1,1400914,EUR
5100007349,2023-07-02,4500000107,0000100024,M013,HZL1,1301943,INR
5100007350,2025-06-04,4500001452,0000100037,M007,HZL1,1054871,EUR
5100007351,2025-10-26,4500002033,0000100056,M004,STC1,54396229,EUR
5100007352,2025-10-05,4500000508,0000100109,M012,STC1,2848102,INR
5100007353,2023-02-10,4500002636,0000100137,M018,HZL1,67619731,USD
5100007354,2024-08-28,4500001398,0000100025,M024,STC1,7130609,INR
5100007355,2024-08-30,4500000886,0000100090,M008,VAL1,3858170,INR
5100007356,2024-05-16,4500002054,0000100078,M007,IOD1,2940785,INR
5100007357,2025-10-17,4500002152,0000100103,M049,BAL1,4938969,INR
5100007358,2024-01-02,4500002096,0000100127,M013,IOD1,1060322,INR
5100007359,2025-06-06,4500000499,0000100024,M005,STC1,37827281,INR
5100007360,2024-08-14,4500002075,0000100008,M061,BAL1,14057830,EUR
5100007361,2025-07-13,4500002856,0000100021,M046,HZL1,4307059,INR
5100007362,2024-08-16,4500003238,0000100005,M018,COG1,108753694,INR
5100007363,2025-08-20,4500003274,0000100005,M030,HZL1,7310715,INR
5100007364,2024-09-22,4500002789,0000100087,M043,BAL1,1929770,INR
5100007365,2023-12-17,4500002160,0000100051,M036,BAL1,4318843,INR
5100007366,2024-11-27,4500000596,0000100127,M004,COG1,130533763,INR
5100007367,2023-09-08,4500001517,0000100025,M008,HZL1,1944227,INR
5100007368,2024-09-01,4500003150,0000100136,M035,STC1,36527244,INR
5100007369,2025-11-24,4500002417,0000100053,M041,BAL1,11779235,INR
5100007370,2025-09-13,4500000233,0000100068,M005,VAL1,56979539,INR
5100007371,2025-12-07,4500002271,0000100114,M034,COG1,21274759,INR
5100007372,2025-07-16,4500000727,0000100058,M032,COG1,2523831,EUR
5100007373,2025-05-07,4500000614,0000100153,M042,VAL1,10779992,INR
5100007374,2025-11-22,4500000281,0000100071,M049,VAL1,2458342,INR
5100007375,2025-06-13,4500001870,0000100114,M034,COG1,33979714,INR
5100007376,2024-12-11,4500000833,0000100087,M004,COG1,86608112,INR
5100007377,2023-02-11,4500000589,0000100083,M053,BAL1,6685254,INR
5100007378,2023-04-19,4500000258,0000100006,M033,HZL1,55529868,INR
5100007379,2023-07-04,4500003218,0000100063,M047,VAL1,775447,INR
5100007380,2023-10-30,4500001850,0000100027,M008,STC1,1817755,INR
5100007381,2025-07-12,4500001993,0000100139,M039,HZL1,9455643,INR
5100007382,2023-08-24,4500000662,0000100097,M028,VAL1,5409944,INR
5100007383,2025-01-26,4500003129,0000100051,M031,HZL1,10426714,INR
5100007384,2023-04-22,4500001682,0000100136,M036,HZL1,8332848,INR
5100007385,2023-06-10,4500000368,0000100028,M011,HZL1,2210033,INR
5100007386,2023-08-03,4500000214,0000100021,M029,VAL1,13246344,INR
5100007387,2024-12-06,4500000148,0000100047,M001,COG1,24725670,INR
5100007388,2023-10-29,4500001894,0000100100,M022,HZL1,10249505,INR
5100007389,2025-10-30,4500002623,0000100137,M009,STC1,4261609,USD
5100007390,2023-11-26,4500001595,0000100033,M035,BAL1,14963580,INR
5100007391,2025-05-09,4500000602,0000100017,M023,COG1,22891701,INR
5100007392,2025-12-24,4500002399,0000100134,M034,VAL1,69634122,INR
5100007393,2024-09-02,4500000173,0000100113,M023,VAL1,15566908,INR
5100007394,2025-11-12,4500003090,0000100151,M060,HZL1,4036153,INR
5100007395,2025-01-26,4500001962,0000100027,M009,HZL1,16833217,INR
5100007396,2025-11-24,4500001070,0000100013,M031,COR1,3017267,INR
5100007397,2025-10-30,4500002571,0000100019,M004,STC1,39341337,INR
5100007398,2023-09-09,4500001146,0000100130,M011,HZL1,3243157,INR
5100007399,2023-08-17,4500003230,0000100061,M006,HZL1,56346262,INR
5100007400,2025-10-30,4500000399,0000100121,M006,COR1,21575357,INR
5100007401,2023-04-11,4500000006,0000100021,M023,HZL1,8037886,INR
5100007402,2024-10-19,4500000019,0000100014,M041,STC1,11070193,INR
5100007403,2025-12-13,4500001571,0000100017,M044,VAL1,1880963,INR
5100007404,2024-12-03,4500002849,0000100009,M004,COR1,27748757,INR
5100007405,2025-06-19,4500000092,0000100040,M043,HZL1,16675583,INR
5100007406,2025-07-01,4500000839,0000100023,M010,HZL1,8237840,INR
5100007407,2024-10-06,4500003231,0000100097,M024,COG1,2654407,INR
5100007408,2024-01-01,4500002874,0000100019,M013,BAL1,4794518,INR
5100007409,2025-01-17,4500002543,0000100071,M035,VAL1,30483680,INR
5100007410,2023-06-30,4500003218,0000100150,M061,VAL1,20463052,INR
5100007411,2025-11-30,4500000003,0000100003,M039,STC1,6317823,INR
5100007412,2023-12-22,4500001302,0000100106,M029,VAL1,4739671,INR
5100007413,2023-06-17,4500003279,0000100021,M039,HZL1,13022335,INR
5100007414,2025-10-07,4500000767,0000100070,M059,STC1,3670033,INR
5100007415,2025-09-08,4500000087,0000100153,M030,BAL1,46603750,EUR
5100007416,2024-09-04,4500000889,0000100065,M023,VAL1,11847895,INR
5100007417,2025-04-24,4500000765,0000100019,M052,HZL1,12405768,INR
5100007418,2025-04-25,4500001454,0000100129,M022,STC1,12967311,INR
5100007419,2024-02-08,4500001735,0000100026,M042,VAL1,18478303,INR
5100007420,2025-01-20,4500002542,0000100160,M002,HZL1,3887496,INR
5100007421,2025-06-23,4500001325,0000100089,M042,COG1,4121436,INR
5100007422,2023-10-07,4500001715,0000100139,M007,BAL1,2385395,INR
5100007423,2024-11-08,4500000456,0000100021,M014,HZL1,7893119,INR
5100007424,2023-12-22,4500000733,0000100157,M020,HZL1,31825986,INR
5100007425,2023-03-26,4500002736,0000100041,M056,VAL1,9888363,INR
5100007426,2024-06-03,4500002996,0000100061,M002,BAL1,6085559,INR
5100007427,2025-10-22,4500002256,0000100131,M007,COG1,1728527,INR
5100007428,2025-11-09,4500000549,0000100065,M001,VAL1,3504728,INR
5100007429,2025-04-19,4500002785,0000100094,M058,HZL1,24018591,INR
5100007430,2023-07-14,,0000100157,M025,COG1,19765616,INR
5100007431,2024-06-26,,0000100157,M049,VAL1,476326,INR
5100007432,2023-02-04,,0000100126,M022,COG1,14469548,INR
5100007433,2023-09-08,,0000100097,M023,STC1,6188717,INR
5100007434,2025-02-10,,0000100116,M065,COG1,635088,INR
5100007435,2024-12-10,,0000100141,M022,VAL1,52497614,INR
5100007436,2024-09-13,,0000100158,M054,STC1,4175388,INR
5100007437,2025-09-06,,0000100040,M025,HZL1,20133239,INR
5100007438,2025-03-13,,0000100097,M022,VAL1,4937801,INR
5100007439,2024-04-15,,0000100116,M049,VAL1,5000000,INR
5100007440,2023-11-26,,0000100040,M045,STC1,2806359,INR
5100007441,2023-10-01,,0000100158,M043,HZL1,8718845,INR
5100007442,2025-11-14,,0000100140,M041,VAL1,13036892,INR
5100007443,2025-04-03,,0000100157,M043,COG1,2639532,INR
5100007444,2024-05-28,,0000100097,M046,HZL1,2905954,INR
5100007445,2025-11-15,,0000100158,M025,HZL1,39037700,INR
5100007446,2025-12-27,,0000100157,M046,HZL1,8071230,INR
5100007447,2024-12-09,,0000100090,M046,VAL1,8529513,INR
5100007448,2023-08-17,,0000100090,M024,IOD1,28054000,INR
5100007449,2024-03-11,,0000100158,M025,STC1,11993856,INR
5100007450,2025-02-26,,0000100141,M042,COG1,3918153,INR
5100007451,2025-04-16,,0000100140,M046,HZL1,2046848,INR
5100007452,2024-09-16,,0000100141,M044,STC1,4372920,INR
5100007453,2024-12-10,,0000100141,M065,BAL1,170349,INR
5100007454,2025-11-20,,0000100157,M063,BAL1,819171,INR
5100007455,2023-03-23,,0000100141,M021,HZL1,8852788,INR
5100007456,2024-05-01,,0000100097,M025,COR1,35164364,INR
5100007457,2024-04-12,,0000100141,M024,HZL1,27567105,INR
5100007458,2024-11-18,,0000100158,M052,VAL1,5956529,INR
5100007459,2024-04-19,,0000100140,M022,COG1,10341130,INR
5100007460,2025-04-23,,0000100097,M021,IOD1,28734654,INR
5100007461,2024-01-26,,0000100097,M026,COR1,7371773,INR
5100007462,2025-11-26,,0000100116,M045,COG1,2200760,INR
5100007463,2025-08-30,,0000100097,M065,COR1,304546,INR
5100007464,2024-11-20,,0000100040,M050,VAL1,735666,INR
5100007465,2025-07-06,,0000100040,M023,COG1,21758033,INR
5100007466,2025-11-18,,0000100040,M026,HZL1,16795063,INR
5100007467,2025-10-18,,0000100090,M023,HZL1,13058011,INR
5100007468,2024-12-17,,0000100040,M050,HZL1,516873,INR
5100007469,2023-07-28,,0000100116,M039,COG1,1740163,INR
5100007470,2024-03-21,,0000100040,M049,VAL1,350813,INR
5100007471,2024-11-08,,0000100040,M021,STC1,20882450,INR
5100007472,2024-06-04,,0000100158,M025,VAL1,40335290,INR
5100007473,2024-05-10,,0000100097,M042,STC1,8450587,INR
5100007474,2024-02-02,,0000100090,M045,COG1,4495955,INR
5100007475,2025-04-17,,0000100116,M052,STC1,38551964,INR
5100007476,2024-06-20,,0000100090,M042,VAL1,10354445,INR
5100007477,2023-01-25,,0000100116,M021,BAL1,4899558,INR
5100007478,2024-11-06,,0000100141,M025,HZL1,22419954,INR
5100007479,2025-08-30,,0000100157,M039,BAL1,10772828,INR
5100007480,2023-09-19,,0000100140,M063,VAL1,1496500,INR
5100007481,2023-01-30,,0000100090,M022,HZL1,9795715,INR
5100007482,2024-04-23,,0000100116,M048,HZL1,4347952,INR
5100007483,2024-12-24,,0000100157,M040,STC1,14190127,INR
5100007484,2025-10-12,,0000100158,M040,STC1,3214536,INR
5100007485,2025-03-11,,0000100158,M021,BAL1,4704915,INR
5100007486,2024-04-16,,0000100126,M047,COG1,933869,INR
5100007487,2025-09-21,,0000100040,M026,VAL1,14480877,INR
5100007488,2024-02-13,,0000100136,M021,VAL1,19234265,INR
5100007489,2025-03-18,,0000100116,M046,HZL1,4315708,INR
5100007490,2023-03-17,,0000100040,M022,COG1,111164711,INR
5100007491,2025-09-06,,0000100126,M040,BAL1,12178307,INR
5100007492,2023-10-11,,0000100126,M023,VAL1,41198673,INR
5100007493,2023-05-01,,0000100040,M025,COG1,9454405,INR
5100007494,2025-10-03,,0000100158,M046,HZL1,1508980,INR
5100007495,2023-09-29,,0000100040,M024,VAL1,12816618,INR
5100007496,2024-09-05,,0000100097,M063,VAL1,3000000,INR
5100007497,2025-10-23,,0000100136,M050,HZL1,842254,INR
5100007498,2024-01-30,,0000100136,M039,HZL1,2482655,INR
5100007499,2025-04-13,,0000100126,M063,HZL1,3000000,INR
5100007500,2023-07-04,,0000100040,M047,STC1,1880347,INR
5100007501,2023-02-23,,0000100126,M046,COG1,3317845,INR
5100007502,2024-05-04,,0000100126,M024,STC1,52639342,INR
5100007503,2025-11-09,,0000100158,M042,VAL1,2751647,INR
5100007504,2024-07-31,,0000100140,M049,STC1,773826,INR
5100007505,2024-01-09,,0000100040,M047,VAL1,772657,INR
5100007506,2023-09-14,,0000100090,M044,HZL1,9113251,INR
5100007507,2024-04-05,,0000100136,M024,VAL1,9798420,INR
5100007508,2024-02-14,,0000100126,M040,HZL1,55538112,INR
5100007509,2024-12-22,,0000100158,M026,COG1,12424647,INR
5100007510,2024-02-23,,0000100141,M023,HZL1,16531155,INR
5100007511,2024-02-23,,0000100158,M065,VAL1,973786,INR
5100007512,2025-09-12,,0000100158,M044,VAL1,22542952,INR
5100007513,2024-03-01,,0000100158,M065,COR1,551470,INR
5100007514,2025-04-28,,0000100126,M025,HZL1,10062420,INR
5100007515,2023-06-04,,0000100116,M021,HZL1,38637921,INR
5100007516,2024-09-26,,0000100141,M024,VAL1,11643696,INR
5100007517,2024-07-13,,0000100140,M022,BAL1,18423979,INR
5100007518,2025-05-15,,0000100126,M065,STC1,1247806,INR
5100007519,2025-12-12,,0000100090,M065,COG1,813092,INR
5100007520,2024-11-02,,0000100097,M045,STC1,1535408,INR
5100007521,2025-07-28,,0000100157,M064,STC1,162540,INR
5100007522,2023-07-26,,0000100097,M045,HZL1,39427357,INR
5100007523,2024-04-23,,0000100158,M025,STC1,33925407,INR
5100007524,2025-08-03,,0000100157,M064,HZL1,544883,INR
5100007525,2025-09-24,,0000100140,M054,STC1,9710164,INR
5100007526,2025-02-20,,0000100157,M025,HZL1,449125,INR
5100007527,2025-06-26,,0000100158,M039,BAL1,27254289,INR
5100007528,2024-10-29,,0000100116,M026,HZL1,18863979,INR
5100007529,2025-01-17,,0000100090,M053,HZL1,4452514,INR
5100007530,2023-09-18,,0000100126,M044,BAL1,8998698,INR
5100007531,2023-01-28,,0000100157,M040,BAL1,1447128,INR
5100007532,2024-07-17,,0000100141,M025,COR1,23809196,INR
5100007533,2025-10-26,,0000100157,M049,HZL1,1420188,INR
5100007534,2023-04-22,,0000100158,M022,BAL1,13436611,INR
5100007535,2024-09-28,,0000100158,M041,HZL1,7670538,INR
5100007536,2025-12-02,,0000100140,M026,COR1,4090497,INR
5100007537,2024-10-28,,0000100141,M045,COG1,2496749,INR
5100007538,2025-09-30,,0000100157,M046,STC1,5181863,INR
5100007539,2025-06-15,,0000100097,M044,VAL1,14078042,INR
5100007540,2023-09-29,,0000100158,M049,HZL1,879049,INR
5100007541,2025-12-25,,0000100157,M023,IOD1,3767152,INR
5100007542,2023-08-08,,0000100158,M063,COG1,819739,INR
5100007543,2025-02-17,,0000100126,M045,HZL1,5951529,INR
5100007544,2023-06-02,,0000100126,M039,HZL1,5090456,INR
5100007545,2025-04-23,,0000100157,M023,COG1,8270488,INR
5100007546,2025-12-02,,0000100157,M046,COR1,2171045,INR
5100007547,2023-12-26,,0000100158,M025,HZL1,13987386,INR
5100007548,2024-02-19,,0000100158,M041,STC1,6167191,INR
5100007549,2023-11-28,,0000100126,M065,COG1,301109,INR
5100007550,2025-01-30,,0000100116,M023,STC1,9161967,INR
5100007551,2025-09-24,,0000100126,M025,HZL1,15690046,INR
5100007552,2024-08-10,,0000100097,M043,STC1,8107992,INR
5100007553,2025-03-31,,0000100126,M044,HZL1,6719038,INR
5100007554,2025-05-31,,0000100116,M065,VAL1,543920,INR
5100007555,2024-04-19,,0000100140,M021,HZL1,7450394,INR
5100007556,2023-06-12,,0000100140,M044,HZL1,27621554,INR
5100007557,2024-04-03,,0000100040,M043,HZL1,17774842,INR
5100007558,2025-11-03,,0000100140,M024,BAL1,22633864,INR
5100007559,2024-03-02,,0000100140,M044,BAL1,14552807,INR
5100007560,2025-09-19,,0000100157,M045,COG1,7864292,INR
5100007561,2025-09-05,,0000100157,M021,HZL1,13943908,INR
5100007562,2025-04-19,,0000100090,M026,VAL1,27841998,INR
5100007563,2025-06-19,,0000100157,M042,BAL1,4023044,INR
5100007564,2025-10-06,,0000100157,M064,COR1,443287,INR
5100007565,2025-08-11,,0000100126,M023,VAL1,2129514,INR
5100007566,2025-03-20,,0000100158,M023,VAL1,5572547,INR
5100007567,2024-12-15,,0000100097,M051,HZL1,5821631,INR
5100007568,2025-03-01,,0000100141,M024,IOD1,28685935,INR
5100007569,2024-12-15,,0000100097,M045,VAL1,2196065,INR
5100007570,2024-02-29,,0000100158,M049,BAL1,589712,INR
5100007571,2023-02-18,,0000100040,M050,STC1,678585,INR
5100007572,2025-06-11,,0000100126,M039,VAL1,4202051,INR
5100007573,2025-04-07,,0000100158,M046,HZL1,6618371,INR
5100007574,2023-10-09,,0000100090,M026,HZL1,15759412,INR
5100007575,2023-01-17,,0000100090,M054,VAL1,10460634,INR
5100007576,2025-07-21,,0000100157,M045,HZL1,6305051,INR
5100007577,2023-01-18,,0000100097,M024,HZL1,20361273,INR
5100007578,2023-11-01,,0000100090,M026,COR1,6734924,INR
5100007579,2023-03-27,,0000100157,M046,HZL1,852937,INR
5100007580,2023-07-26,,0000100141,M026,COG1,61533425,INR
5100007581,2024-01-16,,0000100097,M065,HZL1,160440,INR
5100007582,2025-06-12,,0000100116,M064,COG1,3000000,INR
5100007583,2025-01-22,,0000100040,M046,HZL1,5585662,INR
5100007584,2025-01-17,,0000100090,M021,STC1,38000299,INR
5100007585,2023-08-29,,0000100141,M045,VAL1,7935751,INR
5100007586,2024-12-15,,0000100116,M025,COG1,9084721,INR
5100007587,2024-08-29,,0000100136,M026,HZL1,5332213,INR
5100007588,2025-06-27,,0000100090,M044,STC1,16057615,INR
5100007589,2023-01-25,,0000100090,M043,VAL1,2874024,INR
5100007590,2025-04-25,,0000100126,M045,VAL1,9492473,INR
5100007591,2024-06-20,,0000100141,M025,VAL1,16332815,INR
5100007592,2024-06-03,,0000100090,M041,HZL1,2595934,INR
5100007593,2024-11-12,,0000100157,M043,COG1,6597673,INR
5100007594,2025-08-10,,0000100158,M063,COG1,455114,INR
5100007595,2025-10-16,,0000100126,M023,VAL1,15394878,INR
5100007596,2023-08-22,,0000100141,M026,VAL1,29920395,INR
5100007597,2025-06-28,,0000100158,M041,VAL1,8996254,INR
5100007598,2025-08-20,,0000100157,M021,VAL1,7241022,INR
5100007599,2025-09-14,,0000100090,M049,HZL1,425272,INR
5100007600,2023-07-10,,0000100140,M023,VAL1,46711866,INR
5100007601,2024-03-30,,0000100116,M047,COR1,452605,INR
5100007602,2023-06-11,,0000100157,M041,STC1,8318927,INR
5100007603,2023-02-19,,0000100126,M042,HZL1,7343549,INR
5100007604,2025-05-09,,0000100126,M023,HZL1,6969874,INR
5100007605,2025-09-01,,0000100097,M043,COR1,4778309,INR
5100007606,2024-08-28,,0000100090,M021,COG1,39753049,INR
5100007607,2024-12-27,,0000100090,M042,COG1,4248703,INR
5100007608,2025-12-18,,0000100116,M022,HZL1,2240309,INR
5100007609,2025-05-11,,0000100126,M025,HZL1,10752910,INR
5100007610,2024-11-21,,0000100157,M039,IOD1,6597357,INR
5100007611,2024-09-17,,0000100158,M044,HZL1,2551928,INR
5100007612,2025-04-06,,0000100097,M041,STC1,8482667,INR
5100007613,2025-04-21,,0000100157,M040,IOD1,5558722,INR
5100007614,2025-11-05,,0000100097,M047,HZL1,1827112,INR
5100007615,2025-11-04,,0000100140,M043,BAL1,1808854,INR
5100007616,2023-08-19,,0000100097,M065,STC1,772904,INR
5100007617,2025-01-24,,0000100090,M048,STC1,1353395,INR
5100007618,2023-09-15,,0000100157,M041,VAL1,3721011,INR
5100007619,2025-05-19,,0000100158,M045,BAL1,5531579,INR
5100007620,2023-11-01,,0000100141,M021,VAL1,5964810,INR
5100007621,2025-06-08,,0000100090,M064,HZL1,150614,INR
5100007622,2024-07-04,,0000100136,M040,STC1,1851576,INR
5100007623,2025-07-12,,0000100158,M047,BAL1,807935,INR
5100007624,2023-09-07,,0000100141,M046,BAL1,3774837,INR
5100007625,2023-07-19,,0000100140,M025,STC1,8288538,INR
5100007626,2025-11-22,,0000100116,M024,BAL1,21869599,INR
5100007627,2023-04-28,,0000100116,M043,BAL1,5227687,INR
5100007628,2024-03-03,,0000100157,M026,HZL1,47153283,INR
5100007629,2023-01-23,,0000100116,M047,VAL1,1345764,INR
5100007630,2023-03-20,,0000100141,M022,HZL1,40474410,INR
5100007631,2025-12-03,,0000100097,M042,HZL1,5327481,INR
5100007632,2024-06-20,,0000100140,M043,STC1,8810320,INR
5100007633,2024-02-02,,0000100040,M045,HZL1,11060767,INR
5100007634,2025-11-04,,0000100140,M041,HZL1,25140014,INR
5100007635,2024-11-22,,0000100040,M024,HZL1,13474250,INR
5100007636,2025-11-09,,0000100116,M023,HZL1,23009525,INR
5100007637,2024-02-23,,0000100136,M064,HZL1,547319,INR
5100007638,2025-06-22,,0000100090,M025,HZL1,5484798,INR
5100007639,2024-07-13,,0000100116,M047,VAL1,317522,INR
5100007640,2025-08-12,,0000100140,M052,VAL1,10908873,INR
5100007641,2023-07-14,,0000100141,M044,COG1,23219522,INR
5100007642,2024-07-03,,0000100140,M043,VAL1,3042075,INR
5100007643,2025-06-17,,0000100116,M048,BAL1,301291,INR
5100007644,2025-12-30,,0000100116,M024,HZL1,14710140,INR
5100007645,2025-06-04,,0000100090,M023,HZL1,3360214,INR
5100007646,2023-10-25,,0000100126,M025,HZL1,23651239,INR
5100007647,2025-12-23,,0000100158,M025,VAL1,10965362,INR
5100007648,2023-09-15,,0000100140,M050,HZL1,1343268,INR
5100007649,2024-10-18,,0000100140,M043,HZL1,2573231,INR
5100007650,2025-08-17,,0000100116,M021,IOD1,18872043,INR
5100007651,2024-02-20,,0000100040,M043,VAL1,7438080,INR
5100007652,2024-10-01,,0000100090,M022,COG1,3428124,INR
5100007653,2024-04-05,,0000100126,M046,VAL1,3741768,INR
5100007654,2023-03-09,,0000100040,M065,HZL1,261236,INR
5100007655,2025-06-17,,0000100158,M041,STC1,680057,INR
5100007656,2025-07-20,,0000100157,M024,STC1,7961548,INR
5100007657,2024-05-30,,0000100090,M025,IOD1,2399138,INR
5100007658,2024-08-31,,0000100158,M041,HZL1,26113199,INR
5100007659,2025-11-08,,0000100140,M042,COR1,5099349,INR
5100007660,2023-02-15,,0000100040,M046,VAL1,7693875,INR
5100007661,2024-12-24,,0000100140,M039,VAL1,6831411,INR
5100007662,2025-07-31,,0000100116,M026,HZL1,11230753,INR
5100007663,2023-07-20,,0000100141,M046,COG1,9305781,INR
5100007664,2025-04-19,,0000100136,M041,VAL1,5328590,INR
5100007665,2023-02-17,,0000100158,M049,VAL1,813171,INR
5100007666,2023-03-28,,0000100116,M026,VAL1,59594685,INR
5100007667,2024-11-20,,0000100136,M025,VAL1,11268547,INR
5100007668,2025-01-24,,0000100141,M023,STC1,10976334,INR
5100007669,2025-08-08,,0000100097,M046,IOD1,2139825,INR
5100007670,2025-10-04,,0000100090,M048,IOD1,612069,INR
5100007671,2024-06-01,,0000100141,M024,IOD1,3873128,INR
5100007672,2025-08-28,,0000100097,M023,HZL1,2579594,INR
5100007673,2024-07-04,,0000100136,M022,HZL1,8819214,INR
5100007674,2023-09-27,,0000100136,M023,COG1,12200439,INR
5100007675,2025-12-11,,0000100158,M042,BAL1,1167233,INR
5100007676,2024-06-13,,0000100126,M025,BAL1,13404141,INR
5100007677,2023-09-23,,0000100141,M041,VAL1,33740870,INR
5100007678,2025-04-18,,0000100157,M041,IOD1,12902554,INR
5100007679,2024-03-24,,0000100116,M023,HZL1,16767657,INR
5100007680,2024-01-15,,0000100126,M021,BAL1,15610451,INR
5100007681,2023-02-03,,0000100097,M045,HZL1,7964068,INR
5100007682,2024-11-30,,0000100136,M023,IOD1,26088699,INR
5100007683,2023-11-14,,0000100097,M043,VAL1,4432573,INR
5100007684,2023-05-27,,0000100136,M050,VAL1,825353,INR
5100007685,2024-03-10,,0000100126,M021,BAL1,11700403,INR
5100007686,2024-12-24,,0000100158,M025,HZL1,10545430,INR
5100007687,2023-10-22,,0000100157,M021,BAL1,8576686,INR
5100007688,2023-11-01,,0000100141,M040,HZL1,9506115,INR
5100007689,2025-09-29,,0000100040,M040,VAL1,5575380,INR
5100007690,2023-12-29,,0000100140,M026,STC1,20743953,INR
5100007691,2025-10-08,,0000100141,M046,HZL1,2912001,INR
5100007692,2024-11-29,,0000100141,M043,HZL1,4547622,INR
5100007693,2024-08-17,,0000100158,M045,VAL1,1482572,INR
5100007694,2025-11-24,,0000100090,M022,VAL1,9849040,INR
5100007695,2025-06-25,,0000100157,M064,HZL1,770368,INR
5100007696,2025-01-21,,0000100090,M021,BAL1,8186653,INR
5100007697,2024-08-28,,0000100157,M043,STC1,6269623,INR
5100007698,2024-01-16,,0000100126,M052,STC1,5266602,INR
5100007699,2024-09-19,,0000100090,M046,IOD1,8607213,INR
5100007700,2024-03-11,,0000100040,M054,IOD1,5183088,INR
5100007701,2025-10-15,,0000100136,M039,COG1,99585342,INR
5100007702,2023-08-29,,0000100116,M046,STC1,18465584,INR
5100007703,2023-06-06,,0000100097,M024,COG1,10694127,INR
5100007704,2024-09-26,,0000100090,M064,STC1,598645,INR
5100007705,2024-02-06,,0000100040,M021,VAL1,7902571,INR
5100007706,2025-11-02,,0000100157,M042,IOD1,12728827,INR
5100007707,2023-05-02,,0000100158,M023,HZL1,12149693,INR
5100007708,2025-04-21,,0000100136,M052,HZL1,6673443,INR
5100007709,2024-11-03,,0000100141,M065,COG1,352101,INR
5100007710,2023-04-21,,0000100126,M040,COG1,13591107,INR
5100007711,2025-06-27,,0000100040,M025,HZL1,5371720,INR
5100007712,2023-08-11,,0000100040,M022,HZL1,22047408,INR
5100007713,2025-12-04,,0000100040,M021,HZL1,4722400,INR
5100007714,2024-12-29,,0000100158,M026,VAL1,3974642,INR
5100007715,2025-06-27,,0000100126,M045,STC1,5714291,INR
5100007716,2024-10-29,,0000100158,M045,IOD1,1604037,INR
5100007717,2025-10-30,,0000100140,M024,IOD1,8078758,INR
5100007718,2024-01-03,,0000100126,M041,HZL1,13302455,INR
5100007719,2024-06-14,,0000100040,M044,IOD1,13477289,INR
5100007720,2025-12-20,,0000100140,M026,BAL1,43228582,INR
5100007721,2025-05-13,,0000100136,M053,BAL1,12492614,INR
5100007722,2023-09-18,,0000100097,M041,VAL1,13662806,INR
5100007723,2024-06-12,,0000100097,M023,HZL1,11349579,INR
5100007724,2023-10-20,,0000100126,M045,VAL1,4568395,INR
5100007725,2023-02-11,,0000100158,M025,IOD1,15747098,INR
5100007726,2024-11-24,,0000100158,M040,COG1,11758593,INR
5100007727,2023-10-19,,0000100158,M040,BAL1,40603077,INR
5100007728,2024-01-24,,0000100140,M021,HZL1,31160399,INR
5100007729,2024-04-19,,0000100040,M023,STC1,4463372,INR
5100007730,2023-04-13,,0000100158,M050,VAL1,3270654,INR
5100007731,2024-05-16,,0000100090,M025,HZL1,13645436,INR
5100007732,2025-08-20,,0000100090,M063,HZL1,1415941,INR
5100007733,2024-12-09,,0000100126,M042,HZL1,7685022,INR
5100007734,2025-03-26,,0000100040,M044,STC1,28598895,INR
5100007735,2025-09-21,,0000100136,M048,STC1,1343931,INR
5100007736,2025-07-12,,0000100141,M021,VAL1,5933237,INR
5100007737,2023-07-29,,0000100140,M063,STC1,2740015,INR
5100007738,2025-01-25,,0000100158,M048,COG1,1322290,INR
5100007739,2024-03-19,,0000100141,M024,COG1,6341178,INR
5100007740,2023-08-18,,0000100090,M022,VAL1,12449067,INR
5100007741,2024-01-10,,0000100136,M021,STC1,11365983,INR
5100007742,2024-12-28,,0000100141,M021,IOD1,3269636,INR
5100007743,2023-09-07,,0000100141,M045,HZL1,3739231,INR
5100007744,2024-02-09,,0000100090,M063,HZL1,895975,INR
5100007745,2025-02-03,,0000100090,M054,HZL1,7054230,INR
5100007746,2024-11-20,,0000100116,M022,HZL1,10364932,INR
5100007747,2023-05-02,,0000100157,M025,VAL1,18942097,INR
5100007748,2025-10-15,,0000100158,M026,IOD1,25458239,INR
5100007749,2024-10-05,,0000100136,M063,HZL1,410333,INR
5100007750,2023-08-18,,0000100090,M021,BAL1,12466475,INR
5100007751,2023-07-26,,0000100090,M043,STC1,9400494,INR
5100007752,2025-07-07,,0000100140,M043,COG1,21179701,INR
5100007753,2024-06-05,,0000100141,M045,HZL1,20582843,INR
5100007754,2025-12-13,,0000100158,M023,HZL1,4863965,INR
5100007755,2025-11-17,,0000100090,M063,COR1,1218127,INR
5100007756,2024-07-02,,0000100157,M043,VAL1,5347590,INR
5100007757,2023-05-04,,0000100140,M021,IOD1,14173461,INR
5100007758,2025-07-06,,0000100136,M025,COG1,6056564,INR
5100007759,2024-06-23,,0000100116,M043,VAL1,1509025,INR
5100007760,2023-08-10,,0000100157,M048,VAL1,700321,INR
5100007761,2025-12-18,,0000100141,M026,COG1,8283780,INR
5100007762,2025-08-14,,0000100140,M048,BAL1,519914,INR
5100007763,2023-05-02,,0000100141,M039,HZL1,10194184,INR
5100007764,2024-07-07,,0000100136,M041,BAL1,16374565,INR
5100007765,2025-01-15,,0000100136,M050,STC1,1460025,INR
5100007766,2023-10-02,,0000100141,M024,VAL1,7611830,INR
5100007767,2024-12-07,,0000100126,M064,VAL1,952351,INR
5100007768,2025-03-02,,0000100157,M045,COG1,1720167,INR
5100007769,2025-11-20,,0000100141,M023,VAL1,25180652,INR
5100007770,2024-03-03,,0000100141,M039,HZL1,2020137,INR
5100007771,2025-04-05,,0000100158,M024,VAL1,38102612,INR
5100007772,2024-05-03,,0000100090,M021,VAL1,22431212,INR
5100007773,2025-10-31,,0000100116,M047,BAL1,528384,INR
5100007774,2024-05-09,,0000100136,M024,VAL1,11052313,INR
5100007775,2024-08-18,,0000100116,M053,HZL1,1772649,INR
5100007776,2025-08-15,,0000100157,M025,HZL1,21566373,INR
5100007777,2023-12-19,,0000100090,M021,COR1,13231184,INR
5100007778,2024-10-04,,0000100140,M044,HZL1,13481233,INR
5100007779,2025-07-06,,0000100157,M063,STC1,1419278,INR
5100007780,2024-10-16,,0000100158,M026,VAL1,52088699,INR
5100007781,2024-03-24,,0000100158,M023,BAL1,4521996,INR
5100007782,2024-04-26,,0000100126,M047,STC1,3385077,INR
5100007783,2025-01-18,,0000100141,M022,BAL1,23337422,INR
5100007784,2024-11-28,,0000100116,M046,VAL1,6526505,INR
5100007785,2025-04-21,,0000100136,M045,HZL1,2975471,INR
5100007786,2024-09-13,,0000100157,M063,BAL1,1274184,INR
5100007787,2024-02-21,,0000100157,M043,VAL1,16316562,INR
5100007788,2025-09-27,,0000100140,M021,HZL1,6397985,INR
5100007789,2023-08-17,,0000100097,M065,HZL1,1176836,INR
5100007790,2025-09-12,,0000100116,M021,HZL1,46722108,INR
5100007791,2025-03-06,,0000100157,M041,HZL1,56457406,INR
5100007792,2024-05-12,,0000100090,M024,IOD1,23697522,INR
5100007793,2025-08-19,,0000100126,M054,VAL1,11346768,INR
5100007794,2025-10-27,,0000100090,M043,HZL1,4983755,INR
5100007795,2025-04-09,,0000100116,M051,HZL1,5182309,INR
5100007796,2023-05-23,,0000100141,M065,COG1,846607,INR
5100007797,2024-11-17,,0000100126,M049,IOD1,3044637,INR
5100007798,2025-07-14,,0000100157,M048,HZL1,1212851,INR
5100007799,2024-07-07,,0000100157,M064,VAL1,561165,INR
5100007800,2025-04-08,,0000100141,M065,IOD1,383214,INR
5100007801,2025-07-08,,0000100158,M026,HZL1,21766768,INR
5100007802,2024-08-11,,0000100116,M026,HZL1,19052716,INR
5100007803,2024-03-03,,0000100116,M053,HZL1,8177789,INR
5100007804,2024-07-12,,0000100097,M064,HZL1,1127771,INR
5100007805,2025-06-14,,0000100097,M022,COR1,30892408,INR
5100007806,2024-09-23,,0000100141,M043,COG1,2885757,INR
5100007807,2025-06-29,,0000100157,M026,COG1,5545763,INR
5100007808,2025-08-16,,0000100157,M054,VAL1,12092573,INR
5100007809,2023-11-18,,0000100141,M026,HZL1,2633335,INR
5100007810,2023-02-06,,0000100126,M041,BAL1,5103824,INR
5100007811,2025-10-24,,0000100126,M023,BAL1,64396581,INR
5100007812,2024-05-23,,0000100140,M021,HZL1,7004397,INR
5100007813,2025-06-25,,0000100158,M045,HZL1,1367795,INR
5100007814,2025-06-10,,0000100097,M026,STC1,9526265,INR
5100007815,2024-02-27,,0000100158,M026,IOD1,7118097,INR
5100007816,2024-09-10,,0000100040,M044,STC1,2532238,INR
5100007817,2025-01-09,,0000100126,M047,HZL1,982134,INR
5100007818,2025-08-23,,0000100116,M025,HZL1,6732061,INR
5100007819,2023-02-09,,0000100141,M046,VAL1,11252854,INR
5100007820,2025-10-04,,0000100126,M026,COG1,5597829,INR
5100007821,2025-08-18,,0000100116,M043,VAL1,7279205,INR
5100007822,2025-10-18,,0000100040,M025,STC1,21493048,INR
5100007823,2025-05-02,,0000100040,M048,BAL1,1810560,INR
5100007824,2023-12-04,,0000100090,M044,VAL1,1035306,INR
5100007825,2024-06-28,,0000100158,M023,VAL1,7943625,INR
5100007826,2024-03-20,,0000100116,M039,BAL1,4081361,INR
5100007827,2024-07-26,,0000100158,M045,VAL1,4031381,INR
5100007828,2025-01-21,,0000100090,M025,HZL1,8969727,INR
5100007829,2024-04-27,,0000100141,M043,VAL1,7919987,INR
5100007830,2024-06-02,,0000100141,M065,VAL1,326951,INR
5100007831,2025-06-19,,0000100141,M021,STC1,8552136,INR
5100007832,2024-09-04,,0000100090,M043,VAL1,2886450,INR
5100007833,2025-11-19,,0000100090,M023,HZL1,11977910,INR
5100007834,2025-02-15,,0000100141,M026,BAL1,11974374,INR
5100007835,2025-10-11,,0000100116,M048,HZL1,1600892,INR
5100007836,2025-10-27,,0000100136,M023,VAL1,29201306,INR
5100007837,2023-09-17,,0000100141,M064,IOD1,764023,INR
5100007838,2025-01-18,,0000100090,M049,STC1,925111,INR
5100007839,2023-11-02,,0000100158,M040,BAL1,2825786,INR
5100007840,2025-07-05,,0000100090,M045,VAL1,2890382,INR
5100007841,2024-03-09,,0000100136,M025,HZL1,35540784,INR
5100007842,2025-11-16,,0000100040,M021,HZL1,2308994,INR
5100007843,2023-10-01,,0000100097,M022,VAL1,13001666,INR
5100007844,2023-08-15,,0000100097,M023,HZL1,19861273,INR
5100007845,2025-06-27,,0000100126,M040,HZL1,9724029,INR
5100007846,2025-09-22,,0000100040,M048,VAL1,476383,INR
5100007847,2024-05-22,,0000100157,M043,STC1,6763657,INR
5100007848,2024-04-30,,0000100090,M022,VAL1,36288068,INR
5100007849,2024-09-06,,0000100040,M063,VAL1,606857,INR
5100007850,2025-02-17,,0000100141,M039,COR1,56373491,INR
5100007851,2025-06-08,,0000100126,M039,STC1,1851963,INR
5100007852,2025-04-04,,0000100116,M050,COR1,957479,INR
5100007853,2023-07-13,,0000100136,M024,STC1,38023206,INR
5100007854,2023-10-07,,0000100140,M021,HZL1,6943535,INR
5100007855,2024-07-01,,0000100090,M026,HZL1,197259036,INR
5100007856,2024-08-07,,0000100158,M064,COG1,1927331,INR
5100007857,2023-12-14,,0000100116,M026,VAL1,21983303,INR
5100007858,2023-01-10,,0000100126,M048,BAL1,880620,INR
5100007859,2025-07-16,,0000100040,M025,HZL1,19528558,INR
5100007860,2023-08-17,,0000100040,M065,VAL1,1101692,INR
5100007861,2024-09-25,,0000100090,M021,VAL1,44586701,INR
5100007862,2023-02-06,,0000100136,M045,HZL1,9593276,INR
5100007863,2025-10-12,,0000100090,M054,VAL1,13956066,INR
5100007864,2025-10-07,,0000100040,M026,HZL1,23606959,INR
5100007865,2023-12-16,,0000100116,M022,HZL1,9087585,INR
5100007866,2024-05-10,,0000100116,M024,STC1,30273072,INR
5100007867,2025-06-20,,0000100090,M025,STC1,12425256,INR
5100007868,2025-03-27,,0000100157,M044,VAL1,8114452,INR
5100007869,2023-09-27,,0000100140,M026,HZL1,250000000,INR
5100007870,2024-08-26,,0000100157,M064,STC1,488865,INR
5100007871,2023-04-14,,0000100141,M065,HZL1,607071,INR
5100007872,2025-03-01,,0000100040,M063,BAL1,3000000,INR
5100007873,2023-01-25,,0000100136,M045,VAL1,1318145,INR
5100007874,2024-01-04,,0000100158,M026,HZL1,3046317,INR
5100007875,2025-12-06,,0000100090,M041,HZL1,15605866,INR
5100007876,2024-02-12,,0000100116,M041,IOD1,3514499,INR
5100007877,2024-07-20,,0000100158,M025,IOD1,22364346,INR
5100007878,2023-10-02,,0000100141,M024,COG1,4198186,INR
5100007879,2025-09-18,,0000100141,M040,COR1,8317403,INR
5100007880,2023-09-23,,0000100141,M044,COR1,2731017,INR
5100007881,2023-10-06,,0000100136,M025,HZL1,10068356,INR
5100007882,2025-05-16,,0000100140,M065,HZL1,1794019,INR
5100007883,2025-12-27,,0000100116,M044,VAL1,3888423,INR
5100007884,2025-09-30,,0000100040,M043,HZL1,2206859,INR
5100007885,2025-03-09,,0000100157,M041,COR1,14079414,INR
5100007886,2025-08-04,,0000100126,M021,VAL1,16931963,INR
5100007887,2023-09-21,,0000100097,M026,COG1,20402117,INR
5100007888,2023-04-06,,0000100116,M021,COG1,7712995,INR
5100007889,2024-03-20,,0000100040,M022,COG1,11594691,INR
5100007890,2024-11-26,,0000100090,M044,STC1,6883766,INR
5100007891,2025-08-13,,0000100141,M023,VAL1,8438539,INR
5100007892,2024-11-30,,0000100140,M063,BAL1,961533,INR
5100007893,2023-05-04,,0000100097,M040,COR1,8094075,INR
5100007894,2025-04-14,,0000100140,M044,STC1,20584973,INR
5100007895,2023-08-23,,0000100040,M024,VAL1,33601077,INR
5100007896,2025-06-12,,0000100090,M046,STC1,1150697,INR
5100007897,2025-03-03,,0000100116,M049,VAL1,1141434,INR
5100007898,2023-12-29,,0000100126,M023,VAL1,12180659,INR
5100007899,2025-12-18,,0000100040,M039,STC1,51650343,INR
5100007900,2023-02-16,,0000100040,M026,VAL1,44769371,INR
5100007901,2023-02-12,,0000100097,M050,HZL1,667745,INR
5100007902,2024-07-05,,0000100158,M042,HZL1,4902421,INR
5100007903,2025-04-22,,0000100090,M054,COG1,1211996,INR
5100007904,2024-09-03,,0000100140,M050,VAL1,616094,INR
5100007905,2024-09-22,,0000100090,M023,IOD1,11820501,INR
5100007906,2023-09-07,,0000100126,M045,HZL1,2438973,INR
5100007907,2025-09-02,,0000100157,M065,HZL1,1090296,INR
5100007908,2024-10-27,,0000100097,M026,VAL1,13886975,INR
5100007909,2024-10-15,,0000100090,M026,IOD1,24376125,INR
5100007910,2024-12-30,,0000100140,M024,HZL1,10211479,INR
5100007911,2023-08-06,,0000100090,M022,STC1,31334705,INR
5100007912,2024-11-22,,0000100157,M040,HZL1,2543491,INR
5100007913,2025-07-20,,0000100040,M053,HZL1,22463457,INR
5100007914,2023-07-03,,0000100157,M042,COG1,2606291,INR
5100007915,2024-05-19,,0000100116,M023,VAL1,1800353,INR
5100007916,2023-06-18,,0000100136,M023,VAL1,6728527,INR
5100007917,2025-12-26,,0000100136,M046,IOD1,4891883,INR
5100007918,2023-01-29,,0000100157,M021,COR1,19952907,INR
5100007919,2023-09-18,,0000100140,M023,HZL1,4111332,INR
5100007920,2023-02-18,,0000100097,M043,VAL1,2114733,INR
5100007921,2023-12-24,,0000100040,M050,VAL1,3285217,INR
5100007922,2023-08-08,,0000100090,M025,HZL1,9243556,INR
5100007923,2025-12-03,,0000100158,M063,VAL1,674053,INR
5100007924,2025-06-25,,0000100141,M026,HZL1,4139292,INR
5100007925,2023-08-20,,0000100141,M043,VAL1,4749104,INR
5100007926,2025-05-14,,0000100126,M041,HZL1,4835626,INR
5100007927,2024-05-23,,0000100158,M064,COG1,600594,INR
5100007928,2025-04-20,,0000100158,M042,VAL1,2865685,INR
5100007929,2023-06-19,,0000100116,M025,BAL1,11663733,INR
5100007930,2023-09-07,,0000100090,M022,STC1,22770118,INR
5100007931,2024-08-16,,0000100140,M023,COR1,7982690,INR
5100007932,2025-05-13,,0000100158,M025,HZL1,3461315,INR
5100007933,2023-05-07,,0000100040,M023,STC1,18714172,INR
5100007934,2023-04-14,,0000100116,M024,STC1,11568906,INR
5100007935,2025-10-10,,0000100090,M024,COG1,3952668,INR
5100007936,2024-12-30,,0000100040,M023,VAL1,9142000,INR
5100007937,2025-11-11,,0000100136,M046,STC1,7915355,INR
5100007938,2024-07-01,,0000100157,M043,VAL1,8393404,INR
5100007939,2025-04-26,,0000100097,M040,HZL1,7612402,INR
5100007940,2024-01-14,,0000100116,M044,STC1,23696860,INR
5100007941,2024-12-02,,0000100158,M043,VAL1,4073470,INR
5100007942,2023-02-03,,0000100136,M044,VAL1,15958815,INR
5100007943,2024-11-17,,0000100140,M026,STC1,4899543,INR
5100007944,2025-07-19,,0000100090,M026,VAL1,5117773,INR
5100007945,2023-06-01,,0000100097,M045,HZL1,8419236,INR
5100007946,2023-10-15,,0000100097,M064,STC1,1912138,INR
5100007947,2023-07-27,,0000100097,M045,BAL1,2989135,INR
5100007948,2024-11-15,,0000100090,M053,BAL1,5652798,INR
5100007949,2025-11-01,,0000100158,M021,HZL1,7013620,INR
5100007950,2024-06-27,,0000100141,M039,BAL1,11654630,INR
5100007951,2025-10-06,,0000100126,M045,HZL1,2060810,INR
5100007952,2025-01-15,,0000100040,M041,HZL1,10807033,INR
5100007953,2023-12-06,,0000100097,M047,COG1,2353466,INR
5100007954,2025-08-23,,0000100158,M021,COG1,10025946,INR
5100007955,2025-04-06,,0000100140,M026,IOD1,12703064,INR
5100007956,2025-06-16,,0000100158,M047,STC1,523120,INR
5100007957,2023-10-10,,0000100158,M026,STC1,6828849,INR
5100007958,2025-07-26,,0000100140,M053,HZL1,8673677,INR
5100007959,2024-12-23,,0000100116,M026,HZL1,45246738,INR
5100007960,2024-02-21,,0000100141,M065,HZL1,1828198,INR
5100007961,2023-05-19,,0000100136,M044,STC1,589919,INR
5100007962,2023-05-25,,0000100141,M063,COR1,222372,INR
5100007963,2025-03-14,,0000100097,M054,BAL1,6653407,INR
5100007964,2024-06-27,,0000100040,M025,HZL1,21148332,INR
5100007965,2023-01-15,,0000100136,M023,HZL1,15586692,INR
5100007966,2024-12-02,,0000100158,M064,COR1,110636,INR
5100007967,2025-08-10,,0000100097,M046,HZL1,2011405,INR
5100007968,2025-07-14,,0000100140,M043,BAL1,2990276,INR
5100007969,2025-11-09,,0000100040,M040,IOD1,4397549,INR
5100007970,2024-06-16,,0000100136,M023,BAL1,46396262,INR
5100007971,2024-07-02,,0000100116,M048,HZL1,966191,INR
5100007972,2024-10-05,,0000100141,M040,IOD1,20699773,INR
5100007973,2023-12-30,,0000100090,M026,HZL1,9252024,INR
5100007974,2025-01-28,,0000100141,M044,VAL1,13738469,INR
5100007975,2023-10-09,,0000100157,M041,BAL1,3660652,INR
5100007976,2025-08-02,,0000100136,M021,HZL1,41350724,INR
5100007977,2023-11-01,,0000100126,M063,BAL1,761285,INR
5100007978,2025-12-04,,0000100116,M042,VAL1,8231337,INR
5100007979,2024-07-30,,0000100136,M039,HZL1,8223246,INR
5100007980,2025-05-27,,0000100140,M024,IOD1,14283697,INR
5100007981,2023-09-02,,0000100097,M024,BAL1,3941035,INR
5100007982,2025-09-28,,0000100157,M025,VAL1,28485116,INR
5100007983,2024-06-16,,0000100097,M049,BAL1,1213362,INR
5100007984,2025-06-02,,0000100040,M024,HZL1,18857453,INR
5100007985,2025-08-22,,0000100158,M064,STC1,912745,INR
5100007986,2024-04-24,,0000100158,M022,STC1,23895719,INR
5100007987,2023-07-19,,0000100126,M024,COG1,21997117,INR
5100007988,2025-11-03,,0000100140,M022,STC1,10830222,INR
5100007989,2024-01-26,,0000100090,M021,STC1,2472135,INR
5100007990,2025-08-12,,0000100090,M025,COG1,15452905,INR
5100007991,2025-12-08,,0000100097,M044,BAL1,3648759,INR
5100007992,2023-10-30,,0000100140,M045,HZL1,7628814,INR
5100007993,2025-07-09,,0000100116,M024,HZL1,2627972,INR
5100007994,2023-04-05,,0000100157,M022,HZL1,14640969,INR
5100007995,2024-03-14,,0000100158,M048,BAL1,1923859,INR
5100007996,2025-11-05,,0000100158,M043,HZL1,4292823,INR
5100007997,2023-05-08,,0000100158,M026,STC1,17466374,INR
5100007998,2023-06-14,,0000100116,M025,COR1,24831546,INR
5100007999,2024-05-30,,0000100136,M046,BAL1,7657510,INR
5100008000,2025-10-02,,0000100136,M021,COG1,10304130,INR
5100008001,2025-03-13,,0000100158,M054,VAL1,47581140,INR
5100008002,2024-02-09,,0000100158,M026,VAL1,7367347,INR
5100008003,2025-12-14,,0000100157,M045,BAL1,4621045,INR
5100008004,2025-06-20,,0000100126,M022,BAL1,18568228,INR
5100008005,2023-12-31,,0000100126,M064,VAL1,1124985,INR
5100008006,2025-12-28,,0000100090,M040,VAL1,2347761,INR
5100008007,2024-10-26,,0000100141,M044,STC1,4662757,INR
5100008008,2023-01-08,,0000100158,M024,STC1,33603368,INR
5100008009,2023-09-18,,0000100116,M043,VAL1,7812438,INR
5100008010,2023-04-16,,0000100157,M021,HZL1,1514286,INR
5100008011,2023-06-04,,0000100158,M046,BAL1,1952766,INR
5100008012,2024-10-07,,0000100136,M040,BAL1,8869452,INR
5100008013,2023-07-16,,0000100040,M026,HZL1,63321874,INR
5100008014,2024-07-18,,0000100141,M065,HZL1,270383,INR
5100008015,2023-06-18,,0000100090,M022,HZL1,16095791,INR
5100008016,2023-03-07,,0000100097,M021,VAL1,13900697,INR
5100008017,2025-12-15,,0000100126,M026,HZL1,10635857,INR
5100008018,2023-04-20,,0000100157,M053,HZL1,2474269,INR
5100008019,2025-06-21,,0000100140,M063,STC1,771595,INR
5100008020,2023-08-06,,0000100141,M044,HZL1,5970390,INR
5100008021,2024-10-06,,0000100140,M039,COG1,5656012,INR
5100008022,2025-01-30,,0000100097,M025,HZL1,8039338,INR
5100008023,2024-01-14,,0000100141,M064,HZL1,858089,INR
5100008024,2024-12-31,,0000100141,M039,IOD1,3667265,INR
5100008025,2023-06-30,,0000100040,M021,COG1,1823790,INR
5100008026,2023-08-25,,0000100157,M022,HZL1,9212315,INR
5100008027,2025-04-06,,0000100140,M026,VAL1,24542130,INR
5100008028,2024-10-18,,0000100116,M048,STC1,655743,INR
5100008029,2023-08-23,,0000100097,M050,COG1,852120,INR
5100008030,2024-08-30,,0000100097,M025,HZL1,3972070,INR
5100008031,2023-09-18,,0000100040,M024,COG1,17025864,INR
5100008032,2023-07-07,,0000100097,M039,HZL1,13458262,INR
5100008033,2023-12-21,,0000100136,M046,STC1,3156969,INR
5100008034,2023-04-25,,0000100097,M045,STC1,2032401,INR
5100008035,2024-02-14,,0000100140,M053,HZL1,37038187,INR
5100008036,2023-03-28,,0000100116,M064,HZL1,379785,INR
5100008037,2025-07-09,,0000100136,M052,VAL1,6018190,INR
5100008038,2023-09-18,,0000100157,M045,VAL1,8322264,INR
5100008039,2024-11-10,,0000100141,M023,IOD1,11430391,INR
5100008040,2025-03-13,,0000100158,M021,VAL1,12407464,INR
5100008041,2025-07-03,,0000100116,M044,HZL1,2589327,INR
5100008042,2025-10-08,,0000100116,M052,VAL1,30224692,INR
5100008043,2024-12-18,,0000100126,M043,VAL1,1529952,INR
5100008044,2023-06-27,,0000100158,M049,HZL1,286214,INR
5100008045,2025-12-27,,0000100040,M041,COR1,5010377,INR
5100008046,2023-07-05,,0000100136,M051,BAL1,5386546,INR
5100008047,2025-02-24,,0000100157,M025,IOD1,10083882,INR
5100008048,2025-11-30,,0000100126,M021,VAL1,8281465,INR
5100008049,2023-02-12,,0000100097,M042,HZL1,21051913,INR
5100008050,2024-07-12,,0000100136,M047,HZL1,1967454,INR
5100008051,2025-03-26,,0000100141,M047,STC1,1577040,INR
5100008052,2025-11-30,,0000100158,M025,BAL1,9930492,INR
5100008053,2025-01-23,,0000100158,M021,VAL1,13775826,INR
5100008054,2025-08-28,,0000100090,M023,COG1,3977160,INR
5100008055,2023-09-20,,0000100040,M021,STC1,15129955,INR
5100008056,2024-03-11,,0000100040,M051,VAL1,28696731,INR
5100008057,2024-12-28,,0000100126,M043,BAL1,8256808,INR
5100008058,2023-02-15,,0000100090,M023,BAL1,36451075,INR
5100008059,2023-08-03,,0000100040,M043,BAL1,691788,INR
5100008060,2024-06-14,,0000100136,M050,VAL1,299279,INR
5100008061,2025-12-23,,0000100140,M041,VAL1,42893444,INR
5100008062,2025-12-09,,0000100040,M026,VAL1,16874416,INR
5100008063,2025-03-27,,0000100090,M045,HZL1,3257172,INR
5100008064,2025-04-19,,0000100090,M040,HZL1,2129107,INR
5100008065,2025-11-03,,0000100097,M054,VAL1,42253048,INR
5100008066,2025-06-13,,0000100140,M023,HZL1,6223863,INR
5100008067,2025-11-11,,0000100157,M025,COG1,15565013,INR
5100008068,2023-09-06,,0000100097,M023,IOD1,34403769,INR
5100008069,2025-07-13,,0000100097,M026,HZL1,3433013,INR
5100008070,2024-03-24,,0000100141,M042,IOD1,21371522,INR
5100008071,2025-03-08,,0000100157,M063,IOD1,158626,INR
5100008072,2023-07-21,,0000100141,M025,STC1,18561859,INR
5100008073,2024-09-21,,0000100097,M041,HZL1,10355920,INR
5100008074,2024-06-16,,0000100157,M022,HZL1,30357900,INR
5100008075,2024-01-06,,0000100140,M040,COG1,10016552,INR
5100008076,2024-05-18,,0000100157,M046,COG1,4782425,INR
5100008077,2025-04-01,,0000100040,M045,VAL1,5140540,INR
5100008078,2023-04-29,,0000100141,M043,COG1,9650530,INR
5100008079,2025-09-11,,0000100126,M024,STC1,10163772,INR
5100008080,2024-11-27,,0000100040,M043,VAL1,2758056,INR
5100008081,2023-05-14,,0000100157,M042,HZL1,6967891,INR
5100008082,2024-10-10,,0000100136,M042,BAL1,7354348,INR
5100008083,2023-10-18,,0000100116,M045,BAL1,9507230,INR
5100008084,2024-08-26,,0000100141,M041,COG1,22003174,INR
5100008085,2023-05-11,,0000100116,M023,IOD1,8103736,INR
5100008086,2023-07-23,,0000100097,M040,HZL1,9052440,INR
5100008087,2023-04-22,,0000100126,M064,HZL1,1108867,INR
5100008088,2024-01-16,,0000100157,M049,STC1,857604,INR
5100008089,2024-08-22,,0000100126,M051,VAL1,25855886,INR
5100008090,2025-08-02,,0000100040,M053,HZL1,14039532,INR
5100008091,2025-11-14,,0000100158,M039,IOD1,17959150,INR
5100008092,2024-05-18,,0000100097,M026,STC1,18098956,INR
5100008093,2024-01-11,,0000100140,M025,HZL1,5573388,INR
5100008094,2024-04-29,,0000100157,M025,HZL1,36908332,INR
5100008095,2025-08-20,,0000100158,M039,VAL1,15758251,INR
5100008096,2025-04-04,,0000100090,M043,HZL1,8434926,INR
5100008097,2023-12-26,,0000100126,M039,VAL1,2598458,INR
5100008098,2024-01-16,,0000100126,M025,BAL1,4100104,INR
5100008099,2023-08-21,,0000100126,M022,HZL1,30212048,INR
5100008100,2024-12-09,,0000100116,M063,HZL1,354305,INR
5100008101,2024-06-05,,0000100126,M044,STC1,1880456,INR
5100008102,2023-06-13,,0000100097,M022,COR1,9840606,INR
5100008103,2023-09-28,,0000100140,M049,STC1,388826,INR
5100008104,2025-05-16,,0000100158,M026,HZL1,6834789,INR
5100008105,2025-05-19,,0000100097,M026,COG1,21776806,INR
5100008106,2023-04-09,,0000100158,M048,VAL1,1157357,INR
5100008107,2025-05-09,,0000100097,M021,BAL1,24210903,INR
5100008108,2025-11-12,,0000100158,M045,BAL1,11449198,INR
5100008109,2023-12-14,,0000100040,M021,VAL1,18848050,INR
5100008110,2025-07-12,,0000100140,M047,COG1,1827474,INR
5100008111,2025-02-26,,0000100157,M022,BAL1,3920835,INR
5100008112,2025-10-11,,0000100116,M039,VAL1,3096312,INR
5100008113,2024-05-29,,0000100040,M025,VAL1,10877137,INR
5100008114,2025-03-25,,0000100040,M043,IOD1,1780630,INR
5100008115,2023-07-16,,0000100040,M023,IOD1,5618975,INR
5100008116,2024-06-21,,0000100090,M023,HZL1,18122290,INR
5100008117,2024-03-16,,0000100158,M022,STC1,24699767,INR
5100008118,2025-09-17,,0000100140,M021,BAL1,6030799,INR
5100008119,2024-04-18,,0000100141,M053,VAL1,22650959,INR
5100008120,2024-05-23,,0000100116,M026,VAL1,14947539,INR
5100008121,2024-05-18,,0000100141,M026,VAL1,3706614,INR
5100008122,2023-06-21,,0000100141,M040,IOD1,9522989,INR
5100008123,2025-05-07,,0000100158,M026,HZL1,6257409,INR
5100008124,2025-08-06,,0000100158,M042,HZL1,2733404,INR
5100008125,2025-11-23,,0000100116,M024,COR1,8569189,INR
5100008126,2024-06-05,,0000100116,M044,BAL1,1049725,INR
5100008127,2025-10-06,,0000100090,M041,VAL1,12650565,INR
5100008128,2025-09-26,,0000100116,M041,VAL1,16507877,INR
5100008129,2024-07-10,,0000100136,M025,COG1,14494582,INR
5100008130,2025-08-26,,0000100097,M045,STC1,2768045,INR
5100008131,2024-12-30,,0000100126,M025,HZL1,74030654,INR
5100008132,2024-08-22,,0000100140,M046,COR1,3719156,INR
5100008133,2023-03-04,,0000100157,M048,VAL1,1569028,INR
5100008134,2024-12-06,,0000100040,M023,COG1,17015509,INR
5100008135,2025-02-04,,0000100040,M021,HZL1,4983015,INR
5100008136,2023-06-08,,0000100136,M046,STC1,1340171,INR
5100008137,2025-08-06,,0000100126,M042,VAL1,4144947,INR
5100008138,2024-10-17,,0000100140,M023,HZL1,35301380,INR
5100008139,2023-05-05,,0000100141,M064,COG1,650263,INR
5100008140,2023-02-11,,0000100040,M040,IOD1,50456756,INR
5100008141,2024-08-04,,0000100136,M044,HZL1,3218191,INR
5100008142,2023-09-29,,0000100116,M053,COG1,13818460,INR
5100008143,2024-02-19,,0000100126,M023,VAL1,18805474,INR
5100008144,2024-02-05,,0000100157,M023,HZL1,17842954,INR
5100008145,2024-12-15,,0000100136,M063,HZL1,1473524,INR
5100008146,2025-09-20,,0000100040,M045,IOD1,2795089,INR
5100008147,2023-04-22,,0000100157,M021,VAL1,4683229,INR
5100008148,2025-10-01,,0000100126,M043,BAL1,11593918,INR
5100008149,2025-02-28,,0000100097,M065,VAL1,511317,INR
5100008150,2023-05-25,,0000100158,M053,VAL1,85165018,INR
5100008151,2024-07-14,,0000100136,M023,HZL1,7112738,INR
5100008152,2024-07-03,,0000100090,M043,HZL1,17205942,INR
5100008153,2024-08-26,,0000100097,M021,BAL1,9624173,INR
5100008154,2024-12-07,,0000100136,M025,HZL1,80190114,INR
5100008155,2025-12-03,,0000100157,M045,VAL1,8317870,INR
5100008156,2024-03-27,,0000100126,M041,STC1,5350228,INR
5100008157,2024-05-29,,0000100136,M047,COR1,707119,INR
5100008158,2024-11-09,,0000100090,M042,COG1,19343810,INR
5100008159,2025-05-18,,0000100040,M065,HZL1,3000000,INR
5100008160,2023-08-23,,0000100116,M065,HZL1,497655,INR
5100008161,2025-07-02,,0000100158,M045,HZL1,1698759,INR
5100008162,2024-03-13,,0000100140,M022,VAL1,27732691,INR
5100008163,2025-04-17,,0000100090,M024,STC1,3990488,INR
5100008164,2024-09-03,,0000100040,M065,HZL1,289532,INR
5100008165,2024-11-09,,0000100090,M026,HZL1,75417117,INR
5100008166,2024-01-11,,0000100158,M023,VAL1,2358358,INR
5100008167,2024-02-24,,0000100141,M043,COG1,15229501,INR
5100008168,2024-04-15,,0000100097,M023,STC1,4995194,INR
5100008169,2025-04-12,,0000100157,M064,VAL1,894666,INR
5100008170,2024-05-20,,0000100136,M045,STC1,1181110,INR
5100008171,2023-06-17,,0000100090,M046,IOD1,6814271,INR
5100008172,2023-08-01,,0000100116,M064,HZL1,279638,INR
5100008173,2024-11-06,,0000100158,M022,BAL1,8283277,INR
5100008174,2025-07-08,,0000100090,M022,VAL1,21285481,INR
5100008175,2024-07-06,,0000100157,M045,HZL1,3988354,INR
5100008176,2025-08-12,,0000100157,M063,BAL1,253395,INR
5100008177,2025-11-18,,0000100040,M050,HZL1,276245,INR
5100008178,2025-10-19,,0000100141,M063,HZL1,1352907,INR
5100008179,2025-09-16,,0000100126,M042,VAL1,25308525,INR
5100008180,2025-02-26,,0000100097,M041,COR1,6518192,INR
5100008181,2025-01-12,,0000100140,M041,HZL1,11807580,INR
5100008182,2024-07-07,,0000100141,M047,COR1,953694,INR
5100008183,2023-11-22,,0000100040,M048,HZL1,2705947,INR
5100008184,2024-08-22,,0000100097,M024,HZL1,12912224,INR
5100008185,2024-08-19,,0000100157,M022,HZL1,9445265,INR
5100008186,2024-05-31,,0000100090,M045,HZL1,15147878,INR
5100008187,2024-04-30,,0000100126,M065,BAL1,1661075,INR
5100008188,2024-11-18,,0000100136,M022,COG1,18283412,INR
5100008189,2024-12-30,,0000100136,M025,COR1,2601069,INR
5100008190,2023-05-07,,0000100097,M024,HZL1,6423138,INR
5100008191,2023-12-28,,0000100090,M040,COG1,18694640,INR
5100008192,2024-01-17,,0000100158,M023,STC1,59672926,INR
5100008193,2025-10-19,,0000100140,M025,VAL1,14078825,INR
5100008194,2025-02-25,,0000100141,M039,HZL1,19521106,INR
5100008195,2024-12-13,,0000100157,M044,VAL1,4056821,INR
5100008196,2023-03-22,,0000100158,M046,HZL1,3241014,INR
5100008197,2025-02-15,,0000100097,M051,VAL1,15847167,INR
5100008198,2025-05-10,,0000100126,M046,HZL1,1276798,INR
5100008199,2025-12-05,,0000100157,M024,HZL1,6682885,INR
5100008200,2025-01-15,,0000100097,M044,HZL1,4999915,INR
5100008201,2025-01-22,,0000100126,M025,HZL1,11440465,INR
5100008202,2025-05-02,,0000100097,M049,IOD1,675710,INR
5100008203,2023-05-24,,0000100040,M026,HZL1,41060761,INR
5100008204,2024-01-22,,0000100140,M025,VAL1,3504263,INR
5100008205,2025-01-20,,0000100157,M022,BAL1,5989262,INR
5100008206,2023-11-09,,0000100097,M022,HZL1,14100983,INR
5100008207,2024-02-04,,0000100136,M025,VAL1,8024118,INR
5100008208,2025-06-24,,0000100116,M065,BAL1,566455,INR
5100008209,2025-05-16,,0000100141,M023,HZL1,16578357,INR
5100008210,2023-11-03,,0000100116,M064,HZL1,2273168,INR
5100008211,2025-10-03,,0000100141,M064,BAL1,1069098,INR
5100008212,2024-09-14,,0000100116,M022,STC1,12566935,INR
5100008213,2025-02-03,,0000100097,M043,VAL1,5955888,INR
5100008214,2025-02-07,,0000100126,M022,VAL1,1934687,INR
5100008215,2025-08-22,,0000100158,M047,HZL1,487370,INR
5100008216,2025-07-14,,0000100040,M040,HZL1,4248623,INR
5100008217,2025-08-16,,0000100097,M054,HZL1,14194260,INR
5100008218,2023-11-28,,0000100158,M022,COR1,7264419,INR
5100008219,2023-05-31,,0000100140,M050,HZL1,269268,INR
5100008220,2025-03-12,,0000100126,M026,VAL1,20090719,INR
5100008221,2024-06-18,,0000100090,M046,IOD1,1025315,INR
5100008222,2024-09-11,,0000100136,M024,VAL1,12333900,INR
5100008223,2024-09-01,,0000100040,M064,STC1,198431,INR
5100008224,2023-11-03,,0000100116,M040,IOD1,8192529,INR
5100008225,2024-04-18,,0000100157,M026,COG1,11274388,INR
5100008226,2025-09-06,,0000100158,M026,STC1,11390535,INR
5100008227,2024-05-21,,0000100158,M041,HZL1,13261894,INR
5100008228,2024-06-17,,0000100157,M049,STC1,5000000,INR
5100008229,2024-05-03,,0000100158,M063,HZL1,200158,INR
5100008230,2024-08-06,,0000100116,M022,COG1,22467660,INR
5100008231,2023-08-17,,0000100116,M040,VAL1,13336612,INR
5100008232,2024-03-23,,0000100090,M053,BAL1,5360468,INR
5100008233,2025-09-23,,0000100136,M049,IOD1,2968080,INR
5100008234,2025-10-27,,0000100097,M045,BAL1,974240,INR
5100008235,2024-06-12,,0000100158,M021,STC1,1447112,INR
5100008236,2024-03-26,,0000100157,M022,COG1,4392163,INR
5100008237,2024-03-12,,0000100116,M023,HZL1,17321638,INR
5100008238,2024-03-22,,0000100157,M063,VAL1,408778,INR
5100008239,2025-03-28,,0000100126,M047,VAL1,3751414,INR
5100008240,2024-01-08,,0000100126,M046,COR1,1493752,INR
5100008241,2024-06-14,,0000100097,M023,VAL1,14060176,INR
5100008242,2025-08-15,,0000100136,M044,BAL1,3616149,INR
5100008243,2024-01-09,,0000100141,M023,HZL1,37736616,INR
5100008244,2025-09-06,,0000100158,M064,VAL1,251971,INR
5100008245,2025-03-11,,0000100126,M023,HZL1,7611129,INR
5100008246,2025-02-20,,0000100140,M042,VAL1,16933798,INR
5100008247,2024-10-17,,0000100157,M063,VAL1,807636,INR
5100008248,2025-07-08,,0000100090,M021,HZL1,17699679,INR
5100008249,2024-12-18,,0000100157,M024,HZL1,31112377,INR
5100008250,2025-05-09,,0000100136,M045,BAL1,2749183,INR
5100008251,2023-09-20,,0000100140,M047,STC1,1067585,INR
5100008252,2024-04-22,,0000100116,M064,VAL1,447712,INR
5100008253,2025-09-08,,0000100126,M025,VAL1,19236311,INR
5100008254,2024-07-11,,0000100090,M048,VAL1,966303,INR
5100008255,2024-06-30,,0000100097,M024,HZL1,21765650,INR
5100008256,2023-03-02,,0000100140,M065,VAL1,378695,INR
5100008257,2025-01-21,,0000100140,M049,COG1,853091,INR
5100008258,2023-07-01,,0000100090,M025,HZL1,33016380,INR
5100008259,2024-05-19,,0000100097,M042,BAL1,3861927,INR
5100008260,2025-08-05,,0000100158,M024,IOD1,9594548,INR
5100008261,2024-01-27,,0000100040,M065,HZL1,169400,INR
5100008262,2023-12-03,,0000100126,M022,COG1,27814829,INR
5100008263,2023-12-29,,0000100126,M026,HZL1,11814262,INR
5100008264,2025-06-30,,0000100126,M026,HZL1,3611830,INR
5100008265,2023-09-25,,0000100157,M040,HZL1,31762266,INR
5100008266,2025-06-16,,0000100090,M050,VAL1,410253,INR
5100008267,2025-02-19,,0000100140,M025,BAL1,21985174,INR
5100008268,2023-06-14,,0000100040,M040,COR1,3819160,INR
5100008269,2024-04-20,,0000100126,M041,IOD1,3726923,INR
5100008270,2024-01-31,,0000100140,M026,BAL1,33865726,INR
5100008271,2024-10-22,,0000100158,M045,HZL1,11600254,INR
5100008272,2024-05-30,,0000100136,M045,HZL1,4587809,INR
5100008273,2024-02-02,,0000100126,M025,VAL1,13943660,INR
5100008274,2023-05-10,,0000100157,M022,HZL1,6215977,INR
5100008275,2023-02-25,,0000100158,M041,STC1,4589015,INR
5100008276,2024-03-03,,0000100158,M039,HZL1,2446070,INR
5100008277,2025-09-08,,0000100136,M065,COG1,232681,INR
5100008278,2024-12-10,,0000100090,M025,COG1,13857087,INR
5100008279,2023-12-14,,0000100126,M021,BAL1,15449055,INR
5100008280,2025-08-19,,0000100141,M042,STC1,1675149,INR
5100008281,2025-09-19,,0000100140,M064,IOD1,823000,INR
5100008282,2025-04-08,,0000100040,M040,HZL1,2590449,INR
5100008283,2024-08-26,,0000100116,M053,BAL1,7028472,INR
5100008284,2025-04-05,,0000100097,M026,VAL1,26130637,INR
5100008285,2023-07-10,,0000100097,M048,STC1,2704355,INR
5100008286,2024-03-10,,0000100141,M024,HZL1,15169639,INR
5100008287,2024-06-25,,0000100157,M026,HZL1,2394166,INR
5100008288,2025-06-12,,0000100141,M040,COR1,6114882,INR
5100008289,2023-01-23,,0000100126,M021,IOD1,10895759,INR
5100008290,2025-01-27,,0000100126,M026,HZL1,21182169,INR
5100008291,2024-08-11,,0000100157,M023,VAL1,42588391,INR
5100008292,2025-11-09,,0000100097,M026,COR1,9371337,INR
5100008293,2023-03-08,,0000100097,M045,HZL1,10630520,INR
5100008294,2025-01-12,,0000100136,M065,STC1,358807,INR
5100008295,2025-03-22,,0000100090,M039,VAL1,2758080,INR
5100008296,2024-09-10,,0000100090,M022,HZL1,6692287,INR
5100008297,2024-10-19,,0000100097,M021,COG1,14760032,INR
5100008298,2024-04-13,,0000100116,M041,BAL1,4242972,INR
5100008299,2024-10-10,,0000100090,M022,HZL1,4714527,INR
5100008300,2023-04-18,,0000100090,M025,HZL1,4789339,INR
5100008301,2025-05-16,,0000100126,M048,COG1,1223317,INR
5100008302,2024-06-11,,0000100116,M043,STC1,16110444,INR
5100008303,2023-08-12,,0000100158,M023,HZL1,17142336,INR
5100008304,2024-05-24,,0000100090,M044,HZL1,4910061,INR
5100008305,2025-09-01,,0000100090,M039,VAL1,16335315,INR
5100008306,2024-01-21,,0000100158,M045,VAL1,10023633,INR
5100008307,2023-07-02,,0000100097,M046,HZL1,5027137,INR
5100008308,2024-07-18,,0000100140,M025,STC1,10495770,INR
5100008309,2023-02-20,,0000100158,M049,BAL1,190572,INR
5100008310,2025-01-13,,0000100116,M048,VAL1,559988,INR
5100008311,2025-08-23,,0000100140,M047,BAL1,780913,INR
5100008312,2025-08-01,,0000100140,M025,BAL1,14668975,INR
5100008313,2023-08-11,,0000100097,M024,IOD1,14983716,INR
5100008314,2023-04-26,,0000100158,M025,VAL1,8593487,INR
5100008315,2025-02-13,,0000100136,M022,STC1,13700261,INR
5100008316,2025-08-04,,0000100116,M046,STC1,27287148,INR
5100008317,2024-03-12,,0000100126,M044,COR1,2112636,INR
5100008318,2024-11-28,,0000100097,M026,STC1,64302248,INR
5100008319,2025-06-24,,0000100157,M045,STC1,3159161,INR
5100008320,2024-05-18,,0000100040,M047,COG1,234347,INR
5100008321,2024-08-13,,0000100116,M026,IOD1,6975689,INR
5100008322,2024-09-29,,0000100097,M065,VAL1,684554,INR
5100008323,2025-10-23,,0000100090,M051,VAL1,7880509,INR
5100008324,2024-11-24,,0000100126,M064,STC1,1027583,INR
5100008325,2025-07-24,,0000100040,M065,HZL1,163465,INR
5100008326,2024-10-15,,0000100097,M022,IOD1,34085510,INR
5100008327,2023-03-17,,0000100126,M023,VAL1,12060819,INR
5100008328,2024-11-10,,0000100141,M051,HZL1,22888848,INR
5100008329,2023-05-25,,0000100097,M048,HZL1,1364945,INR
5100008330,2025-03-27,,0000100140,M025,VAL1,5896995,INR
5100008331,2023-11-02,,0000100040,M065,HZL1,102625,INR
5100008332,2023-09-25,,0000100136,M026,HZL1,73575772,INR
5100008333,2025-12-14,,0000100136,M022,HZL1,31848619,INR
5100008334,2024-10-01,,0000100140,M064,BAL1,826508,INR
5100008335,2025-12-29,,0000100116,M026,VAL1,9643129,INR
5100008336,2024-01-12,,0000100126,M045,VAL1,2679046,INR
5100008337,2025-11-03,,0000100040,M050,IOD1,330824,INR
5100008338,2023-07-02,,0000100090,M063,COG1,3000000,INR
5100008339,2024-02-25,,0000100140,M022,BAL1,12598272,INR
5100008340,2025-10-23,,0000100140,M049,HZL1,2879543,INR
5100008341,2025-01-10,,0000100141,M049,HZL1,1509425,INR
5100008342,2025-10-10,,0000100090,M064,VAL1,468869,INR
5100008343,2023-03-14,,0000100097,M064,BAL1,1226729,INR
5100008344,2024-02-12,,0000100097,M025,HZL1,8934015,INR
5100008345,2023-12-02,,0000100158,M041,STC1,4404905,INR
5100008346,2023-06-24,,0000100097,M026,VAL1,14170367,INR
5100008347,2024-08-19,,0000100140,M025,HZL1,35824217,INR
5100008348,2025-10-09,,0000100158,M023,VAL1,5929624,INR
5100008349,2024-08-21,,0000100116,M049,HZL1,1251624,INR
5100008350,2023-05-01,,0000100158,M049,STC1,795643,INR
5100008351,2023-05-31,,0000100090,M040,STC1,1382470,INR
5100008352,2025-05-16,,0000100140,M023,IOD1,29790816,INR
5100008353,2023-10-04,,0000100136,M022,HZL1,13978997,INR
5100008354,2023-08-28,,0000100136,M054,BAL1,32163470,INR
5100008355,2024-07-23,,0000100157,M053,STC1,16851548,INR
5100008356,2025-06-24,,0000100040,M042,HZL1,27648026,INR
5100008357,2024-09-16,,0000100126,M026,COG1,6467033,INR
5100008358,2024-01-02,,0000100136,M023,HZL1,2479288,INR
5100008359,2023-09-27,,0000100116,M047,HZL1,1474377,INR
5100008360,2025-08-16,,0000100090,M025,BAL1,14726714,INR
5100008361,2025-04-15,,0000100126,M026,VAL1,13790850,INR
5100008362,2023-01-11,,0000100090,M025,VAL1,9015843,INR
5100008363,2024-06-05,,0000100097,M023,COG1,6268663,INR
5100008364,2024-04-24,,0000100140,M063,HZL1,378538,INR
5100008365,2024-11-01,,0000100136,M045,BAL1,5050668,INR
5100008366,2025-01-14,,0000100126,M023,STC1,19103449,INR
5100008367,2025-04-14,,0000100157,M026,HZL1,10405751,INR
5100008368,2024-04-03,,0000100157,M041,HZL1,47260587,INR
5100008369,2024-01-28,,0000100126,M065,HZL1,1046853,INR
5100008370,2025-12-22,,0000100136,M046,IOD1,18438494,INR
5100008371,2023-11-02,,0000100141,M045,BAL1,1093007,INR
5100008372,2023-09-29,,0000100126,M040,STC1,2828769,INR
5100008373,2023-10-04,,0000100158,M021,HZL1,36102931,INR
5100008374,2024-01-12,,0000100140,M063,STC1,438259,INR
5100008375,2024-01-30,,0000100090,M023,HZL1,15106029,INR
5100008376,2025-02-22,,0000100158,M024,HZL1,11513227,INR
5100008377,2025-09-15,,0000100141,M023,BAL1,7241337,INR
5100008378,2025-08-08,,0000100136,M044,BAL1,3746935,INR
5100008379,2025-06-16,,0000100116,M040,COG1,8114497,INR
5100008380,2023-09-18,,0000100140,M025,HZL1,3552484,INR
5100008381,2025-11-28,,0000100157,M065,VAL1,790345,INR
5100008382,2023-05-23,,0000100126,M023,VAL1,21096538,INR
5100008383,2023-09-30,,0000100090,M026,HZL1,13631316,INR
5100008384,2023-02-05,,0000100158,M047,COR1,581989,INR
5100008385,2025-08-02,,0000100040,M065,HZL1,501517,INR
5100008386,2025-04-07,,0000100141,M040,IOD1,4073764,INR
5100008387,2025-02-21,,0000100136,M021,HZL1,39536100,INR
5100008388,2024-12-14,,0000100136,M065,VAL1,1965462,INR
5100008389,2024-01-06,,0000100040,M026,STC1,12782873,INR
5100008390,2025-02-14,,0000100040,M023,HZL1,7167528,INR
5100008391,2023-08-07,,0000100158,M039,VAL1,5844654,INR
5100008392,2024-10-12,,0000100097,M039,BAL1,13460538,INR
5100008393,2024-07-07,,0000100116,M063,HZL1,1282960,INR
5100008394,2024-09-17,,0000100090,M040,BAL1,3563313,INR
5100008395,2023-01-15,,0000100141,M044,STC1,3809044,INR
5100008396,2025-11-30,,0000100090,M021,STC1,4390706,INR
5100008397,2023-07-04,,0000100136,M045,COG1,3863594,INR
5100008398,2024-12-10,,0000100140,M065,STC1,793600,INR
5100008399,2024-12-25,,0000100136,M024,STC1,5021632,INR
5100008400,2024-08-21,,0000100116,M021,HZL1,20860026,INR
5100008401,2024-03-21,,0000100040,M026,IOD1,20228282,INR
5100008402,2024-12-03,,0000100141,M043,VAL1,4307449,INR
5100008403,2023-10-30,,0000100140,M044,HZL1,5347351,INR
5100008404,2025-01-12,,0000100097,M045,HZL1,2502522,INR
5100008405,2025-06-23,,0000100126,M053,HZL1,31822367,INR
5100008406,2025-06-13,,0000100116,M043,BAL1,1239788,INR
5100008407,2025-04-23,,0000100136,M042,COR1,3057543,INR
5100008408,2025-10-20,,0000100140,M064,BAL1,579959,INR
5100008409,2024-03-25,,0000100116,M042,COG1,25934986,INR
5100008410,2024-01-04,,0000100141,M053,COG1,2721995,INR
5100008411,2024-03-03,,0000100140,M064,HZL1,692786,INR
5100008412,2024-09-12,,0000100140,M051,VAL1,9012967,INR
5100008413,2024-08-22,,0000100140,M024,IOD1,47975547,INR
5100008414,2025-03-12,,0000100157,M040,HZL1,6304093,INR
5100008415,2024-07-15,,0000100040,M023,COR1,26898481,INR
5100008416,2024-06-11,,0000100158,M021,STC1,20246790,INR
5100008417,2023-12-09,,0000100116,M047,VAL1,1877188,INR
5100008418,2025-12-03,,0000100090,M039,HZL1,7035203,INR
5100008419,2024-01-04,,0000100136,M025,BAL1,68030156,INR
5100008420,2025-02-06,,0000100141,M044,STC1,7494273,INR
5100008421,2025-03-23,,0000100136,M021,COG1,3300547,INR
5100008422,2024-09-06,,0000100136,M053,HZL1,4516908,INR
5100008423,2024-11-06,,0000100136,M026,VAL1,10007152,INR
5100008424,2025-09-28,,0000100126,M046,HZL1,6838369,INR
5100008425,2023-10-17,,0000100157,M044,COR1,5144413,INR
5100008426,2024-04-09,,0000100136,M045,HZL1,1348096,INR
5100008427,2025-10-04,,0000100157,M044,VAL1,4469892,INR
5100008428,2024-11-23,,0000100040,M063,BAL1,300053,INR
5100008429,2025-06-13,,0000100158,M044,HZL1,1796930,INR
5100008430,2023-05-13,,0000100158,M040,STC1,5304452,INR
5100008431,2024-10-04,,0000100097,M022,VAL1,35505601,INR
5100008432,2025-07-28,,0000100136,M046,HZL1,5876068,INR
5100008433,2025-04-10,,0000100157,M021,VAL1,62827618,INR
5100008434,2023-02-17,,0000100141,M042,HZL1,2393859,INR
5100008435,2025-07-19,,0000100116,M023,VAL1,77795881,INR
5100008436,2024-10-21,,0000100040,M024,STC1,10903507,INR
5100008437,2025-12-09,,0000100090,M042,VAL1,2280027,INR
5100008438,2024-10-22,,0000100141,M046,HZL1,8871663,INR
5100008439,2024-06-24,,0000100157,M026,HZL1,8961077,INR
5100008440,2023-06-14,,0000100126,M064,COG1,780300,INR
5100008441,2025-10-02,,0000100157,M065,HZL1,287189,INR
5100008442,2023-09-11,,0000100090,M064,BAL1,321718,INR
5100008443,2024-11-04,,0000100126,M021,BAL1,16773633,INR
5100008444,2024-08-26,,0000100141,M043,STC1,3040754,INR
5100008445,2025-08-28,,0000100116,M045,HZL1,5710336,INR
5100008446,2025-03-09,,0000100116,M046,STC1,6662182,INR
5100008447,2024-05-08,,0000100090,M045,HZL1,4649359,INR
5100008448,2024-02-20,,0000100040,M045,STC1,988184,INR
5100008449,2024-05-25,,0000100116,M046,STC1,2643448,INR
5100008450,2024-08-21,,0000100136,M022,HZL1,4064744,INR
5100008451,2024-04-14,,0000100097,M046,VAL1,8541607,INR
5100008452,2024-04-22,,0000100090,M042,HZL1,12026432,INR
5100008453,2023-10-21,,0000100126,M046,VAL1,1192348,INR
5100008454,2023-07-22,,0000100157,M021,COR1,12737237,INR
5100008455,2024-08-27,,0000100090,M024,VAL1,18152940,INR
5100008456,2024-04-12,,0000100140,M023,COG1,13888442,INR
5100008457,2025-04-18,,0000100090,M025,HZL1,8186111,INR
5100008458,2025-06-26,,0000100116,M026,COG1,9757750,INR
5100008459,2025-03-17,,0000100116,M064,IOD1,930863,INR
5100008460,2025-07-09,,0000100040,M049,HZL1,1470482,INR
5100008461,2024-09-30,,0000100158,M045,STC1,2146773,INR
5100008462,2025-12-20,,0000100116,M021,COR1,38097778,INR
5100008463,2023-08-01,,0000100157,M039,VAL1,3265045,INR
5100008464,2025-06-18,,0000100158,M045,VAL1,541269,INR
5100008465,2023-11-14,,0000100097,M043,COR1,4750413,INR
5100008466,2025-12-29,,0000100157,M022,HZL1,9793746,INR
5100008467,2025-02-11,,0000100140,M045,HZL1,4978783,INR
5100008468,2023-02-27,,0000100140,M043,VAL1,7038666,INR
5100008469,2025-05-16,,0000100097,M022,IOD1,9574484,INR
5100008470,2024-10-11,,0000100158,M048,VAL1,2009761,INR
5100008471,2025-03-08,,0000100141,M050,VAL1,2769533,INR
5100008472,2025-02-06,,0000100136,M021,STC1,7569988,INR
5100008473,2023-12-10,,0000100157,M065,HZL1,393748,INR
5100008474,2023-09-19,,0000100040,M026,STC1,4571226,INR
5100008475,2023-02-09,,0000100157,M024,HZL1,18528049,INR
5100008476,2025-08-04,,0000100116,M042,HZL1,3820354,INR
5100008477,2025-07-26,,0000100157,M042,VAL1,8901918,INR
5100008478,2025-05-23,,0000100157,M050,VAL1,571120,INR
5100008479,2025-09-06,,0000100157,M063,COG1,187429,INR
5100008480,2025-11-01,,0000100136,M050,COG1,2105046,INR
5100008481,2023-11-09,,0000100141,M024,BAL1,32423174,INR
5100008482,2025-01-18,,0000100116,M023,BAL1,16620552,INR
5100008483,2023-07-13,,0000100097,M041,BAL1,19494493,INR
5100008484,2025-09-20,,0000100126,M024,HZL1,13714017,INR
5100008485,2025-06-09,,0000100090,M050,STC1,1099670,INR
5100008486,2024-10-26,,0000100116,M050,HZL1,1154465,INR
5100008487,2025-09-16,,0000100097,M065,HZL1,505052,INR
5100008488,2025-06-09,,0000100136,M022,HZL1,25542746,INR
5100008489,2025-10-17,,0000100140,M041,COG1,4183787,INR
5100008490,2024-01-20,,0000100040,M064,HZL1,391623,INR
5100008491,2025-11-26,,0000100040,M046,BAL1,8001884,INR
5100008492,2024-11-25,,0000100158,M025,HZL1,10925036,INR
5100008493,2024-06-21,,0000100141,M050,COG1,1781715,INR
5100008494,2023-08-26,,0000100136,M040,COG1,11115191,INR
5100008495,2025-09-02,,0000100140,M041,HZL1,2556554,INR
5100008496,2023-06-08,,0000100090,M063,COR1,297462,INR
5100008497,2024-07-20,,0000100116,M023,HZL1,14607521,INR
5100008498,2024-03-29,,0000100158,M026,HZL1,14661923,INR
5100008499,2023-05-13,,0000100136,M021,COR1,58537454,INR
5100008500,2024-10-28,,0000100141,M040,VAL1,34276512,INR
5100008501,2024-07-11,,0000100116,M026,HZL1,1565908,INR
5100008502,2024-03-14,,0000100158,M024,VAL1,8441681,INR
5100008503,2025-11-29,,0000100090,M048,HZL1,1326701,INR
5100008504,2023-07-23,,0000100097,M046,HZL1,7897934,INR
5100008505,2024-06-17,,0000100116,M022,COR1,4913542,INR
5100008506,2025-08-09,,0000100158,M022,HZL1,5939103,INR
5100008507,2025-07-20,,0000100158,M046,BAL1,16214368,INR
5100008508,2023-10-13,,0000100157,M045,STC1,4701269,INR
5100008509,2024-12-21,,0000100097,M040,HZL1,4875692,INR
5100008510,2024-06-18,,0000100158,M025,STC1,31059038,INR
5100008511,2023-03-07,,0000100090,M065,HZL1,193883,INR
5100008512,2025-01-06,,0000100136,M045,HZL1,7327636,INR
5100008513,2024-12-06,,0000100097,M024,COG1,13208131,INR
5100008514,2023-04-29,,0000100040,M023,IOD1,9720412,INR
5100008515,2024-06-04,,0000100040,M026,HZL1,9730715,INR
5100008516,2023-01-11,,0000100116,M021,STC1,2353089,INR
5100008517,2023-06-05,,0000100040,M025,VAL1,13181511,INR
5100008518,2025-06-03,,0000100126,M026,STC1,12551453,INR
5100008519,2024-05-05,,0000100158,M023,VAL1,45196911,INR
5100008520,2024-01-24,,0000100136,M042,HZL1,47304955,INR
5100008521,2024-11-15,,0000100040,M023,HZL1,17564135,INR
5100008522,2023-08-23,,0000100097,M022,BAL1,14879499,INR
5100008523,2023-06-16,,0000100140,M048,VAL1,1935058,INR
5100008524,2023-10-09,,0000100126,M025,STC1,11304020,INR
5100008525,2024-09-16,,0000100097,M025,VAL1,5483810,INR
5100008526,2024-04-20,,0000100140,M023,COG1,58180954,INR
5100008527,2024-12-13,,0000100126,M045,BAL1,4266676,INR
5100008528,2025-02-26,,0000100158,M022,STC1,17102078,INR
5100008529,2023-09-24,,0000100158,M043,STC1,12356124,INR
5100008530,2024-11-15,,0000100116,M041,HZL1,57573751,INR
5100008531,2023-10-07,,0000100097,M043,VAL1,4355668,INR
5100008532,2024-03-06,,0000100158,M026,COG1,8801999,INR
5100008533,2024-12-14,,0000100116,M045,STC1,2370052,INR
5100008534,2023-04-29,,0000100090,M041,VAL1,4915973,INR
5100008535,2025-11-06,,0000100141,M022,HZL1,31139160,INR
5100008536,2024-06-09,,0000100136,M039,COG1,2651503,INR
5100008537,2025-05-18,,0000100116,M024,BAL1,26092244,INR
5100008538,2025-03-30,,0000100136,M022,HZL1,36257860,INR
5100008539,2025-01-09,,0000100090,M025,BAL1,19049858,INR
5100008540,2025-05-09,,0000100126,M044,VAL1,10035081,INR
5100008541,2024-03-05,,0000100097,M026,HZL1,19254804,INR
5100008542,2025-03-28,,0000100116,M064,STC1,578679,INR
5100008543,2024-10-02,,0000100140,M046,VAL1,2321232,INR
5100008544,2025-05-20,,0000100097,M040,STC1,12205985,INR
5100008545,2024-05-13,,0000100097,M024,VAL1,7393152,INR
5100008546,2024-07-13,,0000100158,M025,VAL1,52997884,INR
5100008547,2024-12-04,,0000100141,M042,HZL1,6265324,INR
5100008548,2025-06-22,,0000100090,M046,HZL1,3689960,INR
5100008549,2023-11-20,,0000100141,M041,BAL1,4714322,INR
5100008550,2025-01-04,,0000100141,M049,VAL1,2594807,INR
5100008551,2025-02-10,,0000100140,M052,COG1,6987322,INR
5100008552,2023-04-28,,0000100090,M043,HZL1,37877680,INR
5100008553,2025-06-14,,0000100116,M063,HZL1,353003,INR
5100008554,2025-06-13,,0000100040,M025,IOD1,5413127,INR
5100008555,2023-09-02,,0000100090,M025,HZL1,13032379,INR
5100008556,2024-01-01,,0000100140,M040,IOD1,6301229,INR
5100008557,2024-07-25,,0000100141,M040,HZL1,13315531,INR
5100008558,2025-12-23,,0000100141,M021,VAL1,4549208,INR
5100008559,2023-07-08,,0000100097,M065,COG1,659301,INR
5100008560,2024-12-14,,0000100116,M042,HZL1,3200583,INR
5100008561,2023-04-22,,0000100116,M048,VAL1,287794,INR
5100008562,2024-05-27,,0000100097,M021,COG1,24614379,INR
5100008563,2023-12-30,,0000100040,M042,BAL1,14572850,INR
5100008564,2024-09-03,,0000100116,M042,VAL1,4024934,INR
5100008565,2024-03-27,,0000100136,M041,HZL1,41806651,INR
5100008566,2025-01-05,,0000100141,M025,BAL1,19782007,INR
5100008567,2024-05-19,,0000100141,M044,VAL1,1363033,INR
5100008568,2025-09-07,,0000100090,M022,COG1,7048213,INR
5100008569,2024-11-11,,0000100158,M048,HZL1,400707,INR
5100008570,2023-12-12,,0000100141,M024,VAL1,21189329,INR
5100008571,2023-05-25,,0000100040,M040,HZL1,4973980,INR
5100008572,2023-08-05,,0000100040,M023,VAL1,184721752,INR
5100008573,2025-06-12,,0000100097,M046,HZL1,8862555,INR
5100008574,2024-03-16,,0000100141,M026,BAL1,15602190,INR
5100008575,2024-02-01,,0000100116,M041,BAL1,5619013,INR
5100008576,2025-01-04,,0000100157,M045,COG1,1234458,INR
5100008577,2023-01-20,,0000100040,M049,BAL1,1644006,INR
5100008578,2025-08-04,,0000100097,M045,IOD1,8524129,INR
5100008579,2024-11-15,,0000100040,M039,HZL1,17868210,INR
5100008580,2025-05-22,,0000100126,M023,STC1,22866999,INR
5100008581,2025-03-08,,0000100040,M022,HZL1,24909437,INR
5100008582,2024-03-11,,0000100040,M043,BAL1,12092642,INR
5100008583,2023-10-10,,0000100116,M024,HZL1,24226617,INR
5100008584,2024-10-19,,0000100040,M021,VAL1,5816189,INR
5100008585,2024-01-08,,0000100136,M063,COR1,1208129,INR
5100008586,2023-06-11,,0000100090,M024,BAL1,5184926,INR
5100008587,2025-08-28,,0000100090,M047,COG1,657566,INR
5100008588,2024-05-07,,0000100141,M044,STC1,2903029,INR
5100008589,2025-10-24,,0000100158,M064,STC1,1000239,INR
5100008590,2023-02-20,,0000100040,M063,BAL1,1172805,INR
5100008591,2023-11-30,,0000100040,M026,VAL1,30813805,INR
5100008592,2025-03-10,,0000100090,M044,HZL1,13354954,INR
5100008593,2023-01-18,,0000100140,M042,COR1,5553104,INR
5100008594,2023-11-30,,0000100116,M021,VAL1,23356443,INR
5100008595,2024-04-18,,0000100090,M043,VAL1,12733972,INR
5100008596,2023-01-09,,0000100157,M044,VAL1,8429074,INR
5100008597,2025-08-03,,0000100140,M043,HZL1,3846477,INR
5100008598,2025-08-22,,0000100141,M039,VAL1,1828030,INR
5100008599,2025-01-09,,0000100157,M023,HZL1,5630727,INR
5100008600,2024-04-25,,0000100040,M021,STC1,11601920,INR
5100008601,2025-05-21,,0000100140,M022,VAL1,12561369,INR
5100008602,2024-05-28,,0000100158,M046,VAL1,3798613,INR
5100008603,2025-02-27,,0000100040,M043,COR1,3837419,INR
5100008604,2023-10-26,,0000100090,M050,HZL1,492337,INR
5100008605,2025-06-12,,0000100116,M040,COR1,4217857,INR
5100008606,2024-02-03,,0000100040,M042,BAL1,10141925,INR
5100008607,2024-09-21,,0000100141,M023,COG1,15182099,INR
5100008608,2025-02-14,,0000100040,M045,HZL1,1233677,INR
5100008609,2025-03-12,,0000100090,M050,BAL1,483380,INR
5100008610,2025-01-20,,0000100126,M043,VAL1,3579263,INR
5100008611,2025-11-30,,0000100126,M053,STC1,3174050,INR
5100008612,2025-04-11,,0000100097,M047,IOD1,384822,INR
5100008613,2024-08-25,,0000100090,M064,STC1,1914582,INR
5100008614,2023-01-16,,0000100097,M046,COG1,1405371,INR
5100008615,2023-06-03,,0000100141,M052,STC1,18900390,INR
5100008616,2024-08-31,,0000100090,M022,HZL1,17262198,INR
5100008617,2024-07-31,,0000100097,M022,STC1,16924238,INR
5100008618,2025-03-16,,0000100140,M046,HZL1,13036428,INR
5100008619,2023-03-07,,0000100040,M021,VAL1,15750394,INR
5100008620,2025-11-30,,0000100157,M045,STC1,1989845,INR
5100008621,2023-11-06,,0000100136,M021,IOD1,15717080,INR
5100008622,2024-05-01,,0000100116,M022,COG1,10095241,INR
5100008623,2025-10-12,,0000100140,M023,BAL1,5400214,INR
5100008624,2024-02-09,,0000100157,M040,COR1,40877675,INR
5100008625,2025-03-26,,0000100158,M042,IOD1,8814822,INR
5100008626,2025-12-01,,0000100141,M021,IOD1,30318215,INR
5100008627,2023-02-13,,0000100136,M054,HZL1,1373988,INR
5100008628,2025-08-11,,0000100097,M046,STC1,5357646,INR
5100008629,2024-08-02,,0000100158,M039,HZL1,7153048,INR
5100008630,2025-12-16,,0000100141,M023,BAL1,4820930,INR
5100008631,2025-04-12,,0000100157,M042,HZL1,25502810,INR
5100008632,2024-05-05,,0000100040,M064,BAL1,478065,INR
5100008633,2025-03-04,,0000100157,M025,STC1,4435308,INR
5100008634,2025-12-12,,0000100126,M026,HZL1,6209582,INR
5100008635,2025-02-09,,0000100090,M040,HZL1,8990039,INR
5100008636,2024-12-12,,0000100140,M046,HZL1,3056299,INR
5100008637,2024-07-27,,0000100126,M065,COR1,676546,INR
5100008638,2024-12-26,,0000100090,M039,STC1,5560916,INR
5100008639,2024-01-20,,0000100097,M040,HZL1,14995514,INR
5100008640,2023-04-05,,0000100141,M025,VAL1,23352010,INR
5100008641,2024-06-15,,0000100157,M045,BAL1,6958947,INR
5100008642,2023-02-17,,0000100116,M048,STC1,3487088,INR
5100008643,2024-08-08,,0000100040,M048,BAL1,624931,INR
5100008644,2025-08-05,,0000100040,M040,BAL1,5552465,INR
5100008645,2025-04-15,,0000100116,M044,HZL1,625052,INR
5100008646,2023-05-05,,0000100126,M022,HZL1,39113474,INR
5100008647,2025-05-06,,0000100158,M064,HZL1,767548,INR
5100008648,2023-09-01,,0000100141,M042,COG1,3485571,INR
5100008649,2024-09-08,,0000100090,M039,STC1,38639267,INR
5100008650,2024-11-15,,0000100141,M041,VAL1,2922044,INR
5100008651,2025-09-24,,0000100158,M047,HZL1,3151614,INR
5100008652,2024-08-25,,0000100040,M023,STC1,5585883,INR
5100008653,2024-11-11,,0000100040,M041,STC1,30376413,INR
5100008654,2024-07-10,,0000100126,M022,VAL1,32838579,INR
5100008655,2023-05-19,,0000100141,M049,COR1,2725763,INR
5100008656,2024-09-15,,0000100090,M026,STC1,4482539,INR
5100008657,2025-08-18,,0000100141,M043,BAL1,4916113,INR
5100008658,2024-07-14,,0000100116,M024,STC1,2489693,INR
5100008659,2024-02-02,,0000100090,M024,STC1,1870568,INR
5100008660,2023-09-15,,0000100040,M045,HZL1,24384824,INR
5100008661,2024-11-16,,0000100097,M052,VAL1,7912682,INR
5100008662,2024-10-18,,0000100126,M022,HZL1,13397614,INR
5100008663,2024-07-26,,0000100090,M039,COG1,7921622,INR
5100008664,2024-10-09,,0000100136,M050,COR1,2374227,INR
5100008665,2024-08-18,,0000100097,M046,COR1,9764392,INR
5100008666,2023-05-22,,0000100116,M022,IOD1,86663340,INR
5100008667,2023-10-23,,0000100116,M021,HZL1,14710929,INR
5100008668,2024-06-07,,0000100126,M053,VAL1,23079572,INR
5100008669,2025-10-04,,0000100090,M024,HZL1,29983889,INR
5100008670,2025-11-27,,0000100141,M023,COR1,14278643,INR
5100008671,2024-06-10,,0000100097,M046,BAL1,12453672,INR
5100008672,2025-02-18,,0000100141,M046,HZL1,7092273,INR
5100008673,2025-11-29,,0000100141,M021,HZL1,13615709,INR
5100008674,2024-09-13,,0000100141,M063,HZL1,793616,INR
5100008675,2023-03-23,,0000100090,M053,BAL1,15047299,INR
5100008676,2024-02-17,,0000100157,M024,HZL1,7076373,INR
5100008677,2023-01-20,,0000100126,M025,HZL1,33055834,INR
5100008678,2025-08-19,,0000100126,M023,COG1,24527600,INR
5100008679,2025-06-05,,0000100140,M026,VAL1,4894360,INR
5100008680,2024-04-07,,0000100097,M046,BAL1,3303771,INR
5100008681,2023-10-21,,0000100157,M065,HZL1,952007,INR
5100008682,2023-12-19,,0000100116,M039,HZL1,13465393,INR
5100008683,2025-09-24,,0000100157,M022,HZL1,29820254,INR
5100008684,2024-09-08,,0000100141,M026,COG1,2187477,INR
5100008685,2025-10-29,,0000100158,M021,HZL1,10903356,INR
5100008686,2023-06-20,,0000100126,M026,BAL1,8543514,INR
5100008687,2023-07-13,,0000100157,M023,IOD1,39444562,INR
5100008688,2024-03-20,,0000100158,M050,VAL1,1305038,INR
5100008689,2025-11-30,,0000100090,M026,COR1,9466491,INR
5100008690,2025-12-02,,0000100157,M052,BAL1,16855929,INR
5100008691,2025-01-17,,0000100040,M046,VAL1,630668,INR
5100008692,2025-01-03,,0000100140,M041,HZL1,15044524,INR
5100008693,2023-07-30,,0000100136,M024,VAL1,52568324,INR
5100008694,2025-02-14,,0000100136,M053,COR1,37260350,INR
5100008695,2023-09-09,,0000100040,M050,HZL1,826409,INR
5100008696,2023-11-22,,0000100136,M022,STC1,17268009,INR
5100008697,2023-03-27,,0000100157,M040,IOD1,14147548,INR
5100008698,2024-01-15,,0000100116,M063,HZL1,876453,INR
5100008699,2025-06-16,,0000100141,M024,COG1,8492477,INR
5100008700,2024-09-26,,0000100040,M045,COG1,6235547,INR
5100008701,2024-03-31,,0000100141,M045,HZL1,2862565,INR
5100008702,2024-11-28,,0000100158,M024,IOD1,34702158,INR
5100008703,2023-08-15,,0000100040,M022,VAL1,2438799,INR
5100008704,2024-11-19,,0000100116,M043,STC1,3226460,INR
5100008705,2024-09-07,,0000100141,M046,BAL1,4096455,INR
5100008706,2025-06-10,,0000100136,M022,VAL1,22961957,INR
5100008707,2024-12-21,,0000100140,M024,COG1,51133021,INR
5100008708,2023-09-09,,0000100140,M054,BAL1,12480351,INR
5100008709,2023-03-26,,0000100126,M065,STC1,741528,INR
5100008710,2023-07-03,,0000100140,M025,COR1,16693251,INR
5100008711,2023-08-14,,0000100140,M045,BAL1,2197048,INR
5100008712,2024-06-03,,0000100157,M041,VAL1,4721042,INR
5100008713,2024-01-25,,0000100097,M045,VAL1,5548252,INR
5100008714,2025-05-13,,0000100126,M022,HZL1,25127622,INR
5100008715,2025-04-16,,0000100141,M064,BAL1,227821,INR
5100008716,2023-01-29,,0000100116,M049,STC1,5000000,INR
5100008717,2025-10-25,,0000100090,M026,HZL1,15118709,INR
5100008718,2024-02-08,,0000100136,M063,VAL1,475255,INR
5100008719,2024-04-06,,0000100157,M025,VAL1,23104258,INR
5100008720,2023-02-26,,0000100126,M048,COG1,1255602,INR
5100008721,2025-09-21,,0000100090,M053,HZL1,5719483,INR
5100008722,2024-11-21,,0000100097,M039,COG1,46515341,INR
5100008723,2024-08-27,,0000100140,M024,COR1,24696748,INR
5100008724,2025-03-24,,0000100116,M051,HZL1,15564897,INR
5100008725,2023-08-19,,0000100141,M026,VAL1,6092128,INR
5100008726,2024-11-25,,0000100040,M025,BAL1,8143766,INR
5100008727,2023-06-21,,0000100141,M063,HZL1,993392,INR
5100008728,2024-05-12,,0000100157,M023,VAL1,15923676,INR
5100008729,2024-01-13,,0000100097,M022,HZL1,36845402,INR
5100008730,2024-08-03,,0000100116,M050,VAL1,1208032,INR
5100008731,2025-12-23,,0000100040,M063,COR1,1002160,INR
5100008732,2024-07-20,,0000100157,M046,HZL1,6935825,INR
5100008733,2025-11-15,,0000100097,M040,VAL1,6663890,INR
5100008734,2024-03-11,,0000100141,M022,VAL1,31547300,INR
5100008735,2024-09-28,,0000100140,M064,BAL1,2637581,INR
5100008736,2023-08-07,,0000100141,M064,VAL1,272051,INR
5100008737,2024-02-10,,0000100141,M026,STC1,14970933,INR
5100008738,2025-06-09,,0000100157,M040,COR1,3233716,INR
5100008739,2024-10-07,,0000100126,M040,COR1,22864413,INR
5100008740,2024-08-05,,0000100141,M065,COR1,597629,INR
5100008741,2024-02-10,,0000100141,M023,VAL1,3370976,INR
5100008742,2024-01-05,,0000100090,M043,COR1,11308754,INR
5100008743,2024-01-06,,0000100136,M021,VAL1,36929430,INR
5100008744,2024-06-12,,0000100136,M024,STC1,5561402,INR
5100008745,2023-07-11,,0000100090,M044,HZL1,1787008,INR
5100008746,2025-08-11,,0000100140,M021,HZL1,13490707,INR
5100008747,2024-02-25,,0000100090,M064,BAL1,460542,INR
5100008748,2024-04-08,,0000100097,M026,BAL1,29217680,INR
5100008749,2023-05-20,,0000100141,M041,HZL1,11093270,INR
5100008750,2023-06-05,,0000100158,M025,HZL1,35466522,INR
5100008751,2023-02-10,,0000100140,M050,VAL1,2481112,INR
5100008752,2024-03-21,,0000100141,M047,VAL1,1314646,INR
5100008753,2023-09-27,,0000100158,M045,HZL1,8406770,INR
5100008754,2023-11-18,,0000100136,M023,COG1,13086191,INR
5100008755,2024-12-05,,0000100136,M047,HZL1,196443,INR
5100008756,2024-07-01,,0000100141,M023,HZL1,30852566,INR
5100008757,2025-10-30,,0000100097,M024,COG1,5008113,INR
5100008758,2025-03-12,,0000100141,M022,VAL1,14917026,INR
5100008759,2024-11-24,,0000100157,M065,VAL1,2110011,INR
5100008760,2024-11-05,,0000100140,M040,HZL1,2035849,INR
5100008761,2023-12-02,,0000100157,M050,VAL1,3276702,INR
5100008762,2024-04-02,,0000100126,M043,COR1,2305853,INR
5100008763,2024-12-06,,0000100090,M021,VAL1,7710778,INR
5100008764,2024-09-16,,0000100126,M039,IOD1,15525356,INR
5100008765,2023-05-17,,0000100140,M040,VAL1,21806450,INR
5100008766,2024-08-07,,0000100090,M026,COR1,11418316,INR
5100008767,2023-08-08,,0000100141,M045,VAL1,3106787,INR
5100008768,2023-01-28,,0000100157,M047,IOD1,854828,INR
5100008769,2025-10-31,,0000100141,M040,VAL1,21186763,INR
5100008770,2024-12-18,,0000100090,M024,STC1,19188894,INR
5100008771,2023-01-16,,0000100157,M045,VAL1,20898111,INR
5100008772,2025-07-19,,0000100126,M048,HZL1,1323647,INR
5100008773,2025-05-19,,0000100157,M044,HZL1,1876086,INR
5100008774,2025-08-21,,0000100158,M063,VAL1,810024,INR
5100008775,2023-09-21,,0000100140,M042,VAL1,13076620,INR
5100008776,2024-04-26,,0000100140,M046,VAL1,3008592,INR
5100008777,2025-02-25,,0000100141,M021,BAL1,15291661,INR
5100008778,2023-04-30,,0000100097,M039,HZL1,6725319,INR
5100008779,2024-07-29,,0000100090,M024,HZL1,42800582,INR
