invoice_id,invoice_date,paid_date,paid_days,is_paid,amount,currency,supplier_id,supplier_name,global_ultimate_id,global_ultimate_name,category_code,category_name,segment_code,segment_name,plant_id,plant_name,region,country,source_system_id,payment_term_code,payment_term_name,nominal_days
INV-000001,2026-03-10,2026-03-24,14,true,163105.12,USD,SUP-00002,Falcon Systems Bengaluru Pte. Ltd.,GU-0001,Falcon Systems Industries,44100000,Office machines,44000000,Office Equipment and Accessories and Supplies,PLT-SHA,Shanghai Plant,APAC,China,SAP_ECC,NET15,Net 15,15
INV-000002,2025-11-18,2025-12-23,35,true,927354.77,USD,SUP-00195,Bluepeak Manufacturing Montreal Co.,GU-0047,Bluepeak Manufacturing International,84130000,Insurance,84000000,Financial and Insurance Services,PLT-DET,Detroit Plant,NAMER,United States,SAP_ECC,NET30,Net 30,30
INV-000003,2026-01-13,2026-01-23,10,true,162800.09,USD,SUP-00003,Falcon Systems Osaka Pte. Ltd.,GU-0001,Falcon Systems Industries,44100000,Office machines,44000000,Office Equipment and Accessories and Supplies,PLT-CHN,Chennai Plant,APAC,India,ARIBA,NET05,Net 5,5
INV-000004,2025-08-13,2025-12-12,121,true,764657.01,USD,SUP-00037,Sequoia Fasteners Turin S.A.,GU-0008,Sequoia Fasteners Holdings,43230000,Software licenses,43000000,Information Technology Broadcasting and Telecommunications,PLT-LYO,Lyon Plant,EMEA,France,SAP_S4HANA,NET120,Net 120,120
INV-000005,2026-05-03,2026-06-15,43,true,121375.33,USD,SUP-00017,Orion Supply Co Chennai Co. Ltd.,GU-0003,Orion Supply Co International,44120000,Office supplies,44000000,Office Equipment and Accessories and Supplies,PLT-PUN,Pune Plant,APAC,India,ARIBA,D15N10N30,1.5% 10 Net 30,30
INV-000006,2025-09-05,2025-09-19,14,true,6588269.47,USD,SUP-00168,Highpoint Bearing Works Osaka Pte. Ltd.,GU-0041,Highpoint Bearing Works Holdings,39130000,Electrical hardware,39000000,Electrical Systems and Lighting and Components,PLT-STU,Stuttgart Plant,EMEA,Germany,SAP_S4HANA,NET30,Net 30,30
INV-000007,2025-12-06,2026-01-05,30,true,163707.98,USD,SUP-00070,Redwood Controls Singapore Pte. Ltd.,GU-0017,Redwood Controls Inc.,31160000,Hardware and fasteners,31000000,Manufacturing Components and Supplies,PLT-PUN,Pune Plant,APAC,India,SAP_S4HANA,NET30,Net 30,30
INV-000008,2025-09-17,2025-10-04,17,true,2441859.13,USD,SUP-00001,Falcon Systems Osaka Pvt. Ltd.,GU-0001,Falcon Systems Industries,44100000,Office machines,44000000,Office Equipment and Accessories and Supplies,PLT-CHN,Chennai Plant,APAC,India,SAP_S4HANA,NET15,Net 15,15
INV-000009,2025-10-31,2026-01-03,64,true,31496.3,USD,SUP-00018,Orion Supply Co Shanghai Pte. Ltd.,GU-0003,Orion Supply Co International,44120000,Office supplies,44000000,Office Equipment and Accessories and Supplies,PLT-SHA,Shanghai Plant,APAC,China,FIELDGLASS,NET45,Net 45,45
INV-000010,2026-05-06,2026-06-01,26,true,142956.54,USD,SUP-00191,Ridgeway Electricals Pune Pte. Ltd.,GU-0046,Ridgeway Electricals Industries,76120000,Waste management,76000000,Industrial Cleaning Services,PLT-PUN,Pune Plant,APAC,India,SAP_ECC,NET15,Net 15,15
INV-000011,2026-02-09,2026-03-26,45,true,712290.02,USD,SUP-00005,Falcon Systems Singapore Pte. Ltd.,GU-0001,Falcon Systems Industries,44100000,Office machines,44000000,Office Equipment and Accessories and Supplies,PLT-CHN,Chennai Plant,APAC,India,SAP_S4HANA,NET45,Net 45,45
INV-000012,2026-06-22,,,false,2244899.64,USD,SUP-00003,Falcon Systems Osaka Pte. Ltd.,GU-0001,Falcon Systems Industries,44100000,Office machines,44000000,Office Equipment and Accessories and Supplies,PLT-SHA,Shanghai Plant,APAC,China,SAP_ECC,NET45,Net 45,45
INV-000013,2025-11-25,2025-11-26,1,true,353617.8,USD,SUP-00123,Monarch Energy Bengaluru Ltd.,GU-0030,Monarch Energy International,25170000,Vehicle components and accessories,25000000,Commercial and Private Vehicles and Components,PLT-PUN,Pune Plant,APAC,India,SAP_ECC,NET15,Net 15,15
INV-000014,2025-09-12,2025-09-20,8,true,244980.92,USD,SUP-00029,Vantage Technologies Rotterdam Ltd.,GU-0007,Vantage Technologies Inc.,72100000,Facility maintenance,72000000,Building and Facility Maintenance Services,PLT-MAN,Manchester Plant,EMEA,United Kingdom,FIELDGLASS,NET08,Net 8,8
INV-000015,2025-12-30,2026-01-12,13,true,753125.15,USD,SUP-00024,Apex Supply Co Lyon AG,GU-0005,Apex Supply Co Global,31350000,Machined castings,31000000,Manufacturing Components and Supplies,PLT-LYO,Lyon Plant,EMEA,France,SAP_ECC,NET14,Net 14,14
INV-000016,2026-02-23,2026-04-19,55,true,2789835.7,USD,SUP-00064,Yellowstone Solutions Sao Paulo S.A. de C.V.,GU-0015,Yellowstone Solutions Global,40160000,HVAC equipment,40000000,Distribution and Conditioning Systems and Equipment,PLT-SAO,Sao Paulo Plant,LATAM,Brazil,FIELDGLASS,NET50,Net 50,50
INV-000017,2026-04-05,2026-05-26,51,true,180096.63,USD,SUP-00002,Falcon Systems Bengaluru Pte. Ltd.,GU-0001,Falcon Systems Industries,44100000,Office machines,44000000,Office Equipment and Accessories and Supplies,PLT-PUN,Pune Plant,APAC,India,SAP_S4HANA,NET45,Net 45,45
INV-000018,2026-02-11,2026-03-13,30,true,1447613.74,USD,SUP-00094,Copperfield Fabrication Bengaluru Pte. Ltd.,GU-0024,Copperfield Fabrication Holdings,72150000,Building repair services,72000000,Building and Facility Maintenance Services,PLT-PUN,Pune Plant,APAC,India,SAP_ECC,NET21,Net 21,21
INV-000019,2025-11-29,2026-01-30,62,true,141722.12,USD,SUP-00071,Redwood Controls Chennai Ltd.,GU-0017,Redwood Controls Inc.,31160000,Hardware and fasteners,31000000,Manufacturing Components and Supplies,PLT-PUN,Pune Plant,APAC,India,SAP_ECC,NET60,Net 60,60
INV-000020,2025-07-30,2025-08-07,8,true,22908.03,USD,SUP-00007,Frontier Polymers Charlotte Inc.,GU-0002,Frontier Polymers Global,44120000,Office supplies,44000000,Office Equipment and Accessories and Supplies,PLT-TOR,Toronto Plant,NAMER,Canada,FIELDGLASS,NET04,Net 4,4
INV-000021,2026-01-13,2026-02-25,43,true,60847.19,USD,SUP-00005,Falcon Systems Singapore Pte. Ltd.,GU-0001,Falcon Systems Industries,44100000,Office machines,44000000,Office Equipment and Accessories and Supplies,PLT-DET,Detroit Plant,NAMER,United States,SAP_S4HANA,NET45,Net 45,45
INV-000022,2025-10-04,2025-11-20,47,true,188749.5,USD,SUP-00002,Falcon Systems Bengaluru Pte. Ltd.,GU-0001,Falcon Systems Industries,44100000,Office machines,44000000,Office Equipment and Accessories and Supplies,PLT-PUN,Pune Plant,APAC,India,SAP_S4HANA,NET45,Net 45,45
INV-000023,2026-02-13,2026-02-18,5,true,2572711.48,USD,SUP-00201,Windward Automation Singapore Co. Ltd.,GU-0049,Windward Automation Corporation,80100000,Management consulting,80000000,Management and Business Professionals and Admin Services,PLT-PUN,Pune Plant,APAC,India,FIELDGLASS,NET00,Immediate / Due on receipt,0
INV-000024,2025-09-10,2025-10-01,21,true,133457.88,USD,SUP-00008,Frontier Polymers Detroit Corp.,GU-0002,Frontier Polymers Global,31160000,Hardware and fasteners,31000000,Manufacturing Components and Supplies,PLT-TOR,Toronto Plant,NAMER,Canada,CONCUR,NET21,Net 21,21
INV-000025,2026-04-21,2026-05-07,16,true,301684.36,USD,SUP-00001,Falcon Systems Osaka Pvt. Ltd.,GU-0001,Falcon Systems Industries,44100000,Office machines,44000000,Office Equipment and Accessories and Supplies,PLT-SHA,Shanghai Plant,APAC,China,SAP_S4HANA,NET15,Net 15,15
INV-000026,2025-09-02,2025-10-21,49,true,555410.58,USD,SUP-00106,Bluepeak Bearing Works Eindhoven B.V.,GU-0026,Bluepeak Bearing Works Group,40160000,HVAC equipment,40000000,Distribution and Conditioning Systems and Equipment,PLT-ROT,Rotterdam DC,EMEA,Netherlands,FIELDGLASS,D2N10N45,2% 10 Net 45,45
INV-000027,2026-05-11,2026-05-26,15,true,384617.3,USD,SUP-00024,Apex Supply Co Lyon AG,GU-0005,Apex Supply Co Global,31350000,Machined castings,31000000,Manufacturing Components and Supplies,PLT-MAN,Manchester Plant,EMEA,United Kingdom,FIELDGLASS,NET14,Net 14,14
INV-000028,2025-07-24,2025-09-08,46,true,110616.01,USD,SUP-00006,Falcon Systems Nagoya Pte. Ltd.,GU-0001,Falcon Systems Industries,44100000,Office machines,44000000,Office Equipment and Accessories and Supplies,PLT-PUN,Pune Plant,APAC,India,ARIBA,NET45,Net 45,45
INV-000029,2026-03-05,2026-03-20,15,true,309185.73,USD,SUP-00024,Apex Supply Co Lyon AG,GU-0005,Apex Supply Co Global,31350000,Machined castings,31000000,Manufacturing Components and Supplies,PLT-MAN,Manchester Plant,EMEA,United Kingdom,ARIBA,NET14,Net 14,14
INV-000030,2026-02-24,2026-03-27,31,true,99052.12,USD,SUP-00009,Frontier Polymers Montreal Inc.,GU-0002,Frontier Polymers Global,31160000,Hardware and fasteners,31000000,Manufacturing Components and Supplies,PLT-DET,Detroit Plant,NAMER,United States,ARIBA,NET21,Net 21,21
INV-000031,2026-02-25,2026-05-17,81,true,301871.86,USD,SUP-00014,Orion Supply Co Osaka Pte. Ltd.,GU-0003,Orion Supply Co International,90120000,Travel services,90000000,Travel and Food and Lodging and Entertainment Services,PLT-SNG,Singapore Hub,APAC,Singapore,SAP_ECC,EOM45,EOM Net 45,60
INV-000032,2026-02-26,2026-04-01,34,true,174526.73,USD,SUP-00169,Kestrel Instruments Houston Corp.,GU-0042,Kestrel Instruments Industries,76120000,Waste management,76000000,Industrial Cleaning Services,PLT-STU,Stuttgart Plant,EMEA,Germany,SAP_S4HANA,NET30,Net 30,30
INV-000033,2025-08-19,2025-08-24,5,true,74548.14,USD,SUP-00010,Frontier Polymers Charlotte LLC,GU-0002,Frontier Polymers Global,44120000,Office supplies,44000000,Office Equipment and Accessories and Supplies,PLT-PUN,Pune Plant,APAC,India,FIELDGLASS,NET02,Net 2,2
INV-000034,2026-02-28,2026-03-16,16,true,552121.41,USD,SUP-00057,Sequoia Fluid Systems Queretaro S.A.,GU-0014,Sequoia Fluid Systems Global,40170000,Compressors and blowers,40000000,Distribution and Conditioning Systems and Equipment,PLT-MTY,Monterrey Plant,LATAM,Mexico,SAP_S4HANA,NET10,Net 10,10
INV-000035,2026-04-15,2026-06-11,57,true,26733.36,USD,SUP-00017,Orion Supply Co Chennai Co. Ltd.,GU-0003,Orion Supply Co International,44120000,Office supplies,44000000,Office Equipment and Accessories and Supplies,PLT-CHN,Chennai Plant,APAC,India,SAP_ECC,ADV5050,50% advance / 50% Net 30,30
INV-000036,2026-04-23,2026-05-27,34,true,875503.59,USD,SUP-00186,Monarch Electricals Bengaluru Pte. Ltd.,GU-0045,Monarch Electricals Inc.,40170000,Compressors and blowers,40000000,Distribution and Conditioning Systems and Equipment,PLT-SAO,Sao Paulo Plant,LATAM,Brazil,SAP_ECC,NET30,Net 30,30
INV-000037,2025-12-08,2025-12-24,16,true,265548.6,USD,SUP-00085,Orion Automation Queretaro S.A. de C.V.,GU-0021,Orion Automation International,31160000,Hardware and fasteners,31000000,Manufacturing Components and Supplies,PLT-MTY,Monterrey Plant,LATAM,Mexico,SAP_ECC,NET10,Net 10,10
INV-000038,2026-03-02,2026-04-05,34,true,445216.81,USD,SUP-00032,Vantage Technologies Lyon GmbH,GU-0007,Vantage Technologies Inc.,39130000,Electrical hardware,39000000,Electrical Systems and Lighting and Components,PLT-ROT,Rotterdam DC,EMEA,Netherlands,SAP_S4HANA,NET30,Net 30,30
INV-000039,2025-11-30,2026-01-10,41,true,1783409.63,USD,SUP-00064,Yellowstone Solutions Sao Paulo S.A. de C.V.,GU-0015,Yellowstone Solutions Global,31160000,Hardware and fasteners,31000000,Manufacturing Components and Supplies,PLT-SAO,Sao Paulo Plant,LATAM,Brazil,SAP_ECC,MP25,"Monthly, paid 25th",40
INV-000040,2026-01-19,2026-02-05,17,true,410160.31,USD,SUP-00023,Umbra Fasteners Detroit Corp.,GU-0004,Umbra Fasteners International,44120000,Office supplies,44000000,Office Equipment and Accessories and Supplies,PLT-DET,Detroit Plant,NAMER,United States,SAP_S4HANA,NET02,Net 2,2
INV-000041,2026-04-27,2026-05-11,14,true,485802.28,USD,SUP-00004,Falcon Systems Chennai Co. Ltd.,GU-0001,Falcon Systems Industries,44100000,Office machines,44000000,Office Equipment and Accessories and Supplies,PLT-CHN,Chennai Plant,APAC,India,SAP_S4HANA,NET15,Net 15,15
INV-000042,2026-05-31,2026-07-31,61,true,323847.79,USD,SUP-00010,Frontier Polymers Charlotte LLC,GU-0002,Frontier Polymers Global,31160000,Hardware and fasteners,31000000,Manufacturing Components and Supplies,PLT-CHN,Chennai Plant,APAC,India,FIELDGLASS,,,
INV-000043,2025-07-19,2025-09-08,51,true,835797.93,USD,SUP-00005,Falcon Systems Singapore Pte. Ltd.,GU-0001,Falcon Systems Industries,44100000,Office machines,44000000,Office Equipment and Accessories and Supplies,PLT-CHN,Chennai Plant,APAC,India,FIELDGLASS,NET45,Net 45,45
INV-000044,2025-11-23,2025-11-24,1,true,270903.03,USD,SUP-00168,Highpoint Bearing Works Osaka Pte. Ltd.,GU-0041,Highpoint Bearing Works Holdings,31160000,Hardware and fasteners,31000000,Manufacturing Components and Supplies,PLT-SNG,Singapore Hub,APAC,Singapore,SAP_ECC,NET08,Net 8,8
INV-000045,2025-11-29,2026-03-11,102,true,313018.49,USD,SUP-00007,Frontier Polymers Charlotte Inc.,GU-0002,Frontier Polymers Global,44120000,Office supplies,44000000,Office Equipment and Accessories and Supplies,PLT-CLT,Charlotte Plant,NAMER,United States,ARIBA,NET100,Net 100,100
INV-000046,2025-11-05,2025-12-02,27,true,143344.62,USD,SUP-00120,Bluepeak Services Chennai Co. Ltd.,GU-0029,Bluepeak Services Holdings,25100000,Motor vehicles,25000000,Commercial and Private Vehicles and Components,PLT-HOU,Houston Plant,NAMER,United States,SAP_ECC,NET25,Net 25,25
INV-000047,2026-03-15,2026-04-10,26,true,3637124.49,USD,SUP-00027,Orion Polymers Queretaro Ltda.,GU-0006,Orion Polymers Group,43210000,Computer equipment,43000000,Information Technology Broadcasting and Telecommunications,PLT-MTY,Monterrey Plant,LATAM,Mexico,FIELDGLASS,NET05,Net 5,5
INV-000048,2026-01-29,2026-02-03,5,true,3541135.69,USD,SUP-00008,Frontier Polymers Detroit Corp.,GU-0002,Frontier Polymers Global,31160000,Hardware and fasteners,31000000,Manufacturing Components and Supplies,PLT-CLT,Charlotte Plant,NAMER,United States,SAP_ECC,NET02,Net 2,2
INV-000049,2026-03-16,2026-03-25,9,true,59460.91,USD,SUP-00069,Harbor Packaging Queretaro S.A.,GU-0016,Harbor Packaging Holdings,44120000,Office supplies,44000000,Office Equipment and Accessories and Supplies,PLT-SAO,Sao Paulo Plant,LATAM,Brazil,ARIBA,NET02,Net 2,2
INV-000050,2025-09-06,2025-12-10,95,true,316449.82,USD,SUP-00018,Orion Supply Co Shanghai Pte. Ltd.,GU-0003,Orion Supply Co International,90120000,Travel services,90000000,Travel and Food and Lodging and Entertainment Services,PLT-PUN,Pune Plant,APAC,India,SAP_S4HANA,NET90,Net 90,90
INV-000051,2025-08-05,2025-09-08,34,true,994202.13,USD,SUP-00078,Everest Cloud Services Rotterdam B.V.,GU-0019,Everest Cloud Services Industries,47130000,Cleaning supplies,47000000,Cleaning Equipment and Supplies,PLT-STU,Stuttgart Plant,EMEA,Germany,SAP_S4HANA,NET50,Net 50,50
INV-000052,2026-01-10,2026-01-23,13,true,93429.33,USD,SUP-00006,Falcon Systems Nagoya Pte. Ltd.,GU-0001,Falcon Systems Industries,44100000,Office machines,44000000,Office Equipment and Accessories and Supplies,PLT-SNG,Singapore Hub,APAC,Singapore,SAP_S4HANA,NET15,Net 15,15
INV-000053,2025-11-30,2026-01-15,46,true,149305.31,USD,SUP-00005,Falcon Systems Singapore Pte. Ltd.,GU-0001,Falcon Systems Industries,44100000,Office machines,44000000,Office Equipment and Accessories and Supplies,PLT-PUN,Pune Plant,APAC,India,SAP_S4HANA,NET45,Net 45,45
INV-000054,2026-06-04,2026-06-23,19,true,101637.41,USD,SUP-00004,Falcon Systems Chennai Co. Ltd.,GU-0001,Falcon Systems Industries,44100000,Office machines,44000000,Office Equipment and Accessories and Supplies,PLT-PUN,Pune Plant,APAC,India,SAP_S4HANA,NET15,Net 15,15
INV-000055,2025-07-29,2025-09-14,47,true,261831.9,USD,SUP-00005,Falcon Systems Singapore Pte. Ltd.,GU-0001,Falcon Systems Industries,44100000,Office machines,44000000,Office Equipment and Accessories and Supplies,PLT-CHN,Chennai Plant,APAC,India,ARIBA,NET45,Net 45,45
INV-000056,2025-09-28,2025-11-21,54,true,281306.68,USD,SUP-00002,Falcon Systems Bengaluru Pte. Ltd.,GU-0001,Falcon Systems Industries,44100000,Office machines,44000000,Office Equipment and Accessories and Supplies,PLT-CHN,Chennai Plant,APAC,India,SAP_ECC,NET45,Net 45,45
INV-000057,2025-11-01,2025-11-19,18,true,465509.67,USD,SUP-00068,Harbor Packaging Campinas Ltda.,GU-0016,Harbor Packaging Holdings,44120000,Office supplies,44000000,Office Equipment and Accessories and Supplies,PLT-MTY,Monterrey Plant,LATAM,Mexico,ARIBA,NET04,Net 4,4
INV-000058,2026-05-28,2026-06-24,27,true,114508.28,USD,SUP-00131,Pioneer Fluid Systems Campinas S.A.,GU-0032,Pioneer Fluid Systems Holdings,72100000,Facility maintenance,72000000,Building and Facility Maintenance Services,PLT-MTY,Monterrey Plant,LATAM,Mexico,FIELDGLASS,EOM15,End of month + 15,30
INV-000059,2026-03-03,2026-03-13,10,true,179487.71,USD,SUP-00011,Frontier Polymers Montreal Co.,GU-0002,Frontier Polymers Global,31160000,Hardware and fasteners,31000000,Manufacturing Components and Supplies,PLT-CLT,Charlotte Plant,NAMER,United States,SAP_ECC,NET08,Net 8,8
INV-000060,2026-02-24,2026-03-04,8,true,832243.03,USD,SUP-00057,Sequoia Fluid Systems Queretaro S.A.,GU-0014,Sequoia Fluid Systems Global,43210000,Computer equipment,43000000,Information Technology Broadcasting and Telecommunications,PLT-MTY,Monterrey Plant,LATAM,Mexico,SAP_S4HANA,NET10,Net 10,10
INV-000061,2025-10-22,2025-12-23,62,true,429180.07,USD,SUP-00185,Monarch Electricals Nagoya Co. Ltd.,GU-0045,Monarch Electricals Inc.,31160000,Hardware and fasteners,31000000,Manufacturing Components and Supplies,PLT-PUN,Pune Plant,APAC,India,SAP_S4HANA,NET60,Net 60,60
INV-000062,2026-03-08,2026-03-27,19,true,185464.5,USD,SUP-00002,Falcon Systems Bengaluru Pte. Ltd.,GU-0001,Falcon Systems Industries,44100000,Office machines,44000000,Office Equipment and Accessories and Supplies,PLT-SHA,Shanghai Plant,APAC,China,SAP_ECC,NET15,Net 15,15
INV-000063,2025-09-09,2025-10-11,32,true,422444.72,USD,SUP-00128,Pioneer Fluid Systems Queretaro S.A.,GU-0032,Pioneer Fluid Systems Holdings,44120000,Office supplies,44000000,Office Equipment and Accessories and Supplies,PLT-MTY,Monterrey Plant,LATAM,Mexico,SAP_S4HANA,MP10,"Monthly, paid 10th",25
INV-000064,2025-07-07,2025-08-11,35,true,207157.3,USD,SUP-00021,Umbra Fasteners Montreal Co.,GU-0004,Umbra Fasteners International,44120000,Office supplies,44000000,Office Equipment and Accessories and Supplies,PLT-HOU,Houston Plant,NAMER,United States,FIELDGLASS,NET21,Net 21,21
INV-000065,2026-01-20,2026-03-05,44,true,171680.83,USD,SUP-00001,Falcon Systems Osaka Pvt. Ltd.,GU-0001,Falcon Systems Industries,44100000,Office machines,44000000,Office Equipment and Accessories and Supplies,PLT-SHA,Shanghai Plant,APAC,China,SAP_S4HANA,NET45,Net 45,45
INV-000066,2025-07-05,2025-07-24,19,true,902079.19,USD,SUP-00082,Silverline Fabrication Shanghai Pvt. Ltd.,GU-0020,Silverline Fabrication Industries,25100000,Motor vehicles,25000000,Commercial and Private Vehicles and Components,PLT-PUN,Pune Plant,APAC,India,CONCUR,EOM15,End of month + 15,30
INV-000067,2025-07-24,2025-07-26,2,true,382263.23,USD,SUP-00180,Northwind Electricals Sao Paulo Ltda.,GU-0044,Northwind Electricals International,80110000,HR services,80000000,Management and Business Professionals and Admin Services,PLT-HOU,Houston Plant,NAMER,United States,FIELDGLASS,CIA,Cash in advance,0
INV-000068,2025-09-22,2025-10-24,32,true,1185273.6,USD,SUP-00086,Anchor Manufacturing Shanghai Co. Ltd.,GU-0022,Anchor Manufacturing Global,80100000,Management consulting,80000000,Management and Business Professionals and Admin Services,PLT-PUN,Pune Plant,APAC,India,SAP_ECC,D15N10N30,1.5% 10 Net 30,30
INV-000069,2026-05-06,2026-05-19,13,true,83223.78,USD,SUP-00066,Harbor Packaging Campinas S.A.,GU-0016,Harbor Packaging Holdings,44120000,Office supplies,44000000,Office Equipment and Accessories and Supplies,PLT-MTY,Monterrey Plant,LATAM,Mexico,SAP_S4HANA,NET04,Net 4,4
INV-000070,2026-05-13,,,false,557084.12,USD,SUP-00198,Falcon Consulting Charlotte LLC,GU-0048,Falcon Consulting Corporation,80110000,HR services,80000000,Management and Business Professionals and Admin Services,PLT-PUN,Pune Plant,APAC,India,FIELDGLASS,NET45,Net 45,45
INV-000071,2026-02-13,2026-02-25,12,true,133978.78,USD,SUP-00012,Frontier Polymers Charlotte LLC,GU-0002,Frontier Polymers Global,44120000,Office supplies,44000000,Office Equipment and Accessories and Supplies,PLT-TOR,Toronto Plant,NAMER,Canada,SAP_ECC,D1N10N30,1% 10 Net 30,30
INV-000072,2025-11-27,2026-01-09,43,true,149932.87,USD,SUP-00013,Orion Supply Co Osaka Pvt. Ltd.,GU-0003,Orion Supply Co International,90120000,Travel services,90000000,Travel and Food and Lodging and Entertainment Services,PLT-PUN,Pune Plant,APAC,India,CONCUR,NET21,Net 21,21
INV-000073,2025-09-13,2025-11-14,62,true,188284.17,USD,SUP-00198,Falcon Consulting Charlotte LLC,GU-0048,Falcon Consulting Corporation,43220000,Networking equipment,43000000,Information Technology Broadcasting and Telecommunications,PLT-DET,Detroit Plant,NAMER,United States,SAP_S4HANA,NET60,Net 60,60
INV-000074,2026-05-14,2026-06-30,47,true,39377.16,USD,SUP-00006,Falcon Systems Nagoya Pte. Ltd.,GU-0001,Falcon Systems Industries,44100000,Office machines,44000000,Office Equipment and Accessories and Supplies,PLT-PUN,Pune Plant,APAC,India,SAP_S4HANA,NET45,Net 45,45
INV-000075,2026-01-20,2026-03-04,43,true,623182.2,USD,SUP-00081,Everest Cloud Services Eindhoven S.A.,GU-0019,Everest Cloud Services Industries,47130000,Cleaning supplies,47000000,Cleaning Equipment and Supplies,PLT-STU,Stuttgart Plant,EMEA,Germany,SAP_S4HANA,NET50,Net 50,50
INV-000076,2025-07-14,2025-08-07,24,true,1551037.52,USD,SUP-00010,Frontier Polymers Charlotte LLC,GU-0002,Frontier Polymers Global,31160000,Hardware and fasteners,31000000,Manufacturing Components and Supplies,PLT-CLT,Charlotte Plant,NAMER,United States,SAP_S4HANA,NET21,Net 21,21
INV-000077,2026-06-03,2026-06-11,8,true,64281.99,USD,SUP-00012,Frontier Polymers Charlotte LLC,GU-0002,Frontier Polymers Global,44120000,Office supplies,44000000,Office Equipment and Accessories and Supplies,PLT-DET,Detroit Plant,NAMER,United States,SAP_ECC,D15N10N30,1.5% 10 Net 30,30
INV-000078,2025-08-25,2025-09-11,17,true,1402402.13,USD,SUP-00024,Apex Supply Co Lyon AG,GU-0005,Apex Supply Co Global,31350000,Machined castings,31000000,Manufacturing Components and Supplies,PLT-ROT,Rotterdam DC,EMEA,Netherlands,SAP_ECC,NET14,Net 14,14
INV-000079,2025-08-20,2025-10-03,44,true,77874.22,USD,SUP-00006,Falcon Systems Nagoya Pte. Ltd.,GU-0001,Falcon Systems Industries,44100000,Office machines,44000000,Office Equipment and Accessories and Supplies,PLT-PUN,Pune Plant,APAC,India,SAP_S4HANA,NET45,Net 45,45
INV-000080,2025-08-13,2025-10-04,52,true,118537.12,USD,SUP-00018,Orion Supply Co Shanghai Pte. Ltd.,GU-0003,Orion Supply Co International,90120000,Travel services,90000000,Travel and Food and Lodging and Entertainment Services,PLT-PUN,Pune Plant,APAC,India,CONCUR,MP25,"Monthly, paid 25th",40
INV-000081,2025-07-12,2025-08-17,36,true,1129974.82,USD,SUP-00022,Umbra Fasteners Toronto LLC,GU-0004,Umbra Fasteners International,44120000,Office supplies,44000000,Office Equipment and Accessories and Supplies,PLT-CLT,Charlotte Plant,NAMER,United States,SAP_S4HANA,NET11,Net 11,11
INV-000082,2026-05-24,2026-07-17,54,true,302488.71,USD,SUP-00002,Falcon Systems Bengaluru Pte. Ltd.,GU-0001,Falcon Systems Industries,44100000,Office machines,44000000,Office Equipment and Accessories and Supplies,PLT-PUN,Pune Plant,APAC,India,ARIBA,NET45,Net 45,45
INV-000083,2026-04-22,2026-06-06,45,true,131188.39,USD,SUP-00016,Orion Supply Co Nagoya Pvt. Ltd.,GU-0003,Orion Supply Co International,90120000,Travel services,90000000,Travel and Food and Lodging and Entertainment Services,PLT-MAN,Manchester Plant,EMEA,United Kingdom,CONCUR,D15N10N30,1.5% 10 Net 30,30
INV-000084,2026-06-10,2026-10-17,129,true,513563.64,USD,SUP-00039,Sequoia Fasteners Lille Ltd.,GU-0008,Sequoia Fasteners Holdings,90120000,Travel services,90000000,Travel and Food and Lodging and Entertainment Services,PLT-TOR,Toronto Plant,NAMER,Canada,CONCUR,NET120,Net 120,120
INV-000085,2025-09-09,2025-09-19,10,true,239075.3,USD,SUP-00001,Falcon Systems Osaka Pvt. Ltd.,GU-0001,Falcon Systems Industries,44100000,Office machines,44000000,Office Equipment and Accessories and Supplies,PLT-PUN,Pune Plant,APAC,India,FIELDGLASS,NET15,Net 15,15
INV-000086,2025-07-05,2025-07-20,15,true,182871.69,USD,SUP-00002,Falcon Systems Bengaluru Pte. Ltd.,GU-0001,Falcon Systems Industries,44100000,Office machines,44000000,Office Equipment and Accessories and Supplies,PLT-SHA,Shanghai Plant,APAC,China,SAP_ECC,NET15,Net 15,15
INV-000087,2025-10-21,2026-02-23,125,true,180688.38,USD,SUP-00038,Sequoia Fasteners Leeds Ltd.,GU-0008,Sequoia Fasteners Holdings,90120000,Travel services,90000000,Travel and Food and Lodging and Entertainment Services,PLT-MAN,Manchester Plant,EMEA,United Kingdom,ARIBA,NET120,Net 120,120
INV-000088,2025-07-22,2025-08-10,19,true,787919.31,USD,SUP-00024,Apex Supply Co Lyon AG,GU-0005,Apex Supply Co Global,31350000,Machined castings,31000000,Manufacturing Components and Supplies,PLT-LYO,Lyon Plant,EMEA,France,SAP_S4HANA,NET14,Net 14,14
INV-000089,2025-08-30,2025-10-04,35,true,725635.18,USD,SUP-00052,Apex Chemicals Sao Paulo S.A.,GU-0013,Apex Chemicals Corporation,27140000,Hydraulic machinery,27000000,Tools and General Machinery,PLT-DET,Detroit Plant,NAMER,United States,SAP_ECC,NET35,Net 35,35
INV-000090,2026-05-02,2026-09-01,122,true,839474.53,USD,SUP-00036,Sequoia Fasteners Munich S.p.A.,GU-0008,Sequoia Fasteners Holdings,43230000,Software licenses,43000000,Information Technology Broadcasting and Telecommunications,PLT-MAN,Manchester Plant,EMEA,United Kingdom,SAP_S4HANA,NET120,Net 120,120
INV-000091,2026-06-01,2026-07-04,33,true,71425.06,USD,SUP-00011,Frontier Polymers Montreal Co.,GU-0002,Frontier Polymers Global,31160000,Hardware and fasteners,31000000,Manufacturing Components and Supplies,PLT-SAO,Sao Paulo Plant,LATAM,Brazil,SAP_ECC,NET30,Net 30,30
INV-000092,2026-03-21,2026-04-27,37,true,1487565.49,USD,SUP-00027,Orion Polymers Queretaro Ltda.,GU-0006,Orion Polymers Group,31200000,Adhesives and sealants,31000000,Manufacturing Components and Supplies,PLT-PUN,Pune Plant,APAC,India,SAP_S4HANA,D2N10N30,2% 10 Net 30,30
INV-000093,2026-06-06,2026-07-29,53,true,4053108.73,USD,SUP-00023,Umbra Fasteners Detroit Corp.,GU-0004,Umbra Fasteners International,,,,,PLT-HOU,Houston Plant,NAMER,United States,ARIBA,NET50,Net 50,50
INV-000094,2025-12-23,2026-02-16,55,true,11035.71,USD,SUP-00021,Umbra Fasteners Montreal Co.,GU-0004,Umbra Fasteners International,44120000,Office supplies,44000000,Office Equipment and Accessories and Supplies,PLT-HOU,Houston Plant,NAMER,United States,SAP_S4HANA,D15N10N30,1.5% 10 Net 30,30
INV-000095,2025-10-28,2025-12-10,43,true,296114.94,USD,SUP-00007,Frontier Polymers Charlotte Inc.,GU-0002,Frontier Polymers Global,31160000,Hardware and fasteners,31000000,Manufacturing Components and Supplies,PLT-CLT,Charlotte Plant,NAMER,United States,SAP_ECC,MP25,"Monthly, paid 25th",40
INV-000096,2025-09-06,2025-09-23,17,true,359344.45,USD,SUP-00024,Apex Supply Co Lyon AG,GU-0005,Apex Supply Co Global,,,,,PLT-DET,Detroit Plant,NAMER,United States,ARIBA,NET14,Net 14,14
INV-000097,2026-06-12,,,false,48084.52,USD,SUP-00003,Falcon Systems Osaka Pte. Ltd.,GU-0001,Falcon Systems Industries,44100000,Office machines,44000000,Office Equipment and Accessories and Supplies,PLT-TOR,Toronto Plant,NAMER,Canada,SAP_ECC,NET15,Net 15,15
INV-000098,2025-08-14,2025-10-14,61,true,189532.73,USD,SUP-00018,Orion Supply Co Shanghai Pte. Ltd.,GU-0003,Orion Supply Co International,90120000,Travel services,90000000,Travel and Food and Lodging and Entertainment Services,PLT-LYO,Lyon Plant,EMEA,France,CONCUR,MILESTONE,Milestone based,45
INV-000099,2026-03-18,2026-04-23,36,true,165608.57,USD,SUP-00034,Vantage Technologies Milan GmbH,GU-0007,Vantage Technologies Inc.,39130000,Electrical hardware,39000000,Electrical Systems and Lighting and Components,PLT-MAN,Manchester Plant,EMEA,United Kingdom,ARIBA,NET30,Net 30,30
INV-000100,2025-07-07,2025-08-19,43,true,413690.2,USD,SUP-00070,Redwood Controls Singapore Pte. Ltd.,GU-0017,Redwood Controls Inc.,31160000,Hardware and fasteners,31000000,Manufacturing Components and Supplies,PLT-CHN,Chennai Plant,APAC,India,ARIBA,MP25,"Monthly, paid 25th",40
INV-000101,2025-11-24,2025-11-25,1,true,602170.64,USD,SUP-00001,Falcon Systems Osaka Pvt. Ltd.,GU-0001,Falcon Systems Industries,,,,,PLT-DET,Detroit Plant,NAMER,United States,SAP_ECC,NET05,Net 5,5
INV-000102,2025-09-18,2025-11-06,49,true,210780.58,USD,SUP-00005,Falcon Systems Singapore Pte. Ltd.,GU-0001,Falcon Systems Industries,44100000,Office machines,44000000,Office Equipment and Accessories and Supplies,PLT-PUN,Pune Plant,APAC,India,SAP_S4HANA,NET45,Net 45,45
INV-000103,2026-06-07,2026-06-28,21,true,1825741.37,USD,SUP-00043,Zenith Bearings Monterrey Ltda.,GU-0010,Zenith Bearings Industries,31160000,Hardware and fasteners,31000000,Manufacturing Components and Supplies,PLT-MTY,Monterrey Plant,LATAM,Mexico,SAP_ECC,NET13,Net 13,13
INV-000104,2025-09-03,2025-10-08,35,true,548271.71,USD,SUP-00047,Halcyon Controls Cleveland Inc.,GU-0011,Halcyon Controls Corporation,31350000,Machined castings,31000000,Manufacturing Components and Supplies,PLT-CHN,Chennai Plant,APAC,India,SAP_ECC,NET45,Net 45,45
INV-000105,2025-09-24,2025-10-07,13,true,137451.07,USD,SUP-00011,Frontier Polymers Montreal Co.,GU-0002,Frontier Polymers Global,44120000,Office supplies,44000000,Office Equipment and Accessories and Supplies,PLT-CLT,Charlotte Plant,NAMER,United States,SAP_ECC,NET07,Net 7,7
INV-000106,2026-01-03,2026-03-26,82,true,354492.2,USD,SUP-00049,Marlin Controls Shenzhen Co. Ltd.,GU-0012,Marlin Controls Group,72100000,Facility maintenance,72000000,Building and Facility Maintenance Services,PLT-PUN,Pune Plant,APAC,India,SAP_ECC,EOM60,End of month + 60,75
INV-000107,2026-06-10,2026-09-03,85,true,731777.89,USD,SUP-00015,Orion Supply Co Osaka Pvt. Ltd.,GU-0003,Orion Supply Co International,90120000,Travel services,90000000,Travel and Food and Lodging and Entertainment Services,PLT-PUN,Pune Plant,APAC,India,FIELDGLASS,NET75,Net 75,75
INV-000108,2026-04-15,2026-05-27,42,true,1354399.15,USD,SUP-00004,Falcon Systems Chennai Co. Ltd.,GU-0001,Falcon Systems Industries,44100000,Office machines,44000000,Office Equipment and Accessories and Supplies,PLT-PUN,Pune Plant,APAC,India,CONCUR,NET45,Net 45,45
INV-000109,2025-07-05,2025-08-12,38,true,3461397.55,USD,SUP-00063,Yellowstone Solutions Queretaro Ltda.,GU-0015,Yellowstone Solutions Global,40160000,HVAC equipment,40000000,Distribution and Conditioning Systems and Equipment,PLT-SAO,Sao Paulo Plant,LATAM,Brazil,SAP_S4HANA,D5N10N30,5% 10 Net 30,30
INV-000110,2025-10-27,2025-11-06,10,true,1511981.98,USD,SUP-00024,Apex Supply Co Lyon AG,GU-0005,Apex Supply Co Global,31350000,Machined castings,31000000,Manufacturing Components and Supplies,PLT-STU,Stuttgart Plant,EMEA,Germany,SAP_S4HANA,NET14,Net 14,14
INV-000111,2025-10-30,2025-12-22,53,true,15274.72,USD,SUP-00002,Falcon Systems Bengaluru Pte. Ltd.,GU-0001,Falcon Systems Industries,44100000,Office machines,44000000,Office Equipment and Accessories and Supplies,PLT-SNG,Singapore Hub,APAC,Singapore,SAP_S4HANA,NET45,Net 45,45
INV-000112,2025-08-25,2025-09-30,36,true,288175.91,USD,SUP-00083,Silverline Fabrication Pune Pte. Ltd.,GU-0020,Silverline Fabrication Industries,25100000,Motor vehicles,25000000,Commercial and Private Vehicles and Components,PLT-SHA,Shanghai Plant,APAC,China,CONCUR,NET45,Net 45,45
INV-000113,2026-05-05,2026-05-24,19,true,134545.22,USD,SUP-00003,Falcon Systems Osaka Pte. Ltd.,GU-0001,Falcon Systems Industries,44100000,Office machines,44000000,Office Equipment and Accessories and Supplies,PLT-SHA,Shanghai Plant,APAC,China,SAP_S4HANA,NET15,Net 15,15
INV-000114,2026-04-08,2026-05-25,47,true,147439.61,USD,SUP-00021,Umbra Fasteners Montreal Co.,GU-0004,Umbra Fasteners International,31160000,Hardware and fasteners,31000000,Manufacturing Components and Supplies,PLT-CLT,Charlotte Plant,NAMER,United States,ARIBA,NET30,Net 30,30
INV-000115,2025-11-10,2025-12-12,32,true,1352841.51,USD,SUP-00189,Ridgeway Electricals Pune Co. Ltd.,GU-0046,Ridgeway Electricals Industries,76120000,Waste management,76000000,Industrial Cleaning Services,PLT-CHN,Chennai Plant,APAC,India,ARIBA,NET15,Net 15,15
INV-000116,2025-09-27,2025-11-11,45,true,10740.7,USD,SUP-00004,Falcon Systems Chennai Co. Ltd.,GU-0001,Falcon Systems Industries,44100000,Office machines,44000000,Office Equipment and Accessories and Supplies,PLT-SHA,Shanghai Plant,APAC,China,SAP_ECC,NET45,Net 45,45
INV-000117,2025-09-09,2026-02-09,153,true,302348.58,USD,SUP-00034,Vantage Technologies Milan GmbH,GU-0007,Vantage Technologies Inc.,72100000,Facility maintenance,72000000,Building and Facility Maintenance Services,PLT-STU,Stuttgart Plant,EMEA,Germany,FIELDGLASS,NET150,Net 150,150
INV-000118,2026-04-16,2026-04-18,2,true,914972.88,USD,SUP-00203,Windward Automation Osaka Ltd.,GU-0049,Windward Automation Corporation,80100000,Management consulting,80000000,Management and Business Professionals and Admin Services,PLT-CHN,Chennai Plant,APAC,India,ARIBA,NET00,Immediate / Due on receipt,0
INV-000119,2025-07-29,2025-09-16,49,true,8510.68,USD,SUP-00004,Falcon Systems Chennai Co. Ltd.,GU-0001,Falcon Systems Industries,44100000,Office machines,44000000,Office Equipment and Accessories and Supplies,PLT-SHA,Shanghai Plant,APAC,China,SAP_S4HANA,NET45,Net 45,45
INV-000120,2026-04-15,2026-06-02,48,true,1204425.81,USD,SUP-00003,Falcon Systems Osaka Pte. Ltd.,GU-0001,Falcon Systems Industries,44100000,Office machines,44000000,Office Equipment and Accessories and Supplies,PLT-MTY,Monterrey Plant,LATAM,Mexico,SAP_ECC,NET45,Net 45,45
INV-000121,2025-12-13,2026-01-29,47,true,581695.63,USD,SUP-00004,Falcon Systems Chennai Co. Ltd.,GU-0001,Falcon Systems Industries,,,,,PLT-SHA,Shanghai Plant,APAC,China,SAP_ECC,NET45,Net 45,45
INV-000122,2025-09-19,2025-09-26,7,true,398003.45,USD,SUP-00007,Frontier Polymers Charlotte Inc.,GU-0002,Frontier Polymers Global,44120000,Office supplies,44000000,Office Equipment and Accessories and Supplies,PLT-DET,Detroit Plant,NAMER,United States,SAP_ECC,NET07,Net 7,7
INV-000123,2025-07-01,2025-07-17,16,true,3521855.37,USD,SUP-00024,Apex Supply Co Lyon AG,GU-0005,Apex Supply Co Global,31350000,Machined castings,31000000,Manufacturing Components and Supplies,PLT-STU,Stuttgart Plant,EMEA,Germany,SAP_S4HANA,NET14,Net 14,14
INV-000124,2025-08-15,2025-10-10,56,true,1095702.42,USD,SUP-00028,Orion Polymers Sao Paulo Ltda.,GU-0006,Orion Polymers Group,44120000,Office supplies,44000000,Office Equipment and Accessories and Supplies,PLT-SAO,Sao Paulo Plant,LATAM,Brazil,SAP_S4HANA,MP25,"Monthly, paid 25th",40
INV-000125,2025-09-24,2025-12-10,77,true,1336086.69,USD,SUP-00044,Zenith Bearings Queretaro S.A. de C.V.,GU-0010,Zenith Bearings Industries,31160000,Hardware and fasteners,31000000,Manufacturing Components and Supplies,PLT-MTY,Monterrey Plant,LATAM,Mexico,SAP_ECC,D2N20N60,2% 20 Net 60,60
INV-000126,2025-12-11,2026-01-28,48,true,117051.74,USD,SUP-00004,Falcon Systems Chennai Co. Ltd.,GU-0001,Falcon Systems Industries,44100000,Office machines,44000000,Office Equipment and Accessories and Supplies,PLT-SNG,Singapore Hub,APAC,Singapore,SAP_S4HANA,NET45,Net 45,45
INV-000127,2026-05-07,,,false,1741397.59,USD,SUP-00152,Cobalt Fabrication Queretaro Ltda.,GU-0037,Cobalt Fabrication Holdings,43210000,Computer equipment,43000000,Information Technology Broadcasting and Telecommunications,PLT-SAO,Sao Paulo Plant,LATAM,Brazil,SAP_S4HANA,NET75,Net 75,75
INV-000128,2026-04-08,2026-05-24,46,true,390137.04,USD,SUP-00006,Falcon Systems Nagoya Pte. Ltd.,GU-0001,Falcon Systems Industries,44100000,Office machines,44000000,Office Equipment and Accessories and Supplies,PLT-PUN,Pune Plant,APAC,India,SAP_S4HANA,NET45,Net 45,45
INV-000129,2025-08-11,2025-08-29,18,true,179361.9,USD,SUP-00012,Frontier Polymers Charlotte LLC,GU-0002,Frontier Polymers Global,44120000,Office supplies,44000000,Office Equipment and Accessories and Supplies,PLT-HOU,Houston Plant,NAMER,United States,SAP_S4HANA,NET21,Net 21,21
INV-000130,2025-10-24,2026-02-25,124,true,1220040.73,USD,SUP-00038,Sequoia Fasteners Leeds Ltd.,GU-0008,Sequoia Fasteners Holdings,90120000,Travel services,90000000,Travel and Food and Lodging and Entertainment Services,PLT-MAN,Manchester Plant,EMEA,United Kingdom,CONCUR,NET120,Net 120,120
INV-000131,2026-03-25,2026-05-05,41,true,138058.86,USD,SUP-00006,Falcon Systems Nagoya Pte. Ltd.,GU-0001,Falcon Systems Industries,44100000,Office machines,44000000,Office Equipment and Accessories and Supplies,PLT-SHA,Shanghai Plant,APAC,China,SAP_ECC,NET45,Net 45,45
INV-000132,2025-09-14,2025-11-01,48,true,117757.73,USD,SUP-00006,Falcon Systems Nagoya Pte. Ltd.,GU-0001,Falcon Systems Industries,,,,,PLT-SNG,Singapore Hub,APAC,Singapore,SAP_S4HANA,NET45,Net 45,45
INV-000133,2026-04-11,2026-05-07,26,true,316496.14,USD,SUP-00207,Marlin Freight Shanghai Pvt. Ltd.,GU-0050,Marlin Freight Holdings,39110000,Lighting fixtures,39000000,Electrical Systems and Lighting and Components,PLT-PUN,Pune Plant,APAC,India,ARIBA,NET30,Net 30,30
INV-000134,2025-08-21,2025-09-24,34,true,2396980.54,USD,SUP-00033,Vantage Technologies Turin AG,GU-0007,Vantage Technologies Inc.,39130000,Electrical hardware,39000000,Electrical Systems and Lighting and Components,PLT-LYO,Lyon Plant,EMEA,France,SAP_S4HANA,NET30,Net 30,30
INV-000135,2025-11-19,2025-12-03,14,true,215551.89,USD,SUP-00024,Apex Supply Co Lyon AG,GU-0005,Apex Supply Co Global,31350000,Machined castings,31000000,Manufacturing Components and Supplies,PLT-STU,Stuttgart Plant,EMEA,Germany,ARIBA,NET14,Net 14,14
INV-000136,2025-11-21,2026-02-08,79,true,93944.51,USD,SUP-00042,Zenith Bearings Monterrey S.A. de C.V.,GU-0010,Zenith Bearings Industries,44120000,Office supplies,44000000,Office Equipment and Accessories and Supplies,PLT-SNG,Singapore Hub,APAC,Singapore,ARIBA,D2N20N60,2% 20 Net 60,60
INV-000137,2026-03-06,2026-03-21,15,true,1123212.36,USD,SUP-00012,Frontier Polymers Charlotte LLC,GU-0002,Frontier Polymers Global,31160000,Hardware and fasteners,31000000,Manufacturing Components and Supplies,PLT-DET,Detroit Plant,NAMER,United States,SAP_S4HANA,D2N15N45,2% 15 Net 45,45
INV-000138,2026-02-19,2026-03-29,38,true,106768.99,USD,SUP-00090,Anchor Manufacturing Chennai Ltd.,GU-0022,Anchor Manufacturing Global,,,,,PLT-SHA,Shanghai Plant,APAC,China,SAP_S4HANA,D15N10N30,1.5% 10 Net 30,30
INV-000139,2025-09-29,2025-11-23,55,true,1652147.98,USD,SUP-00022,Umbra Fasteners Toronto LLC,GU-0004,Umbra Fasteners International,31160000,Hardware and fasteners,31000000,Manufacturing Components and Supplies,PLT-HOU,Houston Plant,NAMER,United States,SAP_S4HANA,D2N15N45,2% 15 Net 45,45
INV-000140,2025-10-22,2025-11-14,23,true,1380306.62,USD,SUP-00082,Silverline Fabrication Shanghai Pvt. Ltd.,GU-0020,Silverline Fabrication Industries,25100000,Motor vehicles,25000000,Commercial and Private Vehicles and Components,PLT-SHA,Shanghai Plant,APAC,China,SAP_S4HANA,NET45,Net 45,45
INV-000141,2025-11-07,2025-11-23,16,true,11620665.96,USD,SUP-00006,Falcon Systems Nagoya Pte. Ltd.,GU-0001,Falcon Systems Industries,,,,,PLT-PUN,Pune Plant,APAC,India,ARIBA,NET15,Net 15,15
INV-000142,2025-07-04,2025-09-02,60,true,442797.29,USD,SUP-00093,Dynamo Freight Leeds AG,GU-0023,Dynamo Freight Inc.,39120000,Electrical wire and cable,39000000,Electrical Systems and Lighting and Components,PLT-MAN,Manchester Plant,EMEA,United Kingdom,SAP_S4HANA,NET60,Net 60,60
INV-000143,2025-11-19,2026-03-21,122,true,170766.48,USD,SUP-00039,Sequoia Fasteners Lille Ltd.,GU-0008,Sequoia Fasteners Holdings,43230000,Software licenses,43000000,Information Technology Broadcasting and Telecommunications,PLT-STU,Stuttgart Plant,EMEA,Germany,ARIBA,NET120,Net 120,120
INV-000144,2025-11-10,2025-12-09,29,true,2074417.79,USD,SUP-00121,Bluepeak Services Singapore Co. Ltd.,GU-0029,Bluepeak Services Holdings,25100000,Motor vehicles,25000000,Commercial and Private Vehicles and Components,PLT-SAO,Sao Paulo Plant,LATAM,Brazil,SAP_ECC,NET25,Net 25,25
INV-000145,2026-06-09,2026-07-04,25,true,131499.17,USD,SUP-00200,Windward Automation Chennai Pvt. Ltd.,GU-0049,Windward Automation Corporation,44120000,Office supplies,44000000,Office Equipment and Accessories and Supplies,PLT-ROT,Rotterdam DC,EMEA,Netherlands,SAP_S4HANA,MP10,"Monthly, paid 10th",25
INV-000146,2025-10-23,2026-01-01,70,true,642820.74,USD,SUP-00021,Umbra Fasteners Montreal Co.,GU-0004,Umbra Fasteners International,31160000,Hardware and fasteners,31000000,Manufacturing Components and Supplies,PLT-SHA,Shanghai Plant,APAC,China,SAP_S4HANA,NET60,Net 60,60
INV-000147,2025-08-06,2025-08-21,15,true,177878.86,USD,SUP-00003,Falcon Systems Osaka Pte. Ltd.,GU-0001,Falcon Systems Industries,44100000,Office machines,44000000,Office Equipment and Accessories and Supplies,PLT-SNG,Singapore Hub,APAC,Singapore,SAP_S4HANA,NET15,Net 15,15
INV-000148,2025-09-12,2025-10-11,29,true,118288.34,USD,SUP-00098,Emerald Energy Campinas S.A.,GU-0025,Emerald Energy Industries,27110000,Hand tools,27000000,Tools and General Machinery,PLT-SAO,Sao Paulo Plant,LATAM,Brazil,SAP_ECC,NET30,Net 30,30
INV-000149,2026-04-22,2026-06-13,52,true,1925418.74,USD,SUP-00036,Sequoia Fasteners Munich S.p.A.,GU-0008,Sequoia Fasteners Holdings,43230000,Software licenses,43000000,Information Technology Broadcasting and Telecommunications,PLT-LYO,Lyon Plant,EMEA,France,SAP_ECC,,,
INV-000150,2026-03-29,2026-06-02,65,true,135000.6,USD,SUP-00016,Orion Supply Co Nagoya Pvt. Ltd.,GU-0003,Orion Supply Co International,43190000,Communications devices,43000000,Information Technology Broadcasting and Telecommunications,PLT-ROT,Rotterdam DC,EMEA,Netherlands,SAP_S4HANA,NET45,Net 45,45
INV-000151,2025-11-30,2026-01-09,40,true,1503839.63,USD,SUP-00044,Zenith Bearings Queretaro S.A. de C.V.,GU-0010,Zenith Bearings Industries,31160000,Hardware and fasteners,31000000,Manufacturing Components and Supplies,PLT-SAO,Sao Paulo Plant,LATAM,Brazil,SAP_ECC,NET30,Net 30,30
INV-000152,2025-10-23,2025-10-30,7,true,303150.03,USD,SUP-00004,Falcon Systems Chennai Co. Ltd.,GU-0001,Falcon Systems Industries,44100000,Office machines,44000000,Office Equipment and Accessories and Supplies,PLT-PUN,Pune Plant,APAC,India,SAP_ECC,NET05,Net 5,5
INV-000153,2026-05-01,2026-05-15,14,true,250992.49,USD,SUP-00003,Falcon Systems Osaka Pte. Ltd.,GU-0001,Falcon Systems Industries,44100000,Office machines,44000000,Office Equipment and Accessories and Supplies,PLT-TOR,Toronto Plant,NAMER,Canada,SAP_ECC,NET15,Net 15,15
INV-000154,2026-05-15,2026-07-13,59,true,424768.65,USD,SUP-00020,Umbra Fasteners Houston Corp.,GU-0004,Umbra Fasteners International,31160000,Hardware and fasteners,31000000,Manufacturing Components and Supplies,PLT-HOU,Houston Plant,NAMER,United States,SAP_S4HANA,MP25,"Monthly, paid 25th",40
INV-000155,2026-03-25,2026-05-01,37,true,1713001.13,USD,SUP-00049,Marlin Controls Shenzhen Co. Ltd.,GU-0012,Marlin Controls Group,72100000,Facility maintenance,72000000,Building and Facility Maintenance Services,PLT-PUN,Pune Plant,APAC,India,SAP_ECC,D1N10N30,1% 10 Net 30,30
INV-000156,2025-09-15,2025-11-26,72,true,2940799.76,USD,SUP-00020,Umbra Fasteners Houston Corp.,GU-0004,Umbra Fasteners International,,,,,PLT-STU,Stuttgart Plant,EMEA,Germany,CONCUR,NET50,Net 50,50
INV-000157,2026-02-04,2026-02-19,15,true,547741.92,USD,SUP-00007,Frontier Polymers Charlotte Inc.,GU-0002,Frontier Polymers Global,31160000,Hardware and fasteners,31000000,Manufacturing Components and Supplies,PLT-HOU,Houston Plant,NAMER,United States,SAP_ECC,D15N10N30,1.5% 10 Net 30,30
INV-000158,2026-01-22,2026-03-12,49,true,135993.77,USD,SUP-00003,Falcon Systems Osaka Pte. Ltd.,GU-0001,Falcon Systems Industries,44100000,Office machines,44000000,Office Equipment and Accessories and Supplies,PLT-CHN,Chennai Plant,APAC,India,SAP_ECC,NET45,Net 45,45
INV-000159,2025-09-20,2025-10-08,18,true,316910.11,USD,SUP-00022,Umbra Fasteners Toronto LLC,GU-0004,Umbra Fasteners International,31160000,Hardware and fasteners,31000000,Manufacturing Components and Supplies,PLT-SAO,Sao Paulo Plant,LATAM,Brazil,SAP_ECC,NET10,Net 10,10
INV-000160,2025-08-02,2025-09-10,39,true,202390.95,USD,SUP-00096,Copperfield Fabrication Singapore Ltd.,GU-0024,Copperfield Fabrication Holdings,27140000,Hydraulic machinery,27000000,Tools and General Machinery,PLT-DET,Detroit Plant,NAMER,United States,SAP_ECC,NET30,Net 30,30
INV-000161,2025-11-05,2025-11-17,12,true,481091.45,USD,SUP-00063,Yellowstone Solutions Queretaro Ltda.,GU-0015,Yellowstone Solutions Global,40160000,HVAC equipment,40000000,Distribution and Conditioning Systems and Equipment,PLT-MTY,Monterrey Plant,LATAM,Mexico,ARIBA,WEEKLY,Weekly settlement,7
INV-000162,2026-03-09,2026-04-15,37,true,443792.78,USD,SUP-00029,Vantage Technologies Rotterdam Ltd.,GU-0007,Vantage Technologies Inc.,84120000,Banking and finance services,84000000,Financial and Insurance Services,PLT-STU,Stuttgart Plant,EMEA,Germany,SAP_ECC,NET30,Net 30,30
INV-000163,2026-03-13,2026-03-28,15,true,305768.26,USD,SUP-00024,Apex Supply Co Lyon AG,GU-0005,Apex Supply Co Global,31350000,Machined castings,31000000,Manufacturing Components and Supplies,PLT-STU,Stuttgart Plant,EMEA,Germany,SAP_S4HANA,NET14,Net 14,14
INV-000164,2025-12-22,2026-01-06,15,true,262625.14,USD,SUP-00024,Apex Supply Co Lyon AG,GU-0005,Apex Supply Co Global,31350000,Machined castings,31000000,Manufacturing Components and Supplies,PLT-HOU,Houston Plant,NAMER,United States,SAP_S4HANA,NET14,Net 14,14
INV-000165,2025-12-22,2026-01-04,13,true,167122.76,USD,SUP-00024,Apex Supply Co Lyon AG,GU-0005,Apex Supply Co Global,31350000,Machined castings,31000000,Manufacturing Components and Supplies,PLT-SHA,Shanghai Plant,APAC,China,SAP_S4HANA,NET14,Net 14,14
INV-000166,2026-01-18,2026-02-13,26,true,261002.28,USD,SUP-00120,Bluepeak Services Chennai Co. Ltd.,GU-0029,Bluepeak Services Holdings,25100000,Motor vehicles,25000000,Commercial and Private Vehicles and Components,PLT-SNG,Singapore Hub,APAC,Singapore,SAP_S4HANA,NET25,Net 25,25
INV-000167,2025-07-03,2025-11-05,125,true,320769.04,USD,SUP-00039,Sequoia Fasteners Lille Ltd.,GU-0008,Sequoia Fasteners Holdings,90120000,Travel services,90000000,Travel and Food and Lodging and Entertainment Services,PLT-ROT,Rotterdam DC,EMEA,Netherlands,CONCUR,NET120,Net 120,120
INV-000168,2025-12-12,2026-02-09,59,true,383143.25,USD,SUP-00133,Titan Industrial Supply Singapore Ltd.,GU-0033,Titan Industrial Supply International,27110000,Hand tools,27000000,Tools and General Machinery,PLT-CHN,Chennai Plant,APAC,India,FIELDGLASS,NET60,Net 60,60
INV-000169,2026-06-24,2026-07-04,10,true,2208625.65,USD,SUP-00058,Sequoia Fluid Systems Campinas Ltda.,GU-0014,Sequoia Fluid Systems Global,40170000,Compressors and blowers,40000000,Distribution and Conditioning Systems and Equipment,PLT-MTY,Monterrey Plant,LATAM,Mexico,SAP_ECC,NET10,Net 10,10
INV-000170,2025-09-30,2025-10-15,15,true,348611.9,USD,SUP-00024,Apex Supply Co Lyon AG,GU-0005,Apex Supply Co Global,31350000,Machined castings,31000000,Manufacturing Components and Supplies,PLT-LYO,Lyon Plant,EMEA,France,SAP_S4HANA,NET14,Net 14,14
INV-000171,2025-07-07,2025-08-03,27,true,197400.61,USD,SUP-00010,Frontier Polymers Charlotte LLC,GU-0002,Frontier Polymers Global,44120000,Office supplies,44000000,Office Equipment and Accessories and Supplies,PLT-CLT,Charlotte Plant,NAMER,United States,SAP_ECC,NET25,Net 25,25
INV-000172,2025-07-17,2025-08-01,15,true,118891.04,USD,SUP-00003,Falcon Systems Osaka Pte. Ltd.,GU-0001,Falcon Systems Industries,44100000,Office machines,44000000,Office Equipment and Accessories and Supplies,PLT-SHA,Shanghai Plant,APAC,China,SAP_ECC,NET15,Net 15,15
INV-000173,2026-06-06,2026-06-23,17,true,91056.1,USD,SUP-00024,Apex Supply Co Lyon AG,GU-0005,Apex Supply Co Global,31350000,Machined castings,31000000,Manufacturing Components and Supplies,PLT-SNG,Singapore Hub,APAC,Singapore,CONCUR,NET14,Net 14,14
INV-000174,2026-04-28,2026-05-01,3,true,233911.49,USD,SUP-00006,Falcon Systems Nagoya Pte. Ltd.,GU-0001,Falcon Systems Industries,44100000,Office machines,44000000,Office Equipment and Accessories and Supplies,PLT-STU,Stuttgart Plant,EMEA,Germany,CONCUR,NET05,Net 5,5
INV-000175,2025-07-21,2025-07-31,10,true,254826.25,USD,SUP-00008,Frontier Polymers Detroit Corp.,GU-0002,Frontier Polymers Global,31160000,Hardware and fasteners,31000000,Manufacturing Components and Supplies,PLT-PUN,Pune Plant,APAC,India,SAP_S4HANA,D2N10N45,2% 10 Net 45,45
INV-000176,2026-06-04,2026-06-25,21,true,68820.42,USD,SUP-00047,Halcyon Controls Cleveland Inc.,GU-0011,Halcyon Controls Corporation,,,,,PLT-TOR,Toronto Plant,NAMER,Canada,SAP_S4HANA,MP10,"Monthly, paid 10th",25
INV-000177,2025-12-26,2026-01-15,20,true,159943.12,USD,SUP-00047,Halcyon Controls Cleveland Inc.,GU-0011,Halcyon Controls Corporation,90100000,Catering and restaurants,90000000,Travel and Food and Lodging and Entertainment Services,PLT-DET,Detroit Plant,NAMER,United States,SAP_ECC,MP10,"Monthly, paid 10th",25
INV-000178,2026-05-15,2026-05-28,13,true,1163668.81,USD,SUP-00207,Marlin Freight Shanghai Pvt. Ltd.,GU-0050,Marlin Freight Holdings,,,,,PLT-TOR,Toronto Plant,NAMER,Canada,SAP_S4HANA,NET30,Net 30,30
INV-000179,2026-05-30,2026-07-20,51,true,60570.55,USD,SUP-00006,Falcon Systems Nagoya Pte. Ltd.,GU-0001,Falcon Systems Industries,44100000,Office machines,44000000,Office Equipment and Accessories and Supplies,PLT-PUN,Pune Plant,APAC,India,SAP_ECC,NET45,Net 45,45
INV-000180,2026-06-25,,,false,100144.83,USD,SUP-00001,Falcon Systems Osaka Pvt. Ltd.,GU-0001,Falcon Systems Industries,44100000,Office machines,44000000,Office Equipment and Accessories and Supplies,PLT-CHN,Chennai Plant,APAC,India,SAP_ECC,NET45,Net 45,45
INV-000181,2025-10-25,2025-12-18,54,true,660489.7,USD,SUP-00006,Falcon Systems Nagoya Pte. Ltd.,GU-0001,Falcon Systems Industries,44100000,Office machines,44000000,Office Equipment and Accessories and Supplies,PLT-PUN,Pune Plant,APAC,India,SAP_S4HANA,NET45,Net 45,45
INV-000182,2025-07-24,2025-08-08,15,true,503301.15,USD,SUP-00010,Frontier Polymers Charlotte LLC,GU-0002,Frontier Polymers Global,31160000,Hardware and fasteners,31000000,Manufacturing Components and Supplies,PLT-CLT,Charlotte Plant,NAMER,United States,SAP_S4HANA,NET08,Net 8,8
INV-000183,2026-04-06,2026-05-26,50,true,68997.55,USD,SUP-00004,Falcon Systems Chennai Co. Ltd.,GU-0001,Falcon Systems Industries,44100000,Office machines,44000000,Office Equipment and Accessories and Supplies,PLT-PUN,Pune Plant,APAC,India,ARIBA,NET45,Net 45,45
INV-000184,2026-05-02,2026-06-06,35,true,223487.45,USD,SUP-00171,Kestrel Instruments Detroit Corp.,GU-0042,Kestrel Instruments Industries,76120000,Waste management,76000000,Industrial Cleaning Services,PLT-DET,Detroit Plant,NAMER,United States,SAP_S4HANA,NET30,Net 30,30
INV-000185,2026-04-17,2026-04-18,1,true,518761.83,USD,SUP-00124,Monarch Energy Singapore Pte. Ltd.,GU-0030,Monarch Energy International,25170000,Vehicle components and accessories,25000000,Commercial and Private Vehicles and Components,PLT-SHA,Shanghai Plant,APAC,China,SAP_S4HANA,NET10,Net 10,10
INV-000186,2025-08-05,2025-08-20,15,true,544405.86,USD,SUP-00006,Falcon Systems Nagoya Pte. Ltd.,GU-0001,Falcon Systems Industries,44100000,Office machines,44000000,Office Equipment and Accessories and Supplies,PLT-PUN,Pune Plant,APAC,India,SAP_ECC,NET15,Net 15,15
INV-000187,2026-05-25,2026-05-27,2,true,165901.92,USD,SUP-00027,Orion Polymers Queretaro Ltda.,GU-0006,Orion Polymers Group,31200000,Adhesives and sealants,31000000,Manufacturing Components and Supplies,PLT-STU,Stuttgart Plant,EMEA,Germany,SAP_ECC,COD,Cash on delivery,0
INV-000188,2025-11-21,2026-01-06,46,true,401244.71,USD,SUP-00105,Bluepeak Bearing Works Rotterdam AG,GU-0026,Bluepeak Bearing Works Group,44100000,Office machines,44000000,Office Equipment and Accessories and Supplies,PLT-STU,Stuttgart Plant,EMEA,Germany,SAP_S4HANA,D2N10N45,2% 10 Net 45,45
INV-000189,2025-07-19,2025-09-10,53,true,232014.81,USD,SUP-00001,Falcon Systems Osaka Pvt. Ltd.,GU-0001,Falcon Systems Industries,44100000,Office machines,44000000,Office Equipment and Accessories and Supplies,PLT-SHA,Shanghai Plant,APAC,China,SAP_ECC,NET45,Net 45,45
INV-000190,2025-07-06,2025-08-06,31,true,3642664.6,USD,SUP-00064,Yellowstone Solutions Sao Paulo S.A. de C.V.,GU-0015,Yellowstone Solutions Global,40160000,HVAC equipment,40000000,Distribution and Conditioning Systems and Equipment,PLT-MTY,Monterrey Plant,LATAM,Mexico,SAP_ECC,D5N10N30,5% 10 Net 30,30
INV-000191,2025-12-31,2026-02-23,54,true,157023.14,USD,SUP-00014,Orion Supply Co Osaka Pte. Ltd.,GU-0003,Orion Supply Co International,90120000,Travel services,90000000,Travel and Food and Lodging and Entertainment Services,PLT-HOU,Houston Plant,NAMER,United States,CONCUR,MP25,"Monthly, paid 25th",40
INV-000192,2026-03-24,2026-04-06,13,true,474463.28,USD,SUP-00024,Apex Supply Co Lyon AG,GU-0005,Apex Supply Co Global,31350000,Machined castings,31000000,Manufacturing Components and Supplies,PLT-STU,Stuttgart Plant,EMEA,Germany,SAP_S4HANA,NET14,Net 14,14
INV-000193,2026-01-24,2026-02-24,31,true,45965.21,USD,SUP-00011,Frontier Polymers Montreal Co.,GU-0002,Frontier Polymers Global,31160000,Hardware and fasteners,31000000,Manufacturing Components and Supplies,PLT-SHA,Shanghai Plant,APAC,China,SAP_ECC,NET30,Net 30,30
INV-000194,2025-09-15,2025-11-03,49,true,187618.67,USD,SUP-00033,Vantage Technologies Turin AG,GU-0007,Vantage Technologies Inc.,72100000,Facility maintenance,72000000,Building and Facility Maintenance Services,PLT-STU,Stuttgart Plant,EMEA,Germany,SAP_ECC,D2N10N45,2% 10 Net 45,45
INV-000195,2026-04-20,2026-06-08,49,true,412923.83,USD,SUP-00022,Umbra Fasteners Toronto LLC,GU-0004,Umbra Fasteners International,31160000,Hardware and fasteners,31000000,Manufacturing Components and Supplies,PLT-DET,Detroit Plant,NAMER,United States,ARIBA,NET30,Net 30,30
INV-000196,2026-06-04,,,false,51718.18,USD,SUP-00002,Falcon Systems Bengaluru Pte. Ltd.,GU-0001,Falcon Systems Industries,44100000,Office machines,44000000,Office Equipment and Accessories and Supplies,PLT-TOR,Toronto Plant,NAMER,Canada,SAP_ECC,NET45,Net 45,45
INV-000197,2026-02-18,2026-04-06,47,true,228142.82,USD,SUP-00004,Falcon Systems Chennai Co. Ltd.,GU-0001,Falcon Systems Industries,44100000,Office machines,44000000,Office Equipment and Accessories and Supplies,PLT-SHA,Shanghai Plant,APAC,China,SAP_ECC,NET45,Net 45,45
INV-000198,2026-03-30,2026-05-24,55,true,724170.31,USD,SUP-00127,Westfield Automation Singapore Pte. Ltd.,GU-0031,Westfield Automation Inc.,84120000,Banking and finance services,84000000,Financial and Insurance Services,PLT-SNG,Singapore Hub,APAC,Singapore,SAP_S4HANA,NET50,Net 50,50
INV-000199,2026-02-05,2026-03-16,39,true,38627.49,USD,SUP-00029,Vantage Technologies Rotterdam Ltd.,GU-0007,Vantage Technologies Inc.,72100000,Facility maintenance,72000000,Building and Facility Maintenance Services,PLT-STU,Stuttgart Plant,EMEA,Germany,ARIBA,MP25,"Monthly, paid 25th",40
INV-000200,2026-04-05,2026-06-25,81,true,154519.59,USD,SUP-00042,Zenith Bearings Monterrey S.A. de C.V.,GU-0010,Zenith Bearings Industries,44120000,Office supplies,44000000,Office Equipment and Accessories and Supplies,PLT-SNG,Singapore Hub,APAC,Singapore,ARIBA,RET10N60,10% retention / Net 60,60
INV-000201,2025-09-18,2025-10-26,38,true,247112.71,USD,SUP-00025,Orion Polymers Monterrey S.A.,GU-0006,Orion Polymers Group,31200000,Adhesives and sealants,31000000,Manufacturing Components and Supplies,PLT-MTY,Monterrey Plant,LATAM,Mexico,SAP_ECC,D2N10N30,2% 10 Net 30,30
INV-000202,2026-03-05,2026-05-07,63,true,479222.13,USD,SUP-00198,Falcon Consulting Charlotte LLC,GU-0048,Falcon Consulting Corporation,80110000,HR services,80000000,Management and Business Professionals and Admin Services,PLT-HOU,Houston Plant,NAMER,United States,SAP_ECC,NET60,Net 60,60
INV-000203,2025-12-21,2026-03-26,95,true,1695513.65,USD,SUP-00092,Dynamo Freight Munich B.V.,GU-0023,Dynamo Freight Inc.,39120000,Electrical wire and cable,39000000,Electrical Systems and Lighting and Components,PLT-MAN,Manchester Plant,EMEA,United Kingdom,SAP_ECC,NET90,Net 90,90
INV-000204,2025-07-20,2025-09-11,53,true,269933.44,USD,SUP-00073,Everest Bearing Works Campinas Ltda.,GU-0018,Everest Bearing Works Inc.,72100000,Facility maintenance,72000000,Building and Facility Maintenance Services,PLT-MTY,Monterrey Plant,LATAM,Mexico,SAP_S4HANA,NET50,Net 50,50
INV-000205,2025-10-08,2025-12-11,64,true,550002.94,USD,SUP-00063,Yellowstone Solutions Queretaro Ltda.,GU-0015,Yellowstone Solutions Global,40160000,HVAC equipment,40000000,Distribution and Conditioning Systems and Equipment,PLT-HOU,Houston Plant,NAMER,United States,SAP_S4HANA,,,
INV-000206,2026-06-26,2026-08-12,47,true,19354.04,USD,SUP-00003,Falcon Systems Osaka Pte. Ltd.,GU-0001,Falcon Systems Industries,44100000,Office machines,44000000,Office Equipment and Accessories and Supplies,PLT-PUN,Pune Plant,APAC,India,SAP_S4HANA,NET45,Net 45,45
INV-000207,2026-03-17,2026-04-10,24,true,647316.54,USD,SUP-00168,Highpoint Bearing Works Osaka Pte. Ltd.,GU-0041,Highpoint Bearing Works Holdings,39130000,Electrical hardware,39000000,Electrical Systems and Lighting and Components,PLT-PUN,Pune Plant,APAC,India,SAP_ECC,NET30,Net 30,30
INV-000208,2025-10-21,2025-11-09,19,true,515347.58,USD,SUP-00168,Highpoint Bearing Works Osaka Pte. Ltd.,GU-0041,Highpoint Bearing Works Holdings,31160000,Hardware and fasteners,31000000,Manufacturing Components and Supplies,PLT-SHA,Shanghai Plant,APAC,China,FIELDGLASS,D15N10N30,1.5% 10 Net 30,30
INV-000209,2025-12-23,2026-02-05,44,true,177310.79,USD,SUP-00019,Umbra Fasteners Charlotte Co.,GU-0004,Umbra Fasteners International,44120000,Office supplies,44000000,Office Equipment and Accessories and Supplies,PLT-CLT,Charlotte Plant,NAMER,United States,SAP_ECC,D1N10N30,1% 10 Net 30,30
INV-000210,2025-11-05,2026-01-08,64,true,1842757.1,USD,SUP-00127,Westfield Automation Singapore Pte. Ltd.,GU-0031,Westfield Automation Inc.,84120000,Banking and finance services,84000000,Financial and Insurance Services,PLT-PUN,Pune Plant,APAC,India,SAP_S4HANA,NET50,Net 50,50
INV-000211,2026-05-14,2026-07-02,49,true,949720.91,USD,SUP-00006,Falcon Systems Nagoya Pte. Ltd.,GU-0001,Falcon Systems Industries,44100000,Office machines,44000000,Office Equipment and Accessories and Supplies,PLT-CHN,Chennai Plant,APAC,India,SAP_ECC,NET45,Net 45,45
INV-000212,2026-01-18,2026-03-14,55,true,277433.15,USD,SUP-00017,Orion Supply Co Chennai Co. Ltd.,GU-0003,Orion Supply Co International,90120000,Travel services,90000000,Travel and Food and Lodging and Entertainment Services,PLT-CHN,Chennai Plant,APAC,India,CONCUR,ADV5050,50% advance / 50% Net 30,30
INV-000213,2025-10-30,2025-11-12,13,true,133874.82,USD,SUP-00006,Falcon Systems Nagoya Pte. Ltd.,GU-0001,Falcon Systems Industries,44100000,Office machines,44000000,Office Equipment and Accessories and Supplies,PLT-CHN,Chennai Plant,APAC,India,SAP_S4HANA,NET15,Net 15,15
INV-000214,2025-10-29,2026-01-03,66,true,1515140.68,USD,SUP-00016,Orion Supply Co Nagoya Pvt. Ltd.,GU-0003,Orion Supply Co International,43190000,Communications devices,43000000,Information Technology Broadcasting and Telecommunications,PLT-STU,Stuttgart Plant,EMEA,Germany,ARIBA,NET45,Net 45,45
INV-000215,2026-03-31,2026-05-03,33,true,2409399.13,USD,SUP-00054,Apex Chemicals Campinas S.A.,GU-0013,Apex Chemicals Corporation,27140000,Hydraulic machinery,27000000,Tools and General Machinery,PLT-TOR,Toronto Plant,NAMER,Canada,SAP_S4HANA,NET35,Net 35,35
INV-000216,2026-01-01,2026-03-15,73,true,107188.06,USD,SUP-00042,Zenith Bearings Monterrey S.A. de C.V.,GU-0010,Zenith Bearings Industries,44120000,Office supplies,44000000,Office Equipment and Accessories and Supplies,PLT-MTY,Monterrey Plant,LATAM,Mexico,SAP_S4HANA,NET60,Net 60,60
INV-000217,2025-11-23,2025-12-29,36,true,136267.51,USD,SUP-00015,Orion Supply Co Osaka Pvt. Ltd.,GU-0003,Orion Supply Co International,90120000,Travel services,90000000,Travel and Food and Lodging and Entertainment Services,PLT-PUN,Pune Plant,APAC,India,CONCUR,NET21,Net 21,21
INV-000218,2026-01-24,2026-03-22,57,true,154800.77,USD,SUP-00012,Frontier Polymers Charlotte LLC,GU-0002,Frontier Polymers Global,31160000,Hardware and fasteners,31000000,Manufacturing Components and Supplies,PLT-HOU,Houston Plant,NAMER,United States,SAP_S4HANA,NET60,Net 60,60
INV-000219,2026-02-16,2026-02-25,9,true,156552.13,USD,SUP-00012,Frontier Polymers Charlotte LLC,GU-0002,Frontier Polymers Global,44120000,Office supplies,44000000,Office Equipment and Accessories and Supplies,PLT-HOU,Houston Plant,NAMER,United States,FIELDGLASS,NET07,Net 7,7
INV-000220,2025-07-14,2025-07-24,10,true,949809.24,USD,SUP-00047,Halcyon Controls Cleveland Inc.,GU-0011,Halcyon Controls Corporation,31350000,Machined castings,31000000,Manufacturing Components and Supplies,PLT-CLT,Charlotte Plant,NAMER,United States,SAP_S4HANA,MP10,"Monthly, paid 10th",25
INV-000221,2025-09-03,2025-12-08,96,true,1188759.32,USD,SUP-00029,Vantage Technologies Rotterdam Ltd.,GU-0007,Vantage Technologies Inc.,72100000,Facility maintenance,72000000,Building and Facility Maintenance Services,PLT-DET,Detroit Plant,NAMER,United States,FIELDGLASS,NET90,Net 90,90
INV-000222,2026-03-26,2026-04-24,29,true,519736.82,USD,SUP-00018,Orion Supply Co Shanghai Pte. Ltd.,GU-0003,Orion Supply Co International,90120000,Travel services,90000000,Travel and Food and Lodging and Entertainment Services,PLT-CHN,Chennai Plant,APAC,India,CONCUR,NET14,Net 14,14
INV-000223,2025-09-08,,,false,111435.44,USD,SUP-00001,Falcon Systems Osaka Pvt. Ltd.,GU-0001,Falcon Systems Industries,44100000,Office machines,44000000,Office Equipment and Accessories and Supplies,PLT-CHN,Chennai Plant,APAC,India,FIELDGLASS,NET45,Net 45,45
INV-000224,2025-10-05,2025-12-25,81,true,131819.3,USD,SUP-00156,Windward Machinery Nagoya Pte. Ltd.,GU-0038,Windward Machinery Group,47130000,Cleaning supplies,47000000,Cleaning Equipment and Supplies,PLT-CLT,Charlotte Plant,NAMER,United States,SAP_S4HANA,NET75,Net 75,75
INV-000225,2025-11-23,2025-12-08,15,true,603261.63,USD,SUP-00009,Frontier Polymers Montreal Inc.,GU-0002,Frontier Polymers Global,31160000,Hardware and fasteners,31000000,Manufacturing Components and Supplies,PLT-STU,Stuttgart Plant,EMEA,Germany,SAP_S4HANA,NET08,Net 8,8
INV-000226,2025-07-10,2025-08-27,48,true,120863.72,USD,SUP-00002,Falcon Systems Bengaluru Pte. Ltd.,GU-0001,Falcon Systems Industries,44100000,Office machines,44000000,Office Equipment and Accessories and Supplies,PLT-PUN,Pune Plant,APAC,India,SAP_S4HANA,NET45,Net 45,45
INV-000227,2025-09-13,2025-10-30,47,true,44084.01,USD,SUP-00004,Falcon Systems Chennai Co. Ltd.,GU-0001,Falcon Systems Industries,44100000,Office machines,44000000,Office Equipment and Accessories and Supplies,PLT-DET,Detroit Plant,NAMER,United States,ARIBA,NET45,Net 45,45
INV-000228,2025-10-10,2025-11-09,30,true,139095.73,USD,SUP-00077,Everest Cloud Services Milan GmbH,GU-0019,Everest Cloud Services Industries,47130000,Cleaning supplies,47000000,Cleaning Equipment and Supplies,PLT-ROT,Rotterdam DC,EMEA,Netherlands,SAP_ECC,NET50,Net 50,50
INV-000229,2026-05-23,2026-06-16,24,true,193328.49,USD,SUP-00009,Frontier Polymers Montreal Inc.,GU-0002,Frontier Polymers Global,31160000,Hardware and fasteners,31000000,Manufacturing Components and Supplies,PLT-DET,Detroit Plant,NAMER,United States,SAP_ECC,NET21,Net 21,21
INV-000230,2025-11-02,2025-12-18,46,true,901570.02,USD,SUP-00173,Kestrel Controls Singapore Pvt. Ltd.,GU-0043,Kestrel Controls Holdings,76110000,Cleaning services,76000000,Industrial Cleaning Services,PLT-PUN,Pune Plant,APAC,India,FIELDGLASS,,,
INV-000231,2025-09-03,2025-09-21,18,true,183310.2,USD,SUP-00005,Falcon Systems Singapore Pte. Ltd.,GU-0001,Falcon Systems Industries,44100000,Office machines,44000000,Office Equipment and Accessories and Supplies,PLT-MAN,Manchester Plant,EMEA,United Kingdom,SAP_ECC,NET15,Net 15,15
INV-000232,2025-07-21,2025-09-21,62,true,325040.39,USD,SUP-00010,Frontier Polymers Charlotte LLC,GU-0002,Frontier Polymers Global,31160000,Hardware and fasteners,31000000,Manufacturing Components and Supplies,PLT-SHA,Shanghai Plant,APAC,China,SAP_S4HANA,NET60,Net 60,60
INV-000233,2026-04-04,2026-04-14,10,true,508472.03,USD,SUP-00012,Frontier Polymers Charlotte LLC,GU-0002,Frontier Polymers Global,31160000,Hardware and fasteners,31000000,Manufacturing Components and Supplies,PLT-CLT,Charlotte Plant,NAMER,United States,SAP_S4HANA,D2N10N45,2% 10 Net 45,45
INV-000234,2026-06-15,2026-07-10,25,true,187426.63,USD,SUP-00092,Dynamo Freight Munich B.V.,GU-0023,Dynamo Freight Inc.,44120000,Office supplies,44000000,Office Equipment and Accessories and Supplies,PLT-CHN,Chennai Plant,APAC,India,SAP_S4HANA,NET25,Net 25,25
INV-000235,2025-07-17,2025-08-06,20,true,744274.94,USD,SUP-00024,Apex Supply Co Lyon AG,GU-0005,Apex Supply Co Global,31350000,Machined castings,31000000,Manufacturing Components and Supplies,PLT-STU,Stuttgart Plant,EMEA,Germany,SAP_ECC,NET14,Net 14,14
INV-000236,2026-03-09,2026-04-02,24,true,258240.97,USD,SUP-00048,Halcyon Controls Charlotte Co.,GU-0011,Halcyon Controls Corporation,90100000,Catering and restaurants,90000000,Travel and Food and Lodging and Entertainment Services,PLT-SHA,Shanghai Plant,APAC,China,ARIBA,MP10,"Monthly, paid 10th",25
INV-000237,2026-03-23,2026-04-03,11,true,203078.38,USD,SUP-00005,Falcon Systems Singapore Pte. Ltd.,GU-0001,Falcon Systems Industries,44100000,Office machines,44000000,Office Equipment and Accessories and Supplies,PLT-PUN,Pune Plant,APAC,India,SAP_S4HANA,NET15,Net 15,15
INV-000238,2026-02-20,2026-03-16,24,true,858792.34,USD,SUP-00030,Vantage Technologies Lyon GmbH,GU-0007,Vantage Technologies Inc.,72100000,Facility maintenance,72000000,Building and Facility Maintenance Services,PLT-STU,Stuttgart Plant,EMEA,Germany,SAP_ECC,NET21,Net 21,21
INV-000239,2026-05-21,2026-06-02,12,true,215921.69,USD,SUP-00024,Apex Supply Co Lyon AG,GU-0005,Apex Supply Co Global,31350000,Machined castings,31000000,Manufacturing Components and Supplies,PLT-DET,Detroit Plant,NAMER,United States,SAP_ECC,NET14,Net 14,14
INV-000240,2025-07-18,2025-09-03,47,true,113643.62,USD,SUP-00005,Falcon Systems Singapore Pte. Ltd.,GU-0001,Falcon Systems Industries,44100000,Office machines,44000000,Office Equipment and Accessories and Supplies,PLT-PUN,Pune Plant,APAC,India,ARIBA,NET45,Net 45,45
INV-000241,2025-12-30,2026-02-23,55,true,146677.07,USD,SUP-00044,Zenith Bearings Queretaro S.A. de C.V.,GU-0010,Zenith Bearings Industries,76120000,Waste management,76000000,Industrial Cleaning Services,PLT-MTY,Monterrey Plant,LATAM,Mexico,FIELDGLASS,NET40,Net 40,40
INV-000242,2026-03-05,2026-04-19,45,true,423748.41,USD,SUP-00003,Falcon Systems Osaka Pte. Ltd.,GU-0001,Falcon Systems Industries,44100000,Office machines,44000000,Office Equipment and Accessories and Supplies,PLT-PUN,Pune Plant,APAC,India,SAP_ECC,NET45,Net 45,45
INV-000243,2025-10-25,2025-12-07,43,true,535625.32,USD,SUP-00025,Orion Polymers Monterrey S.A.,GU-0006,Orion Polymers Group,39120000,Electrical wire and cable,39000000,Electrical Systems and Lighting and Components,PLT-SAO,Sao Paulo Plant,LATAM,Brazil,SAP_S4HANA,NET30,Net 30,30
INV-000244,2026-05-01,2026-06-17,47,true,878751,USD,SUP-00027,Orion Polymers Queretaro Ltda.,GU-0006,Orion Polymers Group,43210000,Computer equipment,43000000,Information Technology Broadcasting and Telecommunications,PLT-SAO,Sao Paulo Plant,LATAM,Brazil,SAP_S4HANA,D2N10N30,2% 10 Net 30,30
INV-000245,2025-09-08,2025-10-16,38,true,181340.39,USD,SUP-00019,Umbra Fasteners Charlotte Co.,GU-0004,Umbra Fasteners International,44120000,Office supplies,44000000,Office Equipment and Accessories and Supplies,PLT-CLT,Charlotte Plant,NAMER,United States,SAP_ECC,NET25,Net 25,25
INV-000246,2026-06-09,2026-06-23,14,true,266605.91,USD,SUP-00024,Apex Supply Co Lyon AG,GU-0005,Apex Supply Co Global,31350000,Machined castings,31000000,Manufacturing Components and Supplies,PLT-PUN,Pune Plant,APAC,India,ARIBA,NET14,Net 14,14
INV-000247,2026-06-16,2026-08-06,51,true,74073.59,USD,SUP-00003,Falcon Systems Osaka Pte. Ltd.,GU-0001,Falcon Systems Industries,44100000,Office machines,44000000,Office Equipment and Accessories and Supplies,PLT-SHA,Shanghai Plant,APAC,China,SAP_S4HANA,NET45,Net 45,45
INV-000248,2026-02-27,2026-04-30,62,true,206275.54,USD,SUP-00005,Falcon Systems Singapore Pte. Ltd.,GU-0001,Falcon Systems Industries,44100000,Office machines,44000000,Office Equipment and Accessories and Supplies,PLT-SNG,Singapore Hub,APAC,Singapore,SAP_ECC,,,
INV-000249,2025-11-23,2025-12-13,20,true,32030.02,USD,SUP-00006,Falcon Systems Nagoya Pte. Ltd.,GU-0001,Falcon Systems Industries,44100000,Office machines,44000000,Office Equipment and Accessories and Supplies,PLT-PUN,Pune Plant,APAC,India,SAP_ECC,NET15,Net 15,15
INV-000250,2025-07-10,2025-07-19,9,true,478994.57,USD,SUP-00152,Cobalt Fabrication Queretaro Ltda.,GU-0037,Cobalt Fabrication Holdings,72100000,Facility maintenance,72000000,Building and Facility Maintenance Services,PLT-LYO,Lyon Plant,EMEA,France,FIELDGLASS,NET11,Net 11,11
INV-000251,2025-09-19,2025-09-26,7,true,130299.41,USD,SUP-00004,Falcon Systems Chennai Co. Ltd.,GU-0001,Falcon Systems Industries,44100000,Office machines,44000000,Office Equipment and Accessories and Supplies,PLT-CHN,Chennai Plant,APAC,India,CONCUR,NET05,Net 5,5
INV-000252,2025-10-24,2025-11-21,28,true,258041.01,USD,SUP-00007,Frontier Polymers Charlotte Inc.,GU-0002,Frontier Polymers Global,44120000,Office supplies,44000000,Office Equipment and Accessories and Supplies,PLT-MTY,Monterrey Plant,LATAM,Mexico,SAP_ECC,NET21,Net 21,21
INV-000253,2025-10-14,2025-10-20,6,true,364587.43,USD,SUP-00002,Falcon Systems Bengaluru Pte. Ltd.,GU-0001,Falcon Systems Industries,44100000,Office machines,44000000,Office Equipment and Accessories and Supplies,PLT-CHN,Chennai Plant,APAC,India,SAP_S4HANA,NET05,Net 5,5
INV-000254,2026-04-16,2026-04-24,8,true,569123.17,USD,SUP-00006,Falcon Systems Nagoya Pte. Ltd.,GU-0001,Falcon Systems Industries,44100000,Office machines,44000000,Office Equipment and Accessories and Supplies,PLT-STU,Stuttgart Plant,EMEA,Germany,SAP_S4HANA,NET05,Net 5,5
INV-000255,2026-05-23,2026-05-26,3,true,1108793.08,USD,SUP-00107,Bluepeak Bearing Works Lille S.A.,GU-0026,Bluepeak Bearing Works Group,,,,,PLT-SNG,Singapore Hub,APAC,Singapore,SAP_S4HANA,NET00,Immediate / Due on receipt,0
INV-000256,2026-03-02,2026-04-15,44,true,161203.36,USD,SUP-00005,Falcon Systems Singapore Pte. Ltd.,GU-0001,Falcon Systems Industries,44100000,Office machines,44000000,Office Equipment and Accessories and Supplies,PLT-PUN,Pune Plant,APAC,India,SAP_S4HANA,NET45,Net 45,45
INV-000257,2025-10-12,2025-10-21,9,true,311203.88,USD,SUP-00004,Falcon Systems Chennai Co. Ltd.,GU-0001,Falcon Systems Industries,44100000,Office machines,44000000,Office Equipment and Accessories and Supplies,PLT-SHA,Shanghai Plant,APAC,China,CONCUR,NET05,Net 5,5
INV-000258,2026-01-11,2026-02-19,39,true,874277.3,USD,SUP-00095,Copperfield Fabrication Pune Ltd.,GU-0024,Copperfield Fabrication Holdings,72150000,Building repair services,72000000,Building and Facility Maintenance Services,PLT-TOR,Toronto Plant,NAMER,Canada,SAP_ECC,NET30,Net 30,30
INV-000259,2025-07-21,2025-09-04,45,true,234635.22,USD,SUP-00001,Falcon Systems Osaka Pvt. Ltd.,GU-0001,Falcon Systems Industries,44100000,Office machines,44000000,Office Equipment and Accessories and Supplies,PLT-SNG,Singapore Hub,APAC,Singapore,SAP_S4HANA,NET45,Net 45,45
INV-000260,2026-06-19,2026-06-21,2,true,196147.41,USD,SUP-00010,Frontier Polymers Charlotte LLC,GU-0002,Frontier Polymers Global,44120000,Office supplies,44000000,Office Equipment and Accessories and Supplies,PLT-TOR,Toronto Plant,NAMER,Canada,SAP_S4HANA,NET04,Net 4,4
INV-000261,2025-10-12,2025-11-14,33,true,215100.07,USD,SUP-00063,Yellowstone Solutions Queretaro Ltda.,GU-0015,Yellowstone Solutions Global,40160000,HVAC equipment,40000000,Distribution and Conditioning Systems and Equipment,PLT-SAO,Sao Paulo Plant,LATAM,Brazil,SAP_S4HANA,D1N10N30,1% 10 Net 30,30
INV-000262,2026-03-19,2026-05-09,51,true,577668.11,USD,SUP-00049,Marlin Controls Shenzhen Co. Ltd.,GU-0012,Marlin Controls Group,72100000,Facility maintenance,72000000,Building and Facility Maintenance Services,PLT-PUN,Pune Plant,APAC,India,ARIBA,D2N10N45,2% 10 Net 45,45
INV-000263,2026-02-14,2026-04-02,47,true,237934.31,USD,SUP-00094,Copperfield Fabrication Bengaluru Pte. Ltd.,GU-0024,Copperfield Fabrication Holdings,27140000,Hydraulic machinery,27000000,Tools and General Machinery,PLT-SHA,Shanghai Plant,APAC,China,CONCUR,NET30,Net 30,30
INV-000264,2026-03-10,2026-04-25,46,true,120055.26,USD,SUP-00003,Falcon Systems Osaka Pte. Ltd.,GU-0001,Falcon Systems Industries,,,,,PLT-TOR,Toronto Plant,NAMER,Canada,SAP_ECC,NET45,Net 45,45
INV-000265,2025-07-17,2025-09-03,48,true,1212278.64,USD,SUP-00005,Falcon Systems Singapore Pte. Ltd.,GU-0001,Falcon Systems Industries,44100000,Office machines,44000000,Office Equipment and Accessories and Supplies,PLT-PUN,Pune Plant,APAC,India,FIELDGLASS,NET45,Net 45,45
INV-000266,2026-04-14,2026-05-02,18,true,65130.47,USD,SUP-00004,Falcon Systems Chennai Co. Ltd.,GU-0001,Falcon Systems Industries,44100000,Office machines,44000000,Office Equipment and Accessories and Supplies,PLT-CLT,Charlotte Plant,NAMER,United States,SAP_S4HANA,NET15,Net 15,15
INV-000267,2026-06-21,,,false,496887.22,USD,SUP-00010,Frontier Polymers Charlotte LLC,GU-0002,Frontier Polymers Global,44120000,Office supplies,44000000,Office Equipment and Accessories and Supplies,PLT-DET,Detroit Plant,NAMER,United States,SAP_S4HANA,D1N10N30,1% 10 Net 30,30
INV-000268,2025-11-25,2025-12-11,16,true,79831.07,USD,SUP-00001,Falcon Systems Osaka Pvt. Ltd.,GU-0001,Falcon Systems Industries,44100000,Office machines,44000000,Office Equipment and Accessories and Supplies,PLT-SAO,Sao Paulo Plant,LATAM,Brazil,SAP_ECC,NET15,Net 15,15
INV-000269,2026-05-09,2026-06-22,44,true,230473.12,USD,SUP-00030,Vantage Technologies Lyon GmbH,GU-0007,Vantage Technologies Inc.,72100000,Facility maintenance,72000000,Building and Facility Maintenance Services,PLT-LYO,Lyon Plant,EMEA,France,SAP_ECC,NET40,Net 40,40
INV-000270,2026-05-24,2026-07-12,49,true,89475.41,USD,SUP-00005,Falcon Systems Singapore Pte. Ltd.,GU-0001,Falcon Systems Industries,44100000,Office machines,44000000,Office Equipment and Accessories and Supplies,PLT-SHA,Shanghai Plant,APAC,China,SAP_S4HANA,NET45,Net 45,45
INV-000271,2025-07-15,2025-10-05,82,true,715586.89,USD,SUP-00021,Umbra Fasteners Montreal Co.,GU-0004,Umbra Fasteners International,31160000,Hardware and fasteners,31000000,Manufacturing Components and Supplies,PLT-HOU,Houston Plant,NAMER,United States,SAP_ECC,NET60,Net 60,60
INV-000272,2026-01-28,2026-03-14,45,true,206537.35,USD,SUP-00002,Falcon Systems Bengaluru Pte. Ltd.,GU-0001,Falcon Systems Industries,44100000,Office machines,44000000,Office Equipment and Accessories and Supplies,PLT-SHA,Shanghai Plant,APAC,China,SAP_ECC,NET45,Net 45,45
INV-000273,2026-01-09,2026-02-22,44,true,803719.85,USD,SUP-00005,Falcon Systems Singapore Pte. Ltd.,GU-0001,Falcon Systems Industries,44100000,Office machines,44000000,Office Equipment and Accessories and Supplies,PLT-DET,Detroit Plant,NAMER,United States,ARIBA,NET45,Net 45,45
INV-000274,2025-12-02,2025-12-17,15,true,363813.84,USD,SUP-00061,Sequoia Fluid Systems Sao Paulo S.A.,GU-0014,Sequoia Fluid Systems Global,43210000,Computer equipment,43000000,Information Technology Broadcasting and Telecommunications,PLT-DET,Detroit Plant,NAMER,United States,ARIBA,NET10,Net 10,10
INV-000275,2026-03-05,2026-08-08,156,true,820525.84,USD,SUP-00062,Yellowstone Solutions Queretaro Ltda.,GU-0015,Yellowstone Solutions Global,31160000,Hardware and fasteners,31000000,Manufacturing Components and Supplies,PLT-MTY,Monterrey Plant,LATAM,Mexico,ARIBA,NET150,Net 150,150
INV-000276,2025-12-07,2026-04-12,126,true,227982.82,USD,SUP-00149,Talon Fabrication Eindhoven AG,GU-0036,Talon Fabrication Inc.,44120000,Office supplies,44000000,Office Equipment and Accessories and Supplies,PLT-PUN,Pune Plant,APAC,India,SAP_S4HANA,NET100,Net 100,100
INV-000277,2025-11-24,2025-12-11,17,true,209655.53,USD,SUP-00024,Apex Supply Co Lyon AG,GU-0005,Apex Supply Co Global,,,,,PLT-STU,Stuttgart Plant,EMEA,Germany,SAP_S4HANA,NET14,Net 14,14
INV-000278,2026-06-26,,,false,684665.28,USD,SUP-00005,Falcon Systems Singapore Pte. Ltd.,GU-0001,Falcon Systems Industries,44100000,Office machines,44000000,Office Equipment and Accessories and Supplies,PLT-PUN,Pune Plant,APAC,India,SAP_S4HANA,NET45,Net 45,45
INV-000279,2025-07-28,2025-08-11,14,true,133309.7,USD,SUP-00116,Northwind Fluid Systems Stuttgart B.V.,GU-0028,Northwind Fluid Systems International,72100000,Facility maintenance,72000000,Building and Facility Maintenance Services,PLT-PUN,Pune Plant,APAC,India,SAP_ECC,NET11,Net 11,11
INV-000280,2025-08-10,2025-09-26,47,true,176277,USD,SUP-00045,Zenith Bearings Queretaro Ltda.,GU-0010,Zenith Bearings Industries,44120000,Office supplies,44000000,Office Equipment and Accessories and Supplies,PLT-MAN,Manchester Plant,EMEA,United Kingdom,SAP_S4HANA,NET25,Net 25,25
INV-000281,2025-10-02,2025-11-24,53,true,997177.69,USD,SUP-00045,Zenith Bearings Queretaro Ltda.,GU-0010,Zenith Bearings Industries,31160000,Hardware and fasteners,31000000,Manufacturing Components and Supplies,PLT-MTY,Monterrey Plant,LATAM,Mexico,ARIBA,NET40,Net 40,40
INV-000282,2026-05-06,2026-06-20,45,true,995163.97,USD,SUP-00013,Orion Supply Co Osaka Pvt. Ltd.,GU-0003,Orion Supply Co International,43190000,Communications devices,43000000,Information Technology Broadcasting and Telecommunications,PLT-SHA,Shanghai Plant,APAC,China,SAP_ECC,ADV5050,50% advance / 50% Net 30,30
INV-000283,2026-03-04,2026-04-19,46,true,137798.54,USD,SUP-00003,Falcon Systems Osaka Pte. Ltd.,GU-0001,Falcon Systems Industries,44100000,Office machines,44000000,Office Equipment and Accessories and Supplies,PLT-PUN,Pune Plant,APAC,India,SAP_ECC,NET45,Net 45,45
INV-000284,2026-06-30,2026-08-23,54,true,245559.88,USD,SUP-00069,Harbor Packaging Queretaro S.A.,GU-0016,Harbor Packaging Holdings,44120000,Office supplies,44000000,Office Equipment and Accessories and Supplies,PLT-SAO,Sao Paulo Plant,LATAM,Brazil,ARIBA,MILESTONE,Milestone based,45
INV-000285,2026-05-27,2026-07-14,48,true,259941.03,USD,SUP-00004,Falcon Systems Chennai Co. Ltd.,GU-0001,Falcon Systems Industries,44100000,Office machines,44000000,Office Equipment and Accessories and Supplies,PLT-DET,Detroit Plant,NAMER,United States,ARIBA,NET45,Net 45,45
INV-000286,2025-10-14,2025-10-15,1,true,977326.5,USD,SUP-00123,Monarch Energy Bengaluru Ltd.,GU-0030,Monarch Energy International,25170000,Vehicle components and accessories,25000000,Commercial and Private Vehicles and Components,PLT-CHN,Chennai Plant,APAC,India,FIELDGLASS,NET10,Net 10,10
INV-000287,2025-11-28,2026-02-09,73,true,113723.16,USD,SUP-00015,Orion Supply Co Osaka Pvt. Ltd.,GU-0003,Orion Supply Co International,90120000,Travel services,90000000,Travel and Food and Lodging and Entertainment Services,PLT-PUN,Pune Plant,APAC,India,CONCUR,,,
INV-000288,2025-10-05,2026-04-15,192,true,644331.65,USD,SUP-00027,Orion Polymers Queretaro Ltda.,GU-0006,Orion Polymers Group,31200000,Adhesives and sealants,31000000,Manufacturing Components and Supplies,PLT-HOU,Houston Plant,NAMER,United States,ARIBA,NET180,Net 180,180
INV-000289,2025-09-08,2025-09-26,18,true,23383.11,USD,SUP-00001,Falcon Systems Osaka Pvt. Ltd.,GU-0001,Falcon Systems Industries,44100000,Office machines,44000000,Office Equipment and Accessories and Supplies,PLT-SAO,Sao Paulo Plant,LATAM,Brazil,SAP_S4HANA,NET15,Net 15,15
INV-000290,2025-10-24,2025-12-07,44,true,45236.34,USD,SUP-00069,Harbor Packaging Queretaro S.A.,GU-0016,Harbor Packaging Holdings,44120000,Office supplies,44000000,Office Equipment and Accessories and Supplies,PLT-DET,Detroit Plant,NAMER,United States,SAP_ECC,NET25,Net 25,25
INV-000291,2026-03-04,2026-04-06,33,true,1817166.07,USD,SUP-00017,Orion Supply Co Chennai Co. Ltd.,GU-0003,Orion Supply Co International,43190000,Communications devices,43000000,Information Technology Broadcasting and Telecommunications,PLT-PUN,Pune Plant,APAC,India,SAP_ECC,NET21,Net 21,21
INV-000292,2025-08-09,2025-09-16,38,true,699644.57,USD,SUP-00011,Frontier Polymers Montreal Co.,GU-0002,Frontier Polymers Global,31160000,Hardware and fasteners,31000000,Manufacturing Components and Supplies,PLT-SAO,Sao Paulo Plant,LATAM,Brazil,SAP_ECC,MP25,"Monthly, paid 25th",40
INV-000293,2025-11-28,2026-01-10,43,true,127692.59,USD,SUP-00004,Falcon Systems Chennai Co. Ltd.,GU-0001,Falcon Systems Industries,44100000,Office machines,44000000,Office Equipment and Accessories and Supplies,PLT-SNG,Singapore Hub,APAC,Singapore,SAP_ECC,NET45,Net 45,45
INV-000294,2026-05-16,2026-06-25,40,true,87017.5,USD,SUP-00050,Marlin Controls Osaka Pte. Ltd.,GU-0012,Marlin Controls Group,72100000,Facility maintenance,72000000,Building and Facility Maintenance Services,PLT-SNG,Singapore Hub,APAC,Singapore,FIELDGLASS,D1N10N30,1% 10 Net 30,30
INV-000295,2026-06-03,2026-07-07,34,true,252551.05,USD,SUP-00031,Vantage Technologies Milan S.p.A.,GU-0007,Vantage Technologies Inc.,39130000,Electrical hardware,39000000,Electrical Systems and Lighting and Components,PLT-STU,Stuttgart Plant,EMEA,Germany,SAP_ECC,NET30,Net 30,30
INV-000296,2026-03-11,2026-04-21,41,true,411084.98,USD,SUP-00023,Umbra Fasteners Detroit Corp.,GU-0004,Umbra Fasteners International,44120000,Office supplies,44000000,Office Equipment and Accessories and Supplies,PLT-CLT,Charlotte Plant,NAMER,United States,SAP_S4HANA,D15N10N30,1.5% 10 Net 30,30
INV-000297,2025-12-02,2025-12-15,13,true,182279.07,USD,SUP-00027,Orion Polymers Queretaro Ltda.,GU-0006,Orion Polymers Group,39120000,Electrical wire and cable,39000000,Electrical Systems and Lighting and Components,PLT-MTY,Monterrey Plant,LATAM,Mexico,SAP_S4HANA,NET05,Net 5,5
INV-000298,2026-01-12,2026-01-22,10,true,480353.52,USD,SUP-00045,Zenith Bearings Queretaro Ltda.,GU-0010,Zenith Bearings Industries,31160000,Hardware and fasteners,31000000,Manufacturing Components and Supplies,PLT-SAO,Sao Paulo Plant,LATAM,Brazil,SAP_S4HANA,NET04,Net 4,4
INV-000299,2026-06-11,2026-07-23,42,true,2254032.98,USD,SUP-00130,Pioneer Fluid Systems Monterrey Ltda.,GU-0032,Pioneer Fluid Systems Holdings,39120000,Electrical wire and cable,39000000,Electrical Systems and Lighting and Components,PLT-MTY,Monterrey Plant,LATAM,Mexico,SAP_S4HANA,NET45,Net 45,45
INV-000300,2026-01-27,2026-02-24,28,true,167081.92,USD,SUP-00012,Frontier Polymers Charlotte LLC,GU-0002,Frontier Polymers Global,44120000,Office supplies,44000000,Office Equipment and Accessories and Supplies,PLT-DET,Detroit Plant,NAMER,United States,SAP_S4HANA,MP10,"Monthly, paid 10th",25
INV-000301,2026-01-09,2026-02-25,47,true,3157324.79,USD,SUP-00149,Talon Fabrication Eindhoven AG,GU-0036,Talon Fabrication Inc.,47130000,Cleaning supplies,47000000,Cleaning Equipment and Supplies,PLT-MAN,Manchester Plant,EMEA,United Kingdom,CONCUR,NET30,Net 30,30
INV-000302,2025-11-19,2025-12-21,32,true,915692.84,USD,SUP-00113,Northwind Fluid Systems Eindhoven S.p.A.,GU-0028,Northwind Fluid Systems International,44120000,Office supplies,44000000,Office Equipment and Accessories and Supplies,PLT-ROT,Rotterdam DC,EMEA,Netherlands,ARIBA,D1N10N30,1% 10 Net 30,30
INV-000303,2026-02-11,2026-02-23,12,true,77904.57,USD,SUP-00007,Frontier Polymers Charlotte Inc.,GU-0002,Frontier Polymers Global,44120000,Office supplies,44000000,Office Equipment and Accessories and Supplies,PLT-SHA,Shanghai Plant,APAC,China,SAP_S4HANA,NET11,Net 11,11
INV-000304,2026-04-19,,,false,2145207.6,USD,SUP-00024,Apex Supply Co Lyon AG,GU-0005,Apex Supply Co Global,31350000,Machined castings,31000000,Manufacturing Components and Supplies,PLT-STU,Stuttgart Plant,EMEA,Germany,SAP_ECC,NET14,Net 14,14
INV-000305,2026-03-21,,,false,1550269.36,USD,SUP-00035,Sequoia Fasteners Manchester AG,GU-0008,Sequoia Fasteners Holdings,90120000,Travel services,90000000,Travel and Food and Lodging and Entertainment Services,PLT-CLT,Charlotte Plant,NAMER,United States,CONCUR,NET120,Net 120,120
INV-000306,2026-04-17,2026-05-27,40,true,295406.37,USD,SUP-00049,Marlin Controls Shenzhen Co. Ltd.,GU-0012,Marlin Controls Group,72100000,Facility maintenance,72000000,Building and Facility Maintenance Services,PLT-HOU,Houston Plant,NAMER,United States,ARIBA,NET30,Net 30,30
INV-000307,2026-06-04,2026-06-15,11,true,30356.98,USD,SUP-00010,Frontier Polymers Charlotte LLC,GU-0002,Frontier Polymers Global,44120000,Office supplies,44000000,Office Equipment and Accessories and Supplies,PLT-TOR,Toronto Plant,NAMER,Canada,SAP_ECC,D15N10N30,1.5% 10 Net 30,30
INV-000308,2026-04-30,2026-05-10,10,true,87579.31,USD,SUP-00007,Frontier Polymers Charlotte Inc.,GU-0002,Frontier Polymers Global,44120000,Office supplies,44000000,Office Equipment and Accessories and Supplies,PLT-DET,Detroit Plant,NAMER,United States,CONCUR,D15N10N30,1.5% 10 Net 30,30
INV-000309,2026-05-31,2026-06-29,29,true,660385.28,USD,SUP-00072,Everest Bearing Works Campinas S.A. de C.V.,GU-0018,Everest Bearing Works Inc.,,,,,PLT-MTY,Monterrey Plant,LATAM,Mexico,ARIBA,EOM15,End of month + 15,30
INV-000310,2026-05-13,,,false,84709.48,USD,SUP-00005,Falcon Systems Singapore Pte. Ltd.,GU-0001,Falcon Systems Industries,44100000,Office machines,44000000,Office Equipment and Accessories and Supplies,PLT-HOU,Houston Plant,NAMER,United States,SAP_S4HANA,NET45,Net 45,45
INV-000311,2026-05-12,,,false,25972.3,USD,SUP-00071,Redwood Controls Chennai Ltd.,GU-0017,Redwood Controls Inc.,31160000,Hardware and fasteners,31000000,Manufacturing Components and Supplies,PLT-CHN,Chennai Plant,APAC,India,ARIBA,NET100,Net 100,100
INV-000312,2025-09-27,2025-10-26,29,true,324310,USD,SUP-00191,Ridgeway Electricals Pune Pte. Ltd.,GU-0046,Ridgeway Electricals Industries,72100000,Facility maintenance,72000000,Building and Facility Maintenance Services,PLT-PUN,Pune Plant,APAC,India,SAP_S4HANA,NET21,Net 21,21
INV-000313,2025-09-30,2025-12-03,64,true,1150053.44,USD,SUP-00132,Titan Industrial Supply Osaka Pte. Ltd.,GU-0033,Titan Industrial Supply International,80100000,Management consulting,80000000,Management and Business Professionals and Admin Services,PLT-PUN,Pune Plant,APAC,India,SAP_ECC,NET60,Net 60,60
INV-000314,2025-10-01,2025-10-09,8,true,518900.77,USD,SUP-00002,Falcon Systems Bengaluru Pte. Ltd.,GU-0001,Falcon Systems Industries,44100000,Office machines,44000000,Office Equipment and Accessories and Supplies,PLT-PUN,Pune Plant,APAC,India,SAP_S4HANA,NET05,Net 5,5
INV-000315,2026-02-23,2026-03-09,14,true,1422812.16,USD,SUP-00024,Apex Supply Co Lyon AG,GU-0005,Apex Supply Co Global,31350000,Machined castings,31000000,Manufacturing Components and Supplies,PLT-HOU,Houston Plant,NAMER,United States,SAP_S4HANA,NET14,Net 14,14
INV-000316,2025-10-16,2025-10-25,9,true,285501.55,USD,SUP-00071,Redwood Controls Chennai Ltd.,GU-0017,Redwood Controls Inc.,31160000,Hardware and fasteners,31000000,Manufacturing Components and Supplies,PLT-PUN,Pune Plant,APAC,India,SAP_ECC,NET07,Net 7,7
INV-000317,2026-02-13,2026-03-16,31,true,242495.66,USD,SUP-00133,Titan Industrial Supply Singapore Ltd.,GU-0033,Titan Industrial Supply International,44120000,Office supplies,44000000,Office Equipment and Accessories and Supplies,PLT-PUN,Pune Plant,APAC,India,SAP_ECC,D1N10N30,1% 10 Net 30,30
INV-000318,2025-10-21,2025-11-21,31,true,53491.05,USD,SUP-00007,Frontier Polymers Charlotte Inc.,GU-0002,Frontier Polymers Global,31160000,Hardware and fasteners,31000000,Manufacturing Components and Supplies,PLT-DET,Detroit Plant,NAMER,United States,SAP_ECC,NET30,Net 30,30
INV-000319,2026-06-20,,,false,224789.24,USD,SUP-00003,Falcon Systems Osaka Pte. Ltd.,GU-0001,Falcon Systems Industries,44100000,Office machines,44000000,Office Equipment and Accessories and Supplies,PLT-PUN,Pune Plant,APAC,India,SAP_ECC,NET05,Net 5,5
INV-000320,2025-09-26,2025-12-28,93,true,259269.73,USD,SUP-00015,Orion Supply Co Osaka Pvt. Ltd.,GU-0003,Orion Supply Co International,44120000,Office supplies,44000000,Office Equipment and Accessories and Supplies,PLT-CHN,Chennai Plant,APAC,India,SAP_S4HANA,NET75,Net 75,75
INV-000321,2025-12-15,2026-01-06,22,true,292569.75,USD,SUP-00024,Apex Supply Co Lyon AG,GU-0005,Apex Supply Co Global,31350000,Machined castings,31000000,Manufacturing Components and Supplies,PLT-SHA,Shanghai Plant,APAC,China,ARIBA,NET14,Net 14,14
INV-000322,2026-06-22,,,false,544671.25,USD,SUP-00013,Orion Supply Co Osaka Pvt. Ltd.,GU-0003,Orion Supply Co International,44120000,Office supplies,44000000,Office Equipment and Accessories and Supplies,PLT-PUN,Pune Plant,APAC,India,SAP_ECC,ADV5050,50% advance / 50% Net 30,30
INV-000323,2026-03-03,2026-04-17,45,true,272187.53,USD,SUP-00006,Falcon Systems Nagoya Pte. Ltd.,GU-0001,Falcon Systems Industries,44100000,Office machines,44000000,Office Equipment and Accessories and Supplies,PLT-PUN,Pune Plant,APAC,India,SAP_ECC,NET45,Net 45,45
INV-000324,2026-02-23,2026-04-20,56,true,1099181.66,USD,SUP-00028,Orion Polymers Sao Paulo Ltda.,GU-0006,Orion Polymers Group,43210000,Computer equipment,43000000,Information Technology Broadcasting and Telecommunications,PLT-DET,Detroit Plant,NAMER,United States,SAP_ECC,D2N15N45,2% 15 Net 45,45
INV-000325,2025-07-29,2025-08-26,28,true,457589.88,USD,SUP-00046,Zenith Bearings Queretaro S.A. de C.V.,GU-0010,Zenith Bearings Industries,31160000,Hardware and fasteners,31000000,Manufacturing Components and Supplies,PLT-STU,Stuttgart Plant,EMEA,Germany,SAP_S4HANA,NET13,Net 13,13
INV-000326,2026-06-29,,,false,335353.29,USD,SUP-00010,Frontier Polymers Charlotte LLC,GU-0002,Frontier Polymers Global,44120000,Office supplies,44000000,Office Equipment and Accessories and Supplies,PLT-DET,Detroit Plant,NAMER,United States,SAP_ECC,MP10,"Monthly, paid 10th",25
INV-000327,2026-03-15,,,false,1186350.47,USD,SUP-00039,Sequoia Fasteners Lille Ltd.,GU-0008,Sequoia Fasteners Holdings,43230000,Software licenses,43000000,Information Technology Broadcasting and Telecommunications,PLT-ROT,Rotterdam DC,EMEA,Netherlands,SAP_S4HANA,NET120,Net 120,120
INV-000328,2026-02-17,2026-04-04,46,true,562311.96,USD,SUP-00023,Umbra Fasteners Detroit Corp.,GU-0004,Umbra Fasteners International,44120000,Office supplies,44000000,Office Equipment and Accessories and Supplies,PLT-ROT,Rotterdam DC,EMEA,Netherlands,SAP_S4HANA,MP10,"Monthly, paid 10th",25
INV-000329,2025-09-23,2025-09-29,6,true,49942.45,USD,SUP-00115,Northwind Fluid Systems Turin B.V.,GU-0028,Northwind Fluid Systems International,44120000,Office supplies,44000000,Office Equipment and Accessories and Supplies,PLT-PUN,Pune Plant,APAC,India,ARIBA,NET11,Net 11,11
INV-000330,2025-10-05,2025-10-19,14,true,530584.33,USD,SUP-00024,Apex Supply Co Lyon AG,GU-0005,Apex Supply Co Global,31350000,Machined castings,31000000,Manufacturing Components and Supplies,PLT-PUN,Pune Plant,APAC,India,SAP_ECC,NET14,Net 14,14
INV-000331,2025-10-25,2025-12-16,52,true,71789.13,USD,SUP-00046,Zenith Bearings Queretaro S.A. de C.V.,GU-0010,Zenith Bearings Industries,44120000,Office supplies,44000000,Office Equipment and Accessories and Supplies,PLT-SAO,Sao Paulo Plant,LATAM,Brazil,SAP_S4HANA,NET40,Net 40,40
INV-000332,2026-06-28,,,false,965108.74,USD,SUP-00010,Frontier Polymers Charlotte LLC,GU-0002,Frontier Polymers Global,31160000,Hardware and fasteners,31000000,Manufacturing Components and Supplies,PLT-DET,Detroit Plant,NAMER,United States,SAP_S4HANA,D15N10N30,1.5% 10 Net 30,30
INV-000333,2025-12-10,2026-01-26,47,true,4292.66,USD,SUP-00003,Falcon Systems Osaka Pte. Ltd.,GU-0001,Falcon Systems Industries,44100000,Office machines,44000000,Office Equipment and Accessories and Supplies,PLT-PUN,Pune Plant,APAC,India,FIELDGLASS,NET45,Net 45,45
INV-000334,2026-05-28,,,false,688470.25,USD,SUP-00065,Yellowstone Solutions Monterrey Ltda.,GU-0015,Yellowstone Solutions Global,31160000,Hardware and fasteners,31000000,Manufacturing Components and Supplies,PLT-MTY,Monterrey Plant,LATAM,Mexico,FIELDGLASS,,,
INV-000335,2026-06-13,2026-07-15,32,true,389040.47,USD,SUP-00186,Monarch Electricals Bengaluru Pte. Ltd.,GU-0045,Monarch Electricals Inc.,31170000,Bearings and bushings,31000000,Manufacturing Components and Supplies,PLT-PUN,Pune Plant,APAC,India,ARIBA,NET30,Net 30,30
INV-000336,2025-11-20,2025-12-20,30,true,166522.4,USD,SUP-00013,Orion Supply Co Osaka Pvt. Ltd.,GU-0003,Orion Supply Co International,90120000,Travel services,90000000,Travel and Food and Lodging and Entertainment Services,PLT-SNG,Singapore Hub,APAC,Singapore,SAP_S4HANA,NET21,Net 21,21
INV-000337,2026-02-04,2026-04-07,62,true,234294.37,USD,SUP-00023,Umbra Fasteners Detroit Corp.,GU-0004,Umbra Fasteners International,31160000,Hardware and fasteners,31000000,Manufacturing Components and Supplies,PLT-CLT,Charlotte Plant,NAMER,United States,SAP_S4HANA,NET60,Net 60,60
INV-000338,2025-09-22,2025-09-24,2,true,110717.42,USD,SUP-00180,Northwind Electricals Sao Paulo Ltda.,GU-0044,Northwind Electricals International,39130000,Electrical hardware,39000000,Electrical Systems and Lighting and Components,PLT-MTY,Monterrey Plant,LATAM,Mexico,SAP_S4HANA,CIA,Cash in advance,0
INV-000339,2026-01-26,2026-02-18,23,true,480628.72,USD,SUP-00023,Umbra Fasteners Detroit Corp.,GU-0004,Umbra Fasteners International,31160000,Hardware and fasteners,31000000,Manufacturing Components and Supplies,PLT-PUN,Pune Plant,APAC,India,SAP_ECC,NET08,Net 8,8
INV-000340,2026-04-26,,,false,152868.27,USD,SUP-00026,Orion Polymers Monterrey S.A. de C.V.,GU-0006,Orion Polymers Group,31200000,Adhesives and sealants,31000000,Manufacturing Components and Supplies,PLT-SNG,Singapore Hub,APAC,Singapore,SAP_S4HANA,NET180,Net 180,180
INV-000341,2026-06-18,2026-06-27,9,true,247563.83,USD,SUP-00003,Falcon Systems Osaka Pte. Ltd.,GU-0001,Falcon Systems Industries,44100000,Office machines,44000000,Office Equipment and Accessories and Supplies,PLT-PUN,Pune Plant,APAC,India,SAP_ECC,NET15,Net 15,15
INV-000342,2026-01-08,2026-01-19,11,true,199607.35,USD,SUP-00010,Frontier Polymers Charlotte LLC,GU-0002,Frontier Polymers Global,44120000,Office supplies,44000000,Office Equipment and Accessories and Supplies,PLT-LYO,Lyon Plant,EMEA,France,SAP_S4HANA,D2N10N30,2% 10 Net 30,30
INV-000343,2025-12-30,2026-02-17,49,true,60075.87,USD,SUP-00003,Falcon Systems Osaka Pte. Ltd.,GU-0001,Falcon Systems Industries,44100000,Office machines,44000000,Office Equipment and Accessories and Supplies,PLT-SHA,Shanghai Plant,APAC,China,SAP_ECC,NET45,Net 45,45
INV-000344,2026-06-16,,,false,927266.89,USD,SUP-00060,Sequoia Fluid Systems Monterrey Ltda.,GU-0014,Sequoia Fluid Systems Global,40170000,Compressors and blowers,40000000,Distribution and Conditioning Systems and Equipment,PLT-SNG,Singapore Hub,APAC,Singapore,SAP_S4HANA,NET45,Net 45,45
INV-000345,2025-10-20,2025-12-07,48,true,85142.9,USD,SUP-00002,Falcon Systems Bengaluru Pte. Ltd.,GU-0001,Falcon Systems Industries,44100000,Office machines,44000000,Office Equipment and Accessories and Supplies,PLT-CHN,Chennai Plant,APAC,India,ARIBA,NET45,Net 45,45
INV-000346,2025-07-09,2025-08-13,35,true,394688.07,USD,SUP-00033,Vantage Technologies Turin AG,GU-0007,Vantage Technologies Inc.,39130000,Electrical hardware,39000000,Electrical Systems and Lighting and Components,PLT-STU,Stuttgart Plant,EMEA,Germany,SAP_ECC,EOM15,End of month + 15,30
INV-000347,2025-09-11,2025-10-22,41,true,864317.18,USD,SUP-00058,Sequoia Fluid Systems Campinas Ltda.,GU-0014,Sequoia Fluid Systems Global,40170000,Compressors and blowers,40000000,Distribution and Conditioning Systems and Equipment,PLT-SAO,Sao Paulo Plant,LATAM,Brazil,CONCUR,NET45,Net 45,45
INV-000348,2026-03-20,2026-04-18,29,true,259656.43,USD,SUP-00013,Orion Supply Co Osaka Pvt. Ltd.,GU-0003,Orion Supply Co International,44120000,Office supplies,44000000,Office Equipment and Accessories and Supplies,PLT-SHA,Shanghai Plant,APAC,China,SAP_S4HANA,NET08,Net 8,8
INV-000349,2025-09-13,2025-10-31,48,true,653806.99,USD,SUP-00001,Falcon Systems Osaka Pvt. Ltd.,GU-0001,Falcon Systems Industries,44100000,Office machines,44000000,Office Equipment and Accessories and Supplies,PLT-PUN,Pune Plant,APAC,India,SAP_ECC,NET45,Net 45,45
INV-000350,2025-10-07,2025-11-09,33,true,390653.46,USD,SUP-00049,Marlin Controls Shenzhen Co. Ltd.,GU-0012,Marlin Controls Group,72100000,Facility maintenance,72000000,Building and Facility Maintenance Services,PLT-HOU,Houston Plant,NAMER,United States,CONCUR,D1N10N30,1% 10 Net 30,30
INV-000351,2026-03-11,2026-05-23,73,true,3750102.28,USD,SUP-00017,Orion Supply Co Chennai Co. Ltd.,GU-0003,Orion Supply Co International,43190000,Communications devices,43000000,Information Technology Broadcasting and Telecommunications,PLT-CHN,Chennai Plant,APAC,India,SAP_S4HANA,NET60,Net 60,60
INV-000352,2025-10-24,2025-11-07,14,true,217050.68,USD,SUP-00007,Frontier Polymers Charlotte Inc.,GU-0002,Frontier Polymers Global,44120000,Office supplies,44000000,Office Equipment and Accessories and Supplies,PLT-LYO,Lyon Plant,EMEA,France,ARIBA,NET11,Net 11,11
INV-000353,2025-08-13,2025-09-04,22,true,60937.99,USD,SUP-00021,Umbra Fasteners Montreal Co.,GU-0004,Umbra Fasteners International,44120000,Office supplies,44000000,Office Equipment and Accessories and Supplies,PLT-HOU,Houston Plant,NAMER,United States,CONCUR,NET04,Net 4,4
INV-000354,2026-02-03,2026-03-10,35,true,664230.57,USD,SUP-00052,Apex Chemicals Sao Paulo S.A.,GU-0013,Apex Chemicals Corporation,27140000,Hydraulic machinery,27000000,Tools and General Machinery,PLT-PUN,Pune Plant,APAC,India,ARIBA,NET35,Net 35,35
INV-000355,2025-09-01,2026-01-01,122,true,123957.35,USD,SUP-00038,Sequoia Fasteners Leeds Ltd.,GU-0008,Sequoia Fasteners Holdings,90120000,Travel services,90000000,Travel and Food and Lodging and Entertainment Services,PLT-MAN,Manchester Plant,EMEA,United Kingdom,CONCUR,NET120,Net 120,120
INV-000356,2025-09-17,2025-09-22,5,true,73714.62,USD,SUP-00001,Falcon Systems Osaka Pvt. Ltd.,GU-0001,Falcon Systems Industries,44100000,Office machines,44000000,Office Equipment and Accessories and Supplies,PLT-SHA,Shanghai Plant,APAC,China,SAP_ECC,NET05,Net 5,5
INV-000357,2026-04-06,2026-05-11,35,true,54358.16,USD,SUP-00021,Umbra Fasteners Montreal Co.,GU-0004,Umbra Fasteners International,44120000,Office supplies,44000000,Office Equipment and Accessories and Supplies,PLT-CLT,Charlotte Plant,NAMER,United States,SAP_S4HANA,NET25,Net 25,25
INV-000358,2026-01-16,2026-03-02,45,true,184538.33,USD,SUP-00002,Falcon Systems Bengaluru Pte. Ltd.,GU-0001,Falcon Systems Industries,44100000,Office machines,44000000,Office Equipment and Accessories and Supplies,PLT-PUN,Pune Plant,APAC,India,SAP_ECC,NET45,Net 45,45
INV-000359,2025-12-28,2026-01-07,10,true,370192.78,USD,SUP-00020,Umbra Fasteners Houston Corp.,GU-0004,Umbra Fasteners International,44120000,Office supplies,44000000,Office Equipment and Accessories and Supplies,PLT-TOR,Toronto Plant,NAMER,Canada,SAP_ECC,NET02,Net 2,2
INV-000360,2025-12-30,2026-01-16,17,true,159987.79,USD,SUP-00003,Falcon Systems Osaka Pte. Ltd.,GU-0001,Falcon Systems Industries,44100000,Office machines,44000000,Office Equipment and Accessories and Supplies,PLT-PUN,Pune Plant,APAC,India,SAP_S4HANA,NET15,Net 15,15
INV-000361,2026-02-02,2026-04-09,66,true,1181242.51,USD,SUP-00044,Zenith Bearings Queretaro S.A. de C.V.,GU-0010,Zenith Bearings Industries,31160000,Hardware and fasteners,31000000,Manufacturing Components and Supplies,PLT-SAO,Sao Paulo Plant,LATAM,Brazil,SAP_ECC,,,
INV-000362,2025-10-14,2025-10-31,17,true,188063.83,USD,SUP-00027,Orion Polymers Queretaro Ltda.,GU-0006,Orion Polymers Group,31200000,Adhesives and sealants,31000000,Manufacturing Components and Supplies,PLT-SAO,Sao Paulo Plant,LATAM,Brazil,SAP_S4HANA,NET05,Net 5,5
INV-000363,2026-04-20,2026-06-03,44,true,602778.34,USD,SUP-00016,Orion Supply Co Nagoya Pvt. Ltd.,GU-0003,Orion Supply Co International,43190000,Communications devices,43000000,Information Technology Broadcasting and Telecommunications,PLT-PUN,Pune Plant,APAC,India,SAP_S4HANA,NET21,Net 21,21
INV-000364,2025-08-09,2025-09-07,29,true,1343221.36,USD,SUP-00086,Anchor Manufacturing Shanghai Co. Ltd.,GU-0022,Anchor Manufacturing Global,80100000,Management consulting,80000000,Management and Business Professionals and Admin Services,PLT-PUN,Pune Plant,APAC,India,FIELDGLASS,D15N10N30,1.5% 10 Net 30,30
INV-000365,2025-10-04,2025-12-22,79,true,361081.56,USD,SUP-00017,Orion Supply Co Chennai Co. Ltd.,GU-0003,Orion Supply Co International,90120000,Travel services,90000000,Travel and Food and Lodging and Entertainment Services,PLT-SHA,Shanghai Plant,APAC,China,SAP_ECC,EOM45,EOM Net 45,60
INV-000366,2025-09-16,2025-10-22,36,true,1256950.68,USD,SUP-00151,Talon Fabrication Lille S.A.,GU-0036,Talon Fabrication Inc.,47130000,Cleaning supplies,47000000,Cleaning Equipment and Supplies,PLT-STU,Stuttgart Plant,EMEA,Germany,FIELDGLASS,NET30,Net 30,30
INV-000367,2025-08-28,2026-01-01,126,true,658064.19,USD,SUP-00038,Sequoia Fasteners Leeds Ltd.,GU-0008,Sequoia Fasteners Holdings,90120000,Travel services,90000000,Travel and Food and Lodging and Entertainment Services,PLT-STU,Stuttgart Plant,EMEA,Germany,SAP_S4HANA,NET120,Net 120,120
INV-000368,2026-05-26,2026-05-27,1,true,590140.04,USD,SUP-00124,Monarch Energy Singapore Pte. Ltd.,GU-0030,Monarch Energy International,25170000,Vehicle components and accessories,25000000,Commercial and Private Vehicles and Components,PLT-CHN,Chennai Plant,APAC,India,ARIBA,NET15,Net 15,15
INV-000369,2026-04-19,2026-05-18,29,true,763303.4,USD,SUP-00120,Bluepeak Services Chennai Co. Ltd.,GU-0029,Bluepeak Services Holdings,25100000,Motor vehicles,25000000,Commercial and Private Vehicles and Components,PLT-SHA,Shanghai Plant,APAC,China,FIELDGLASS,NET25,Net 25,25
INV-000370,2025-10-29,2025-12-16,48,true,516149.77,USD,SUP-00001,Falcon Systems Osaka Pvt. Ltd.,GU-0001,Falcon Systems Industries,44100000,Office machines,44000000,Office Equipment and Accessories and Supplies,PLT-STU,Stuttgart Plant,EMEA,Germany,SAP_S4HANA,NET45,Net 45,45
INV-000371,2025-11-04,2025-12-25,51,true,1562999.66,USD,SUP-00094,Copperfield Fabrication Bengaluru Pte. Ltd.,GU-0024,Copperfield Fabrication Holdings,72150000,Building repair services,72000000,Building and Facility Maintenance Services,PLT-CHN,Chennai Plant,APAC,India,SAP_S4HANA,NET30,Net 30,30
INV-000372,2026-06-09,2026-07-08,29,true,132684.04,USD,SUP-00171,Kestrel Instruments Detroit Corp.,GU-0042,Kestrel Instruments Industries,,,,,PLT-TOR,Toronto Plant,NAMER,Canada,ARIBA,NET21,Net 21,21
INV-000373,2025-12-02,2026-01-17,46,true,103518.44,USD,SUP-00002,Falcon Systems Bengaluru Pte. Ltd.,GU-0001,Falcon Systems Industries,44100000,Office machines,44000000,Office Equipment and Accessories and Supplies,PLT-MTY,Monterrey Plant,LATAM,Mexico,FIELDGLASS,,,
INV-000374,2026-01-28,2026-06-01,124,true,957719.65,USD,SUP-00038,Sequoia Fasteners Leeds Ltd.,GU-0008,Sequoia Fasteners Holdings,90120000,Travel services,90000000,Travel and Food and Lodging and Entertainment Services,PLT-HOU,Houston Plant,NAMER,United States,CONCUR,NET120,Net 120,120
INV-000375,2026-05-19,,,false,142477.33,USD,SUP-00001,Falcon Systems Osaka Pvt. Ltd.,GU-0001,Falcon Systems Industries,44100000,Office machines,44000000,Office Equipment and Accessories and Supplies,PLT-SHA,Shanghai Plant,APAC,China,SAP_S4HANA,NET45,Net 45,45
INV-000376,2025-09-05,2025-09-17,12,true,2489509.12,USD,SUP-00011,Frontier Polymers Montreal Co.,GU-0002,Frontier Polymers Global,31160000,Hardware and fasteners,31000000,Manufacturing Components and Supplies,PLT-LYO,Lyon Plant,EMEA,France,SAP_S4HANA,NET10,Net 10,10
INV-000377,2026-01-18,2026-03-28,69,true,462177.95,USD,SUP-00020,Umbra Fasteners Houston Corp.,GU-0004,Umbra Fasteners International,44120000,Office supplies,44000000,Office Equipment and Accessories and Supplies,PLT-DET,Detroit Plant,NAMER,United States,SAP_ECC,MILESTONE,Milestone based,45
INV-000378,2026-01-05,,,false,153439.04,USD,SUP-00126,Monarch Energy Pune Co. Ltd.,GU-0030,Monarch Energy International,25170000,Vehicle components and accessories,25000000,Commercial and Private Vehicles and Components,PLT-PUN,Pune Plant,APAC,India,SAP_ECC,NET15,Net 15,15
INV-000379,2025-11-14,2025-11-21,7,true,249078.11,USD,SUP-00065,Yellowstone Solutions Monterrey Ltda.,GU-0015,Yellowstone Solutions Global,40160000,HVAC equipment,40000000,Distribution and Conditioning Systems and Equipment,PLT-SAO,Sao Paulo Plant,LATAM,Brazil,ARIBA,WEEKLY,Weekly settlement,7
INV-000380,2025-11-12,2025-12-10,28,true,301985.6,USD,SUP-00031,Vantage Technologies Milan S.p.A.,GU-0007,Vantage Technologies Inc.,84120000,Banking and finance services,84000000,Financial and Insurance Services,PLT-STU,Stuttgart Plant,EMEA,Germany,SAP_S4HANA,NET30,Net 30,30
INV-000381,2026-05-02,,,false,116497.95,USD,SUP-00021,Umbra Fasteners Montreal Co.,GU-0004,Umbra Fasteners International,44120000,Office supplies,44000000,Office Equipment and Accessories and Supplies,PLT-HOU,Houston Plant,NAMER,United States,SAP_S4HANA,NET100,Net 100,100
INV-000382,2026-01-19,2026-03-20,60,true,270084.96,USD,SUP-00003,Falcon Systems Osaka Pte. Ltd.,GU-0001,Falcon Systems Industries,44100000,Office machines,44000000,Office Equipment and Accessories and Supplies,PLT-PUN,Pune Plant,APAC,India,SAP_S4HANA,,,
INV-000383,2025-09-11,2025-10-20,39,true,100964.74,USD,SUP-00002,Falcon Systems Bengaluru Pte. Ltd.,GU-0001,Falcon Systems Industries,44100000,Office machines,44000000,Office Equipment and Accessories and Supplies,PLT-CHN,Chennai Plant,APAC,India,SAP_S4HANA,NET45,Net 45,45
INV-000384,2025-09-23,2025-10-07,14,true,331238.52,USD,SUP-00010,Frontier Polymers Charlotte LLC,GU-0002,Frontier Polymers Global,44120000,Office supplies,44000000,Office Equipment and Accessories and Supplies,PLT-HOU,Houston Plant,NAMER,United States,SAP_ECC,NET11,Net 11,11
INV-000385,2026-02-25,2026-02-28,3,true,140159.39,USD,SUP-00070,Redwood Controls Singapore Pte. Ltd.,GU-0017,Redwood Controls Inc.,31160000,Hardware and fasteners,31000000,Manufacturing Components and Supplies,PLT-PUN,Pune Plant,APAC,India,ARIBA,NET07,Net 7,7
INV-000386,2026-06-05,2026-07-22,47,true,274188.26,USD,SUP-00001,Falcon Systems Osaka Pvt. Ltd.,GU-0001,Falcon Systems Industries,44100000,Office machines,44000000,Office Equipment and Accessories and Supplies,PLT-PUN,Pune Plant,APAC,India,SAP_ECC,NET45,Net 45,45
INV-000387,2026-06-14,,,false,30414.42,USD,SUP-00028,Orion Polymers Sao Paulo Ltda.,GU-0006,Orion Polymers Group,43210000,Computer equipment,43000000,Information Technology Broadcasting and Telecommunications,PLT-PUN,Pune Plant,APAC,India,SAP_S4HANA,D2N10N30,2% 10 Net 30,30
INV-000388,2025-07-23,2025-08-03,11,true,58465.14,USD,SUP-00004,Falcon Systems Chennai Co. Ltd.,GU-0001,Falcon Systems Industries,44100000,Office machines,44000000,Office Equipment and Accessories and Supplies,PLT-PUN,Pune Plant,APAC,India,SAP_S4HANA,NET05,Net 5,5
INV-000389,2025-11-08,2025-12-24,46,true,404017.53,USD,SUP-00006,Falcon Systems Nagoya Pte. Ltd.,GU-0001,Falcon Systems Industries,44100000,Office machines,44000000,Office Equipment and Accessories and Supplies,PLT-PUN,Pune Plant,APAC,India,SAP_S4HANA,NET45,Net 45,45
INV-000390,2026-06-16,,,false,708930.84,USD,SUP-00061,Sequoia Fluid Systems Sao Paulo S.A.,GU-0014,Sequoia Fluid Systems Global,40170000,Compressors and blowers,40000000,Distribution and Conditioning Systems and Equipment,PLT-SNG,Singapore Hub,APAC,Singapore,SAP_S4HANA,NET10,Net 10,10
INV-000391,2026-01-05,2026-01-25,20,true,271967.87,USD,SUP-00004,Falcon Systems Chennai Co. Ltd.,GU-0001,Falcon Systems Industries,44100000,Office machines,44000000,Office Equipment and Accessories and Supplies,PLT-PUN,Pune Plant,APAC,India,SAP_ECC,NET15,Net 15,15
INV-000392,2025-08-10,2025-08-28,18,true,770751.89,USD,SUP-00006,Falcon Systems Nagoya Pte. Ltd.,GU-0001,Falcon Systems Industries,44100000,Office machines,44000000,Office Equipment and Accessories and Supplies,PLT-CHN,Chennai Plant,APAC,India,SAP_S4HANA,NET15,Net 15,15
INV-000393,2026-03-19,2026-03-20,1,true,521659.18,USD,SUP-00124,Monarch Energy Singapore Pte. Ltd.,GU-0030,Monarch Energy International,25170000,Vehicle components and accessories,25000000,Commercial and Private Vehicles and Components,PLT-HOU,Houston Plant,NAMER,United States,SAP_S4HANA,NET10,Net 10,10
INV-000394,2025-07-24,2025-09-08,46,true,156549,USD,SUP-00005,Falcon Systems Singapore Pte. Ltd.,GU-0001,Falcon Systems Industries,,,,,PLT-LYO,Lyon Plant,EMEA,France,SAP_ECC,NET45,Net 45,45
INV-000395,2026-06-10,,,false,156849.91,USD,SUP-00031,Vantage Technologies Milan S.p.A.,GU-0007,Vantage Technologies Inc.,84120000,Banking and finance services,84000000,Financial and Insurance Services,PLT-SHA,Shanghai Plant,APAC,China,SAP_S4HANA,NET30,Net 30,30
INV-000396,2026-05-13,2026-05-24,11,true,824648.01,USD,SUP-00004,Falcon Systems Chennai Co. Ltd.,GU-0001,Falcon Systems Industries,44100000,Office machines,44000000,Office Equipment and Accessories and Supplies,PLT-CHN,Chennai Plant,APAC,India,ARIBA,NET05,Net 5,5
INV-000397,2025-10-16,2025-12-01,46,true,363794.07,USD,SUP-00002,Falcon Systems Bengaluru Pte. Ltd.,GU-0001,Falcon Systems Industries,,,,,PLT-LYO,Lyon Plant,EMEA,France,ARIBA,NET45,Net 45,45
INV-000398,2026-06-25,,,false,343857.69,USD,SUP-00092,Dynamo Freight Munich B.V.,GU-0023,Dynamo Freight Inc.,39120000,Electrical wire and cable,39000000,Electrical Systems and Lighting and Components,PLT-ROT,Rotterdam DC,EMEA,Netherlands,SAP_S4HANA,NET60,Net 60,60
INV-000399,2026-01-29,2026-03-15,45,true,2062422.91,USD,SUP-00003,Falcon Systems Osaka Pte. Ltd.,GU-0001,Falcon Systems Industries,44100000,Office machines,44000000,Office Equipment and Accessories and Supplies,PLT-SHA,Shanghai Plant,APAC,China,SAP_ECC,NET45,Net 45,45
INV-000400,2025-12-09,2026-01-13,35,true,215778.94,USD,SUP-00023,Umbra Fasteners Detroit Corp.,GU-0004,Umbra Fasteners International,44120000,Office supplies,44000000,Office Equipment and Accessories and Supplies,PLT-HOU,Houston Plant,NAMER,United States,ARIBA,NET21,Net 21,21
INV-000401,2026-02-26,2026-04-16,49,true,131227.57,USD,SUP-00005,Falcon Systems Singapore Pte. Ltd.,GU-0001,Falcon Systems Industries,44100000,Office machines,44000000,Office Equipment and Accessories and Supplies,PLT-SHA,Shanghai Plant,APAC,China,SAP_ECC,NET45,Net 45,45
INV-000402,2026-05-31,2026-06-14,14,true,5405922.74,USD,SUP-00085,Orion Automation Queretaro S.A. de C.V.,GU-0021,Orion Automation International,78100000,Freight transport,78000000,Transportation and Storage and Mail Services,PLT-SAO,Sao Paulo Plant,LATAM,Brazil,SAP_ECC,NET13,Net 13,13
INV-000403,2026-01-29,2026-03-07,37,true,915618.13,USD,SUP-00012,Frontier Polymers Charlotte LLC,GU-0002,Frontier Polymers Global,44120000,Office supplies,44000000,Office Equipment and Accessories and Supplies,PLT-HOU,Houston Plant,NAMER,United States,SAP_S4HANA,MILESTONE,Milestone based,45
INV-000404,2026-04-14,2026-05-27,43,true,96891.89,USD,SUP-00006,Falcon Systems Nagoya Pte. Ltd.,GU-0001,Falcon Systems Industries,44100000,Office machines,44000000,Office Equipment and Accessories and Supplies,PLT-PUN,Pune Plant,APAC,India,SAP_S4HANA,NET45,Net 45,45
INV-000405,2025-07-26,2025-08-13,18,true,742658.17,USD,SUP-00005,Falcon Systems Singapore Pte. Ltd.,GU-0001,Falcon Systems Industries,44100000,Office machines,44000000,Office Equipment and Accessories and Supplies,PLT-PUN,Pune Plant,APAC,India,SAP_S4HANA,NET15,Net 15,15
INV-000406,2026-01-02,2026-02-02,31,true,173982.18,USD,SUP-00029,Vantage Technologies Rotterdam Ltd.,GU-0007,Vantage Technologies Inc.,39130000,Electrical hardware,39000000,Electrical Systems and Lighting and Components,PLT-STU,Stuttgart Plant,EMEA,Germany,SAP_ECC,NET30,Net 30,30
INV-000407,2026-01-29,2026-02-02,4,true,1428734.94,USD,SUP-00049,Marlin Controls Shenzhen Co. Ltd.,GU-0012,Marlin Controls Group,72100000,Facility maintenance,72000000,Building and Facility Maintenance Services,PLT-PUN,Pune Plant,APAC,India,SAP_S4HANA,NET00,Immediate / Due on receipt,0
INV-000408,2026-01-26,2026-01-30,4,true,497834.3,USD,SUP-00030,Vantage Technologies Lyon GmbH,GU-0007,Vantage Technologies Inc.,72100000,Facility maintenance,72000000,Building and Facility Maintenance Services,PLT-DET,Detroit Plant,NAMER,United States,ARIBA,NET00,Immediate / Due on receipt,0
INV-000409,2025-07-19,2025-09-26,69,true,761853.55,USD,SUP-00047,Halcyon Controls Cleveland Inc.,GU-0011,Halcyon Controls Corporation,31350000,Machined castings,31000000,Manufacturing Components and Supplies,PLT-DET,Detroit Plant,NAMER,United States,SAP_ECC,NET45,Net 45,45
INV-000410,2026-03-28,2026-04-01,4,true,669110.17,USD,SUP-00041,Frontier Solutions Monterrey Ltda.,GU-0009,Frontier Solutions Corporation,40170000,Compressors and blowers,40000000,Distribution and Conditioning Systems and Equipment,PLT-SAO,Sao Paulo Plant,LATAM,Brazil,SAP_ECC,NET00,Immediate / Due on receipt,0
INV-000411,2026-01-16,2026-02-19,34,true,1621058.45,USD,SUP-00111,Yellowstone Technologies Charlotte LLC,GU-0027,Yellowstone Technologies Industries,31160000,Hardware and fasteners,31000000,Manufacturing Components and Supplies,PLT-HOU,Houston Plant,NAMER,United States,SAP_S4HANA,D15N10N30,1.5% 10 Net 30,30
INV-000412,2025-12-03,2025-12-19,16,true,184494.41,USD,SUP-00024,Apex Supply Co Lyon AG,GU-0005,Apex Supply Co Global,31350000,Machined castings,31000000,Manufacturing Components and Supplies,PLT-STU,Stuttgart Plant,EMEA,Germany,SAP_S4HANA,NET14,Net 14,14
INV-000413,2026-04-16,,,false,5150524.8,USD,SUP-00035,Sequoia Fasteners Manchester AG,GU-0008,Sequoia Fasteners Holdings,43230000,Software licenses,43000000,Information Technology Broadcasting and Telecommunications,PLT-SAO,Sao Paulo Plant,LATAM,Brazil,SAP_S4HANA,NET120,Net 120,120
INV-000414,2026-02-18,2026-02-19,1,true,490592.86,USD,SUP-00040,Frontier Solutions Sao Paulo Ltda.,GU-0009,Frontier Solutions Corporation,40170000,Compressors and blowers,40000000,Distribution and Conditioning Systems and Equipment,PLT-SAO,Sao Paulo Plant,LATAM,Brazil,SAP_ECC,NET00,Immediate / Due on receipt,0
INV-000415,2026-01-30,2026-03-16,45,true,598792.67,USD,SUP-00015,Orion Supply Co Osaka Pvt. Ltd.,GU-0003,Orion Supply Co International,90120000,Travel services,90000000,Travel and Food and Lodging and Entertainment Services,PLT-HOU,Houston Plant,NAMER,United States,SAP_S4HANA,ADV5050,50% advance / 50% Net 30,30
INV-000416,2025-08-30,2025-10-09,40,true,464278.28,USD,SUP-00047,Halcyon Controls Cleveland Inc.,GU-0011,Halcyon Controls Corporation,31350000,Machined castings,31000000,Manufacturing Components and Supplies,PLT-DET,Detroit Plant,NAMER,United States,SAP_S4HANA,NET45,Net 45,45
INV-000417,2025-07-25,2025-08-05,11,true,587367.65,USD,SUP-00009,Frontier Polymers Montreal Inc.,GU-0002,Frontier Polymers Global,44120000,Office supplies,44000000,Office Equipment and Accessories and Supplies,PLT-HOU,Houston Plant,NAMER,United States,SAP_S4HANA,D15N10N30,1.5% 10 Net 30,30
INV-000418,2026-04-16,2026-05-12,26,true,166280.36,USD,SUP-00051,Apex Chemicals Sao Paulo S.A. de C.V.,GU-0013,Apex Chemicals Corporation,44120000,Office supplies,44000000,Office Equipment and Accessories and Supplies,PLT-SAO,Sao Paulo Plant,LATAM,Brazil,SAP_S4HANA,NET21,Net 21,21
INV-000419,2026-05-16,2026-06-27,42,true,312670.19,USD,SUP-00006,Falcon Systems Nagoya Pte. Ltd.,GU-0001,Falcon Systems Industries,44100000,Office machines,44000000,Office Equipment and Accessories and Supplies,PLT-PUN,Pune Plant,APAC,India,SAP_S4HANA,NET45,Net 45,45
INV-000420,2026-06-28,2026-07-20,22,true,129109,USD,SUP-00024,Apex Supply Co Lyon AG,GU-0005,Apex Supply Co Global,31350000,Machined castings,31000000,Manufacturing Components and Supplies,PLT-LYO,Lyon Plant,EMEA,France,SAP_ECC,NET14,Net 14,14
INV-000421,2025-07-10,2025-07-26,16,true,318125.09,USD,SUP-00060,Sequoia Fluid Systems Monterrey Ltda.,GU-0014,Sequoia Fluid Systems Global,40170000,Compressors and blowers,40000000,Distribution and Conditioning Systems and Equipment,PLT-HOU,Houston Plant,NAMER,United States,ARIBA,NET10,Net 10,10
INV-000422,2025-12-22,2026-01-30,39,true,249465.79,USD,SUP-00025,Orion Polymers Monterrey S.A.,GU-0006,Orion Polymers Group,90100000,Catering and restaurants,90000000,Travel and Food and Lodging and Entertainment Services,PLT-SAO,Sao Paulo Plant,LATAM,Brazil,CONCUR,MP10,"Monthly, paid 10th",25
INV-000423,2025-09-25,2025-11-13,49,true,25581.28,USD,SUP-00002,Falcon Systems Bengaluru Pte. Ltd.,GU-0001,Falcon Systems Industries,44100000,Office machines,44000000,Office Equipment and Accessories and Supplies,PLT-PUN,Pune Plant,APAC,India,SAP_S4HANA,NET45,Net 45,45
INV-000424,2026-03-18,2026-05-07,50,true,396440.57,USD,SUP-00003,Falcon Systems Osaka Pte. Ltd.,GU-0001,Falcon Systems Industries,44100000,Office machines,44000000,Office Equipment and Accessories and Supplies,PLT-PUN,Pune Plant,APAC,India,SAP_S4HANA,NET45,Net 45,45
INV-000425,2026-04-11,2026-05-07,26,true,465544.78,USD,SUP-00022,Umbra Fasteners Toronto LLC,GU-0004,Umbra Fasteners International,31160000,Hardware and fasteners,31000000,Manufacturing Components and Supplies,PLT-SHA,Shanghai Plant,APAC,China,SAP_S4HANA,NET08,Net 8,8
INV-000426,2026-02-02,2026-03-12,38,true,5883932.1,USD,SUP-00090,Anchor Manufacturing Chennai Ltd.,GU-0022,Anchor Manufacturing Global,80100000,Management consulting,80000000,Management and Business Professionals and Admin Services,PLT-HOU,Houston Plant,NAMER,United States,SAP_ECC,D15N10N30,1.5% 10 Net 30,30
INV-000427,2026-05-20,2026-06-29,40,true,118330.29,USD,SUP-00001,Falcon Systems Osaka Pvt. Ltd.,GU-0001,Falcon Systems Industries,44100000,Office machines,44000000,Office Equipment and Accessories and Supplies,PLT-SAO,Sao Paulo Plant,LATAM,Brazil,SAP_S4HANA,NET45,Net 45,45
INV-000428,2026-03-16,2026-03-22,6,true,633907.34,USD,SUP-00006,Falcon Systems Nagoya Pte. Ltd.,GU-0001,Falcon Systems Industries,44100000,Office machines,44000000,Office Equipment and Accessories and Supplies,PLT-SHA,Shanghai Plant,APAC,China,SAP_ECC,NET05,Net 5,5
INV-000429,2026-06-20,,,false,263576.17,USD,SUP-00014,Orion Supply Co Osaka Pte. Ltd.,GU-0003,Orion Supply Co International,44120000,Office supplies,44000000,Office Equipment and Accessories and Supplies,PLT-PUN,Pune Plant,APAC,India,SAP_S4HANA,ADV5050,50% advance / 50% Net 30,30
INV-000430,2026-01-09,2026-01-28,19,true,474365.22,USD,SUP-00006,Falcon Systems Nagoya Pte. Ltd.,GU-0001,Falcon Systems Industries,44100000,Office machines,44000000,Office Equipment and Accessories and Supplies,PLT-PUN,Pune Plant,APAC,India,ARIBA,NET15,Net 15,15
INV-000431,2025-11-21,2025-12-14,23,true,579189.88,USD,SUP-00042,Zenith Bearings Monterrey S.A. de C.V.,GU-0010,Zenith Bearings Industries,44120000,Office supplies,44000000,Office Equipment and Accessories and Supplies,PLT-MTY,Monterrey Plant,LATAM,Mexico,ARIBA,NET04,Net 4,4
INV-000432,2025-10-09,2025-10-12,3,true,71769.83,USD,SUP-00004,Falcon Systems Chennai Co. Ltd.,GU-0001,Falcon Systems Industries,44100000,Office machines,44000000,Office Equipment and Accessories and Supplies,PLT-SHA,Shanghai Plant,APAC,China,SAP_S4HANA,NET05,Net 5,5
INV-000433,2026-04-18,2026-06-12,55,true,334091.78,USD,SUP-00006,Falcon Systems Nagoya Pte. Ltd.,GU-0001,Falcon Systems Industries,44100000,Office machines,44000000,Office Equipment and Accessories and Supplies,PLT-PUN,Pune Plant,APAC,India,SAP_ECC,NET45,Net 45,45
INV-000434,2025-07-27,2025-09-13,48,true,1164698.94,USD,SUP-00034,Vantage Technologies Milan GmbH,GU-0007,Vantage Technologies Inc.,72100000,Facility maintenance,72000000,Building and Facility Maintenance Services,PLT-ROT,Rotterdam DC,EMEA,Netherlands,SAP_S4HANA,,,
INV-000435,2026-02-15,2026-03-07,20,true,197695.58,USD,SUP-00024,Apex Supply Co Lyon AG,GU-0005,Apex Supply Co Global,31350000,Machined castings,31000000,Manufacturing Components and Supplies,PLT-STU,Stuttgart Plant,EMEA,Germany,CONCUR,NET14,Net 14,14
INV-000436,2026-05-17,2026-06-29,43,true,46822.35,USD,SUP-00006,Falcon Systems Nagoya Pte. Ltd.,GU-0001,Falcon Systems Industries,44100000,Office machines,44000000,Office Equipment and Accessories and Supplies,PLT-PUN,Pune Plant,APAC,India,SAP_ECC,NET45,Net 45,45
INV-000437,2025-12-18,2026-01-16,29,true,753451.54,USD,SUP-00031,Vantage Technologies Milan S.p.A.,GU-0007,Vantage Technologies Inc.,84120000,Banking and finance services,84000000,Financial and Insurance Services,PLT-STU,Stuttgart Plant,EMEA,Germany,SAP_S4HANA,NET30,Net 30,30
INV-000438,2025-09-04,2025-10-31,57,true,660386.99,USD,SUP-00013,Orion Supply Co Osaka Pvt. Ltd.,GU-0003,Orion Supply Co International,43190000,Communications devices,43000000,Information Technology Broadcasting and Telecommunications,PLT-STU,Stuttgart Plant,EMEA,Germany,SAP_S4HANA,MILESTONE,Milestone based,45
INV-000439,2026-01-13,2026-03-08,54,true,811686.99,USD,SUP-00089,Anchor Manufacturing Bengaluru Co. Ltd.,GU-0022,Anchor Manufacturing Global,80100000,Management consulting,80000000,Management and Business Professionals and Admin Services,PLT-PUN,Pune Plant,APAC,India,SAP_S4HANA,NET45,Net 45,45
INV-000440,2025-10-08,2025-12-28,81,true,349282.63,USD,SUP-00023,Umbra Fasteners Detroit Corp.,GU-0004,Umbra Fasteners International,31160000,Hardware and fasteners,31000000,Manufacturing Components and Supplies,PLT-CLT,Charlotte Plant,NAMER,United States,SAP_ECC,,,
INV-000441,2025-12-31,2026-02-18,49,true,9777.23,USD,SUP-00002,Falcon Systems Bengaluru Pte. Ltd.,GU-0001,Falcon Systems Industries,44100000,Office machines,44000000,Office Equipment and Accessories and Supplies,PLT-SHA,Shanghai Plant,APAC,China,SAP_S4HANA,NET45,Net 45,45
INV-000442,2025-07-28,2025-08-23,26,true,286153.67,USD,SUP-00007,Frontier Polymers Charlotte Inc.,GU-0002,Frontier Polymers Global,31160000,Hardware and fasteners,31000000,Manufacturing Components and Supplies,PLT-CLT,Charlotte Plant,NAMER,United States,FIELDGLASS,NET21,Net 21,21
INV-000443,2026-04-23,2026-06-07,45,true,226432.43,USD,SUP-00068,Harbor Packaging Campinas Ltda.,GU-0016,Harbor Packaging Holdings,44120000,Office supplies,44000000,Office Equipment and Accessories and Supplies,PLT-MTY,Monterrey Plant,LATAM,Mexico,ARIBA,D2N10N30,2% 10 Net 30,30
INV-000444,2026-03-04,2026-04-29,56,true,223762.81,USD,SUP-00127,Westfield Automation Singapore Pte. Ltd.,GU-0031,Westfield Automation Inc.,84120000,Banking and finance services,84000000,Financial and Insurance Services,PLT-PUN,Pune Plant,APAC,India,SAP_S4HANA,NET50,Net 50,50
INV-000445,2026-05-20,,,false,731184.89,USD,SUP-00198,Falcon Consulting Charlotte LLC,GU-0048,Falcon Consulting Corporation,,,,,PLT-HOU,Houston Plant,NAMER,United States,SAP_S4HANA,NET60,Net 60,60
INV-000446,2025-07-12,2025-08-29,48,true,85869.52,USD,SUP-00002,Falcon Systems Bengaluru Pte. Ltd.,GU-0001,Falcon Systems Industries,44100000,Office machines,44000000,Office Equipment and Accessories and Supplies,PLT-PUN,Pune Plant,APAC,India,SAP_ECC,NET45,Net 45,45
INV-000447,2026-03-27,2026-05-27,61,true,139469.9,USD,SUP-00110,Yellowstone Technologies Montreal Inc.,GU-0027,Yellowstone Technologies Industries,31160000,Hardware and fasteners,31000000,Manufacturing Components and Supplies,PLT-STU,Stuttgart Plant,EMEA,Germany,SAP_ECC,NET60,Net 60,60
INV-000448,2025-11-04,2025-11-07,3,true,235454.99,USD,SUP-00177,Northwind Electricals Campinas S.A.,GU-0044,Northwind Electricals International,39130000,Electrical hardware,39000000,Electrical Systems and Lighting and Components,PLT-MTY,Monterrey Plant,LATAM,Mexico,SAP_ECC,CIA,Cash in advance,0
INV-000449,2026-06-21,2026-07-02,11,true,268509.5,USD,SUP-00061,Sequoia Fluid Systems Sao Paulo S.A.,GU-0014,Sequoia Fluid Systems Global,40170000,Compressors and blowers,40000000,Distribution and Conditioning Systems and Equipment,PLT-MTY,Monterrey Plant,LATAM,Mexico,SAP_ECC,NET10,Net 10,10
INV-000450,2025-12-04,2026-04-07,124,true,609544.03,USD,SUP-00039,Sequoia Fasteners Lille Ltd.,GU-0008,Sequoia Fasteners Holdings,43230000,Software licenses,43000000,Information Technology Broadcasting and Telecommunications,PLT-DET,Detroit Plant,NAMER,United States,SAP_S4HANA,NET120,Net 120,120
INV-000451,2026-02-16,2026-02-26,10,true,480081.69,USD,SUP-00058,Sequoia Fluid Systems Campinas Ltda.,GU-0014,Sequoia Fluid Systems Global,40170000,Compressors and blowers,40000000,Distribution and Conditioning Systems and Equipment,PLT-MTY,Monterrey Plant,LATAM,Mexico,SAP_S4HANA,NET10,Net 10,10
INV-000452,2026-03-14,2026-03-25,11,true,201923.25,USD,SUP-00008,Frontier Polymers Detroit Corp.,GU-0002,Frontier Polymers Global,44120000,Office supplies,44000000,Office Equipment and Accessories and Supplies,PLT-SNG,Singapore Hub,APAC,Singapore,SAP_S4HANA,NET07,Net 7,7
INV-000453,2025-10-06,2025-10-22,16,true,141408.94,USD,SUP-00002,Falcon Systems Bengaluru Pte. Ltd.,GU-0001,Falcon Systems Industries,44100000,Office machines,44000000,Office Equipment and Accessories and Supplies,PLT-LYO,Lyon Plant,EMEA,France,SAP_ECC,NET15,Net 15,15
INV-000454,2026-02-28,2026-04-19,50,true,106659.03,USD,SUP-00023,Umbra Fasteners Detroit Corp.,GU-0004,Umbra Fasteners International,31160000,Hardware and fasteners,31000000,Manufacturing Components and Supplies,PLT-CLT,Charlotte Plant,NAMER,United States,SAP_S4HANA,D2N15N45,2% 15 Net 45,45
INV-000455,2026-04-22,2026-06-09,48,true,499054.52,USD,SUP-00002,Falcon Systems Bengaluru Pte. Ltd.,GU-0001,Falcon Systems Industries,44100000,Office machines,44000000,Office Equipment and Accessories and Supplies,PLT-PUN,Pune Plant,APAC,India,SAP_ECC,NET45,Net 45,45
INV-000456,2025-12-01,2025-12-05,4,true,384564.63,USD,SUP-00041,Frontier Solutions Monterrey Ltda.,GU-0009,Frontier Solutions Corporation,40170000,Compressors and blowers,40000000,Distribution and Conditioning Systems and Equipment,PLT-STU,Stuttgart Plant,EMEA,Germany,FIELDGLASS,NET00,Immediate / Due on receipt,0
INV-000457,2026-01-14,2026-03-02,47,true,100827.45,USD,SUP-00012,Frontier Polymers Charlotte LLC,GU-0002,Frontier Polymers Global,44120000,Office supplies,44000000,Office Equipment and Accessories and Supplies,PLT-PUN,Pune Plant,APAC,India,SAP_S4HANA,MILESTONE,Milestone based,45
INV-000458,2025-10-10,2025-11-12,33,true,273408.51,USD,SUP-00112,Northwind Fluid Systems Lille GmbH,GU-0028,Northwind Fluid Systems International,72100000,Facility maintenance,72000000,Building and Facility Maintenance Services,PLT-STU,Stuttgart Plant,EMEA,Germany,SAP_S4HANA,NET30,Net 30,30
INV-000459,2025-10-14,2025-10-20,6,true,81778.89,USD,SUP-00093,Dynamo Freight Leeds AG,GU-0023,Dynamo Freight Inc.,44120000,Office supplies,44000000,Office Equipment and Accessories and Supplies,PLT-STU,Stuttgart Plant,EMEA,Germany,SAP_ECC,NET04,Net 4,4
INV-000460,2025-10-12,2025-11-09,28,true,51205.92,USD,SUP-00023,Umbra Fasteners Detroit Corp.,GU-0004,Umbra Fasteners International,44120000,Office supplies,44000000,Office Equipment and Accessories and Supplies,PLT-HOU,Houston Plant,NAMER,United States,ARIBA,NET25,Net 25,25
INV-000461,2026-06-30,2026-07-28,28,true,898935.03,USD,SUP-00017,Orion Supply Co Chennai Co. Ltd.,GU-0003,Orion Supply Co International,,,,,PLT-DET,Detroit Plant,NAMER,United States,ARIBA,NET14,Net 14,14
INV-000462,2025-08-18,2025-10-21,64,true,8871.23,USD,SUP-00014,Orion Supply Co Osaka Pte. Ltd.,GU-0003,Orion Supply Co International,90120000,Travel services,90000000,Travel and Food and Lodging and Entertainment Services,PLT-STU,Stuttgart Plant,EMEA,Germany,CONCUR,MILESTONE,Milestone based,45
INV-000463,2026-01-05,2026-02-05,31,true,694624.74,USD,SUP-00007,Frontier Polymers Charlotte Inc.,GU-0002,Frontier Polymers Global,31160000,Hardware and fasteners,31000000,Manufacturing Components and Supplies,PLT-CLT,Charlotte Plant,NAMER,United States,SAP_S4HANA,NET30,Net 30,30
INV-000464,2026-01-21,,,false,1095079.65,USD,SUP-00022,Umbra Fasteners Toronto LLC,GU-0004,Umbra Fasteners International,,,,,PLT-DET,Detroit Plant,NAMER,United States,SAP_S4HANA,NET50,Net 50,50
INV-000465,2026-02-10,,,false,874356.86,USD,SUP-00130,Pioneer Fluid Systems Monterrey Ltda.,GU-0032,Pioneer Fluid Systems Holdings,39120000,Electrical wire and cable,39000000,Electrical Systems and Lighting and Components,PLT-MTY,Monterrey Plant,LATAM,Mexico,SAP_S4HANA,NET45,Net 45,45
INV-000466,2025-12-31,2026-01-07,7,true,44686.45,USD,SUP-00011,Frontier Polymers Montreal Co.,GU-0002,Frontier Polymers Global,31160000,Hardware and fasteners,31000000,Manufacturing Components and Supplies,PLT-CHN,Chennai Plant,APAC,India,SAP_S4HANA,NET07,Net 7,7
INV-000467,2026-01-10,2026-05-12,122,true,562833.98,USD,SUP-00039,Sequoia Fasteners Lille Ltd.,GU-0008,Sequoia Fasteners Holdings,43230000,Software licenses,43000000,Information Technology Broadcasting and Telecommunications,PLT-STU,Stuttgart Plant,EMEA,Germany,SAP_S4HANA,NET120,Net 120,120
INV-000468,2025-09-24,2025-11-13,50,true,1154721.51,USD,SUP-00198,Falcon Consulting Charlotte LLC,GU-0048,Falcon Consulting Corporation,43220000,Networking equipment,43000000,Information Technology Broadcasting and Telecommunications,PLT-LYO,Lyon Plant,EMEA,France,SAP_ECC,NET45,Net 45,45
INV-000469,2025-07-08,2025-10-06,90,true,351037.83,USD,SUP-00033,Vantage Technologies Turin AG,GU-0007,Vantage Technologies Inc.,72100000,Facility maintenance,72000000,Building and Facility Maintenance Services,PLT-STU,Stuttgart Plant,EMEA,Germany,SAP_S4HANA,NET90,Net 90,90
INV-000470,2025-08-22,2025-09-30,39,true,1184702.83,USD,SUP-00081,Everest Cloud Services Eindhoven S.A.,GU-0019,Everest Cloud Services Industries,47130000,Cleaning supplies,47000000,Cleaning Equipment and Supplies,PLT-HOU,Houston Plant,NAMER,United States,SAP_S4HANA,NET50,Net 50,50
INV-000471,2026-06-07,2026-07-19,42,true,324603.71,USD,SUP-00012,Frontier Polymers Charlotte LLC,GU-0002,Frontier Polymers Global,31160000,Hardware and fasteners,31000000,Manufacturing Components and Supplies,PLT-STU,Stuttgart Plant,EMEA,Germany,SAP_ECC,MP25,"Monthly, paid 25th",40
INV-000472,2025-10-30,2025-11-13,14,true,1991014.31,USD,SUP-00012,Frontier Polymers Charlotte LLC,GU-0002,Frontier Polymers Global,31160000,Hardware and fasteners,31000000,Manufacturing Components and Supplies,PLT-PUN,Pune Plant,APAC,India,SAP_S4HANA,NET08,Net 8,8
INV-000473,2025-12-16,2026-02-02,48,true,72089.32,USD,SUP-00002,Falcon Systems Bengaluru Pte. Ltd.,GU-0001,Falcon Systems Industries,44100000,Office machines,44000000,Office Equipment and Accessories and Supplies,PLT-STU,Stuttgart Plant,EMEA,Germany,SAP_S4HANA,NET45,Net 45,45
INV-000474,2025-11-02,2025-12-22,50,true,2036233.71,USD,SUP-00071,Redwood Controls Chennai Ltd.,GU-0017,Redwood Controls Inc.,31160000,Hardware and fasteners,31000000,Manufacturing Components and Supplies,PLT-DET,Detroit Plant,NAMER,United States,SAP_S4HANA,D2N15N45,2% 15 Net 45,45
INV-000475,2025-09-03,2026-01-01,120,true,124507.72,USD,SUP-00035,Sequoia Fasteners Manchester AG,GU-0008,Sequoia Fasteners Holdings,43230000,Software licenses,43000000,Information Technology Broadcasting and Telecommunications,PLT-MTY,Monterrey Plant,LATAM,Mexico,FIELDGLASS,NET120,Net 120,120
INV-000476,2025-11-05,2025-11-24,19,true,81932.7,USD,SUP-00001,Falcon Systems Osaka Pvt. Ltd.,GU-0001,Falcon Systems Industries,44100000,Office machines,44000000,Office Equipment and Accessories and Supplies,PLT-PUN,Pune Plant,APAC,India,SAP_ECC,NET15,Net 15,15
INV-000477,2025-09-18,2025-12-11,84,true,224424.19,USD,SUP-00155,Windward Machinery Shanghai Co. Ltd.,GU-0038,Windward Machinery Group,80160000,Business administration services,80000000,Management and Business Professionals and Admin Services,PLT-PUN,Pune Plant,APAC,India,FIELDGLASS,NET75,Net 75,75
INV-000478,2026-05-07,2026-11-23,200,true,718937.42,USD,SUP-00026,Orion Polymers Monterrey S.A. de C.V.,GU-0006,Orion Polymers Group,43210000,Computer equipment,43000000,Information Technology Broadcasting and Telecommunications,PLT-MTY,Monterrey Plant,LATAM,Mexico,SAP_S4HANA,NET180,Net 180,180
INV-000479,2026-01-13,2026-03-13,59,true,431067.09,USD,SUP-00096,Copperfield Fabrication Singapore Ltd.,GU-0024,Copperfield Fabrication Holdings,72150000,Building repair services,72000000,Building and Facility Maintenance Services,PLT-SHA,Shanghai Plant,APAC,China,SAP_S4HANA,NET30,Net 30,30
INV-000480,2025-12-26,2026-02-25,61,true,391592.67,USD,SUP-00135,Titan Industrial Supply Singapore Pte. Ltd.,GU-0033,Titan Industrial Supply International,27110000,Hand tools,27000000,Tools and General Machinery,PLT-SNG,Singapore Hub,APAC,Singapore,FIELDGLASS,NET60,Net 60,60
INV-000481,2025-09-14,2025-10-23,39,true,206268.78,USD,SUP-00049,Marlin Controls Shenzhen Co. Ltd.,GU-0012,Marlin Controls Group,72100000,Facility maintenance,72000000,Building and Facility Maintenance Services,PLT-SHA,Shanghai Plant,APAC,China,FIELDGLASS,NET40,Net 40,40
INV-000482,2026-06-27,,,false,1996811.18,USD,SUP-00034,Vantage Technologies Milan GmbH,GU-0007,Vantage Technologies Inc.,39130000,Electrical hardware,39000000,Electrical Systems and Lighting and Components,PLT-DET,Detroit Plant,NAMER,United States,SAP_S4HANA,NET30,Net 30,30
INV-000483,2026-01-27,2026-03-05,37,true,361131.9,USD,SUP-00016,Orion Supply Co Nagoya Pvt. Ltd.,GU-0003,Orion Supply Co International,44120000,Office supplies,44000000,Office Equipment and Accessories and Supplies,PLT-CLT,Charlotte Plant,NAMER,United States,SAP_ECC,NET21,Net 21,21
INV-000484,2026-01-30,2026-03-21,50,true,536928.87,USD,SUP-00042,Zenith Bearings Monterrey S.A. de C.V.,GU-0010,Zenith Bearings Industries,44120000,Office supplies,44000000,Office Equipment and Accessories and Supplies,PLT-DET,Detroit Plant,NAMER,United States,SAP_S4HANA,,,
INV-000485,2025-10-02,2025-11-29,58,true,603290.43,USD,SUP-00047,Halcyon Controls Cleveland Inc.,GU-0011,Halcyon Controls Corporation,90100000,Catering and restaurants,90000000,Travel and Food and Lodging and Entertainment Services,PLT-DET,Detroit Plant,NAMER,United States,SAP_S4HANA,NET45,Net 45,45
INV-000486,2026-03-06,,,false,428120.4,USD,SUP-00035,Sequoia Fasteners Manchester AG,GU-0008,Sequoia Fasteners Holdings,90120000,Travel services,90000000,Travel and Food and Lodging and Entertainment Services,PLT-STU,Stuttgart Plant,EMEA,Germany,SAP_S4HANA,NET120,Net 120,120
INV-000487,2025-11-14,2026-01-09,56,true,1327314.84,USD,SUP-00025,Orion Polymers Monterrey S.A.,GU-0006,Orion Polymers Group,90100000,Catering and restaurants,90000000,Travel and Food and Lodging and Entertainment Services,PLT-SAO,Sao Paulo Plant,LATAM,Brazil,CONCUR,D2N15N45,2% 15 Net 45,45
INV-000488,2025-12-30,2026-02-13,45,true,116316.61,USD,SUP-00009,Frontier Polymers Montreal Inc.,GU-0002,Frontier Polymers Global,31160000,Hardware and fasteners,31000000,Manufacturing Components and Supplies,PLT-HOU,Houston Plant,NAMER,United States,SAP_ECC,MP25,"Monthly, paid 25th",40
INV-000489,2025-12-12,2026-02-28,78,true,48537.2,USD,SUP-00154,Windward Machinery Bengaluru Co. Ltd.,GU-0038,Windward Machinery Group,47130000,Cleaning supplies,47000000,Cleaning Equipment and Supplies,PLT-SHA,Shanghai Plant,APAC,China,ARIBA,NET75,Net 75,75
INV-000490,2026-03-01,2026-03-02,1,true,119333.78,USD,SUP-00010,Frontier Polymers Charlotte LLC,GU-0002,Frontier Polymers Global,44120000,Office supplies,44000000,Office Equipment and Accessories and Supplies,PLT-DET,Detroit Plant,NAMER,United States,ARIBA,NET02,Net 2,2
INV-000491,2026-02-25,2026-04-21,55,true,115717.03,USD,SUP-00020,Umbra Fasteners Houston Corp.,GU-0004,Umbra Fasteners International,31160000,Hardware and fasteners,31000000,Manufacturing Components and Supplies,PLT-SAO,Sao Paulo Plant,LATAM,Brazil,SAP_ECC,MP25,"Monthly, paid 25th",40
INV-000492,2025-12-15,2025-12-23,8,true,96038.12,USD,SUP-00002,Falcon Systems Bengaluru Pte. Ltd.,GU-0001,Falcon Systems Industries,44100000,Office machines,44000000,Office Equipment and Accessories and Supplies,PLT-SNG,Singapore Hub,APAC,Singapore,SAP_S4HANA,NET05,Net 5,5
INV-000493,2026-05-26,2026-06-10,15,true,14693.76,USD,SUP-00024,Apex Supply Co Lyon AG,GU-0005,Apex Supply Co Global,31350000,Machined castings,31000000,Manufacturing Components and Supplies,PLT-CLT,Charlotte Plant,NAMER,United States,SAP_ECC,NET14,Net 14,14
INV-000494,2025-08-15,2025-12-20,127,true,149536.91,USD,SUP-00039,Sequoia Fasteners Lille Ltd.,GU-0008,Sequoia Fasteners Holdings,90120000,Travel services,90000000,Travel and Food and Lodging and Entertainment Services,PLT-STU,Stuttgart Plant,EMEA,Germany,CONCUR,NET120,Net 120,120
INV-000495,2026-02-02,2026-02-12,10,true,204256.97,USD,SUP-00010,Frontier Polymers Charlotte LLC,GU-0002,Frontier Polymers Global,31160000,Hardware and fasteners,31000000,Manufacturing Components and Supplies,PLT-CLT,Charlotte Plant,NAMER,United States,ARIBA,NET08,Net 8,8
INV-000496,2025-10-21,2025-11-09,19,true,340516.25,USD,SUP-00024,Apex Supply Co Lyon AG,GU-0005,Apex Supply Co Global,31350000,Machined castings,31000000,Manufacturing Components and Supplies,PLT-ROT,Rotterdam DC,EMEA,Netherlands,ARIBA,NET14,Net 14,14
INV-000497,2025-10-19,2025-12-24,66,true,293814.08,USD,SUP-00048,Halcyon Controls Charlotte Co.,GU-0011,Halcyon Controls Corporation,90100000,Catering and restaurants,90000000,Travel and Food and Lodging and Entertainment Services,PLT-HOU,Houston Plant,NAMER,United States,SAP_S4HANA,NET45,Net 45,45
INV-000498,2026-03-07,2026-03-20,13,true,1086574.97,USD,SUP-00082,Silverline Fabrication Shanghai Pvt. Ltd.,GU-0020,Silverline Fabrication Industries,25100000,Motor vehicles,25000000,Commercial and Private Vehicles and Components,PLT-CHN,Chennai Plant,APAC,India,SAP_S4HANA,EOM15,End of month + 15,30
INV-000499,2026-06-22,,,false,208311.45,USD,SUP-00016,Orion Supply Co Nagoya Pvt. Ltd.,GU-0003,Orion Supply Co International,44120000,Office supplies,44000000,Office Equipment and Accessories and Supplies,PLT-PUN,Pune Plant,APAC,India,ARIBA,MILESTONE,Milestone based,45
INV-000500,2026-03-05,2026-04-18,44,true,438828.24,USD,SUP-00094,Copperfield Fabrication Bengaluru Pte. Ltd.,GU-0024,Copperfield Fabrication Holdings,78180000,Courier and postal services,78000000,Transportation and Storage and Mail Services,PLT-CHN,Chennai Plant,APAC,India,SAP_ECC,NET30,Net 30,30
INV-000501,2026-02-04,2026-02-09,5,true,279174.87,USD,SUP-00006,Falcon Systems Nagoya Pte. Ltd.,GU-0001,Falcon Systems Industries,44100000,Office machines,44000000,Office Equipment and Accessories and Supplies,PLT-SNG,Singapore Hub,APAC,Singapore,FIELDGLASS,NET05,Net 5,5
INV-000502,2025-11-01,2025-11-21,20,true,144928.58,USD,SUP-00005,Falcon Systems Singapore Pte. Ltd.,GU-0001,Falcon Systems Industries,44100000,Office machines,44000000,Office Equipment and Accessories and Supplies,PLT-PUN,Pune Plant,APAC,India,SAP_S4HANA,NET15,Net 15,15
INV-000503,2025-08-29,2025-10-04,36,true,165070.64,USD,SUP-00051,Apex Chemicals Sao Paulo S.A. de C.V.,GU-0013,Apex Chemicals Corporation,84120000,Banking and finance services,84000000,Financial and Insurance Services,PLT-MTY,Monterrey Plant,LATAM,Mexico,SAP_ECC,NET35,Net 35,35
INV-000504,2026-02-08,2026-07-24,166,true,124963.53,USD,SUP-00027,Orion Polymers Queretaro Ltda.,GU-0006,Orion Polymers Group,44120000,Office supplies,44000000,Office Equipment and Accessories and Supplies,PLT-SAO,Sao Paulo Plant,LATAM,Brazil,SAP_ECC,NET150,Net 150,150
INV-000505,2026-03-29,2026-06-11,74,true,652847.18,USD,SUP-00096,Copperfield Fabrication Singapore Ltd.,GU-0024,Copperfield Fabrication Holdings,78180000,Courier and postal services,78000000,Transportation and Storage and Mail Services,PLT-MAN,Manchester Plant,EMEA,United Kingdom,FIELDGLASS,,,
INV-000506,2025-12-08,2026-01-19,42,true,347273.89,USD,SUP-00061,Sequoia Fluid Systems Sao Paulo S.A.,GU-0014,Sequoia Fluid Systems Global,43210000,Computer equipment,43000000,Information Technology Broadcasting and Telecommunications,PLT-MTY,Monterrey Plant,LATAM,Mexico,SAP_S4HANA,NET45,Net 45,45
INV-000507,2026-06-02,2026-07-29,57,true,1008083.79,USD,SUP-00025,Orion Polymers Monterrey S.A.,GU-0006,Orion Polymers Group,44120000,Office supplies,44000000,Office Equipment and Accessories and Supplies,PLT-MTY,Monterrey Plant,LATAM,Mexico,SAP_ECC,D2N15N45,2% 15 Net 45,45
INV-000508,2025-07-23,2026-01-30,191,true,105633.17,USD,SUP-00046,Zenith Bearings Queretaro S.A. de C.V.,GU-0010,Zenith Bearings Industries,44120000,Office supplies,44000000,Office Equipment and Accessories and Supplies,PLT-STU,Stuttgart Plant,EMEA,Germany,ARIBA,NET180,Net 180,180
INV-000509,2026-01-12,2026-03-22,69,true,627120.63,USD,SUP-00165,Umbra Bearing Works Munich Ltd.,GU-0040,Umbra Bearing Works Inc.,72150000,Building repair services,72000000,Building and Facility Maintenance Services,PLT-STU,Stuttgart Plant,EMEA,Germany,SAP_S4HANA,NET90,Net 90,90
INV-000510,2025-09-22,2025-11-06,45,true,159545.5,USD,SUP-00006,Falcon Systems Nagoya Pte. Ltd.,GU-0001,Falcon Systems Industries,44100000,Office machines,44000000,Office Equipment and Accessories and Supplies,PLT-CHN,Chennai Plant,APAC,India,SAP_S4HANA,NET45,Net 45,45
INV-000511,2026-05-24,2026-07-10,47,true,340351.59,USD,SUP-00005,Falcon Systems Singapore Pte. Ltd.,GU-0001,Falcon Systems Industries,44100000,Office machines,44000000,Office Equipment and Accessories and Supplies,PLT-PUN,Pune Plant,APAC,India,CONCUR,NET45,Net 45,45
INV-000512,2026-03-08,2026-03-26,18,true,61822.68,USD,SUP-00001,Falcon Systems Osaka Pvt. Ltd.,GU-0001,Falcon Systems Industries,44100000,Office machines,44000000,Office Equipment and Accessories and Supplies,PLT-SHA,Shanghai Plant,APAC,China,SAP_S4HANA,NET15,Net 15,15
INV-000513,2026-06-13,2026-07-18,35,true,2061314.87,USD,SUP-00007,Frontier Polymers Charlotte Inc.,GU-0002,Frontier Polymers Global,31160000,Hardware and fasteners,31000000,Manufacturing Components and Supplies,PLT-CLT,Charlotte Plant,NAMER,United States,SAP_S4HANA,NET30,Net 30,30
INV-000514,2026-05-24,2026-07-07,44,true,59637.57,USD,SUP-00005,Falcon Systems Singapore Pte. Ltd.,GU-0001,Falcon Systems Industries,44100000,Office machines,44000000,Office Equipment and Accessories and Supplies,PLT-SNG,Singapore Hub,APAC,Singapore,SAP_S4HANA,NET45,Net 45,45
INV-000515,2025-10-26,2025-12-07,42,true,60846.4,USD,SUP-00196,Bluepeak Manufacturing Montreal Co.,GU-0047,Bluepeak Manufacturing International,84130000,Insurance,84000000,Financial and Insurance Services,PLT-MTY,Monterrey Plant,LATAM,Mexico,SAP_S4HANA,NET30,Net 30,30
INV-000516,2026-03-10,2026-04-27,48,true,186918.82,USD,SUP-00006,Falcon Systems Nagoya Pte. Ltd.,GU-0001,Falcon Systems Industries,44100000,Office machines,44000000,Office Equipment and Accessories and Supplies,PLT-CLT,Charlotte Plant,NAMER,United States,SAP_ECC,NET45,Net 45,45
INV-000517,2026-06-04,2026-06-15,11,true,808387.77,USD,SUP-00001,Falcon Systems Osaka Pvt. Ltd.,GU-0001,Falcon Systems Industries,44100000,Office machines,44000000,Office Equipment and Accessories and Supplies,PLT-SHA,Shanghai Plant,APAC,China,SAP_ECC,NET15,Net 15,15
INV-000518,2026-02-02,2026-05-30,117,true,524840.66,USD,SUP-00106,Bluepeak Bearing Works Eindhoven B.V.,GU-0026,Bluepeak Bearing Works Group,40160000,HVAC equipment,40000000,Distribution and Conditioning Systems and Equipment,PLT-ROT,Rotterdam DC,EMEA,Netherlands,SAP_S4HANA,NET120,Net 120,120
INV-000519,2025-10-20,2025-10-27,7,true,2921790.94,USD,SUP-00040,Frontier Solutions Sao Paulo Ltda.,GU-0009,Frontier Solutions Corporation,40170000,Compressors and blowers,40000000,Distribution and Conditioning Systems and Equipment,PLT-CLT,Charlotte Plant,NAMER,United States,ARIBA,NET00,Immediate / Due on receipt,0
INV-000520,2026-01-22,2026-03-07,44,true,141408.16,USD,SUP-00001,Falcon Systems Osaka Pvt. Ltd.,GU-0001,Falcon Systems Industries,44100000,Office machines,44000000,Office Equipment and Accessories and Supplies,PLT-SHA,Shanghai Plant,APAC,China,SAP_S4HANA,NET45,Net 45,45
INV-000521,2026-01-08,2026-03-26,77,true,100561.96,USD,SUP-00020,Umbra Fasteners Houston Corp.,GU-0004,Umbra Fasteners International,44120000,Office supplies,44000000,Office Equipment and Accessories and Supplies,PLT-HOU,Houston Plant,NAMER,United States,SAP_S4HANA,,,
INV-000522,2025-10-06,2025-10-20,14,true,217841.41,USD,SUP-00085,Orion Automation Queretaro S.A. de C.V.,GU-0021,Orion Automation International,76120000,Waste management,76000000,Industrial Cleaning Services,PLT-CHN,Chennai Plant,APAC,India,SAP_S4HANA,NET13,Net 13,13
INV-000523,2025-09-04,2025-09-06,2,true,138941.32,USD,SUP-00041,Frontier Solutions Monterrey Ltda.,GU-0009,Frontier Solutions Corporation,40170000,Compressors and blowers,40000000,Distribution and Conditioning Systems and Equipment,PLT-SAO,Sao Paulo Plant,LATAM,Brazil,ARIBA,NET00,Immediate / Due on receipt,0
INV-000524,2025-07-27,2025-10-11,76,true,1233685.63,USD,SUP-00013,Orion Supply Co Osaka Pvt. Ltd.,GU-0003,Orion Supply Co International,43190000,Communications devices,43000000,Information Technology Broadcasting and Telecommunications,PLT-SHA,Shanghai Plant,APAC,China,SAP_ECC,NET60,Net 60,60
INV-000525,2025-11-05,2025-12-18,43,true,484952.26,USD,SUP-00015,Orion Supply Co Osaka Pvt. Ltd.,GU-0003,Orion Supply Co International,43190000,Communications devices,43000000,Information Technology Broadcasting and Telecommunications,PLT-CHN,Chennai Plant,APAC,India,SAP_S4HANA,D15N10N30,1.5% 10 Net 30,30
INV-000526,2025-08-31,2025-09-16,16,true,241022.51,USD,SUP-00019,Umbra Fasteners Charlotte Co.,GU-0004,Umbra Fasteners International,31160000,Hardware and fasteners,31000000,Manufacturing Components and Supplies,PLT-DET,Detroit Plant,NAMER,United States,SAP_S4HANA,NET08,Net 8,8
INV-000527,2025-07-27,2025-09-22,57,true,467360.24,USD,SUP-00015,Orion Supply Co Osaka Pvt. Ltd.,GU-0003,Orion Supply Co International,43190000,Communications devices,43000000,Information Technology Broadcasting and Telecommunications,PLT-PUN,Pune Plant,APAC,India,SAP_S4HANA,MILESTONE,Milestone based,45
INV-000528,2026-05-07,2026-06-26,50,true,156672.6,USD,SUP-00001,Falcon Systems Osaka Pvt. Ltd.,GU-0001,Falcon Systems Industries,,,,,PLT-PUN,Pune Plant,APAC,India,SAP_S4HANA,NET45,Net 45,45
INV-000529,2026-04-28,2026-05-12,14,true,370090.87,USD,SUP-00007,Frontier Polymers Charlotte Inc.,GU-0002,Frontier Polymers Global,31160000,Hardware and fasteners,31000000,Manufacturing Components and Supplies,PLT-STU,Stuttgart Plant,EMEA,Germany,ARIBA,NET10,Net 10,10
INV-000530,2026-06-26,2026-07-06,10,true,169839.71,USD,SUP-00006,Falcon Systems Nagoya Pte. Ltd.,GU-0001,Falcon Systems Industries,44100000,Office machines,44000000,Office Equipment and Accessories and Supplies,PLT-CHN,Chennai Plant,APAC,India,SAP_ECC,NET05,Net 5,5
INV-000531,2026-04-08,2026-04-18,10,true,402448.94,USD,SUP-00010,Frontier Polymers Charlotte LLC,GU-0002,Frontier Polymers Global,31160000,Hardware and fasteners,31000000,Manufacturing Components and Supplies,PLT-DET,Detroit Plant,NAMER,United States,SAP_S4HANA,D2N10N45,2% 10 Net 45,45
INV-000532,2025-07-24,2025-09-06,44,true,1046279.74,USD,SUP-00023,Umbra Fasteners Detroit Corp.,GU-0004,Umbra Fasteners International,31160000,Hardware and fasteners,31000000,Manufacturing Components and Supplies,PLT-PUN,Pune Plant,APAC,India,SAP_ECC,D15N10N30,1.5% 10 Net 30,30
INV-000533,2025-07-02,2025-08-22,51,true,86509.47,USD,SUP-00004,Falcon Systems Chennai Co. Ltd.,GU-0001,Falcon Systems Industries,44100000,Office machines,44000000,Office Equipment and Accessories and Supplies,PLT-PUN,Pune Plant,APAC,India,SAP_S4HANA,NET45,Net 45,45
INV-000534,2026-03-31,2026-04-13,13,true,869669.67,USD,SUP-00048,Halcyon Controls Charlotte Co.,GU-0011,Halcyon Controls Corporation,90100000,Catering and restaurants,90000000,Travel and Food and Lodging and Entertainment Services,PLT-DET,Detroit Plant,NAMER,United States,CONCUR,MP10,"Monthly, paid 10th",25
INV-000535,2026-06-27,,,false,484470.4,USD,SUP-00002,Falcon Systems Bengaluru Pte. Ltd.,GU-0001,Falcon Systems Industries,44100000,Office machines,44000000,Office Equipment and Accessories and Supplies,PLT-DET,Detroit Plant,NAMER,United States,ARIBA,NET15,Net 15,15
INV-000536,2025-11-09,2025-11-26,17,true,2137386.56,USD,SUP-00007,Frontier Polymers Charlotte Inc.,GU-0002,Frontier Polymers Global,31160000,Hardware and fasteners,31000000,Manufacturing Components and Supplies,PLT-SHA,Shanghai Plant,APAC,China,SAP_S4HANA,D2N15N45,2% 15 Net 45,45
INV-000537,2026-02-12,2026-03-06,22,true,95109.9,USD,SUP-00054,Apex Chemicals Campinas S.A.,GU-0013,Apex Chemicals Corporation,44120000,Office supplies,44000000,Office Equipment and Accessories and Supplies,PLT-MTY,Monterrey Plant,LATAM,Mexico,ARIBA,MP10,"Monthly, paid 10th",25
INV-000538,2025-10-03,2025-11-21,49,true,1056645.56,USD,SUP-00057,Sequoia Fluid Systems Queretaro S.A.,GU-0014,Sequoia Fluid Systems Global,40170000,Compressors and blowers,40000000,Distribution and Conditioning Systems and Equipment,PLT-MTY,Monterrey Plant,LATAM,Mexico,SAP_S4HANA,NET45,Net 45,45
INV-000539,2026-05-27,2026-09-06,102,true,406487.95,USD,SUP-00008,Frontier Polymers Detroit Corp.,GU-0002,Frontier Polymers Global,31160000,Hardware and fasteners,31000000,Manufacturing Components and Supplies,PLT-HOU,Houston Plant,NAMER,United States,SAP_ECC,NET100,Net 100,100
INV-000540,2025-08-12,,,false,808799.16,USD,SUP-00007,Frontier Polymers Charlotte Inc.,GU-0002,Frontier Polymers Global,31160000,Hardware and fasteners,31000000,Manufacturing Components and Supplies,PLT-PUN,Pune Plant,APAC,India,ARIBA,MP25,"Monthly, paid 25th",40
INV-000541,2025-09-22,2025-10-06,14,true,175070.21,USD,SUP-00024,Apex Supply Co Lyon AG,GU-0005,Apex Supply Co Global,31350000,Machined castings,31000000,Manufacturing Components and Supplies,PLT-MAN,Manchester Plant,EMEA,United Kingdom,SAP_ECC,NET14,Net 14,14
INV-000542,2025-10-23,2025-11-08,16,true,42372.84,USD,SUP-00001,Falcon Systems Osaka Pvt. Ltd.,GU-0001,Falcon Systems Industries,44100000,Office machines,44000000,Office Equipment and Accessories and Supplies,PLT-PUN,Pune Plant,APAC,India,SAP_ECC,NET15,Net 15,15
INV-000543,2025-11-22,2025-12-05,13,true,96970.26,USD,SUP-00006,Falcon Systems Nagoya Pte. Ltd.,GU-0001,Falcon Systems Industries,44100000,Office machines,44000000,Office Equipment and Accessories and Supplies,PLT-SNG,Singapore Hub,APAC,Singapore,ARIBA,NET05,Net 5,5
INV-000544,2025-12-02,2025-12-31,29,true,466942.03,USD,SUP-00030,Vantage Technologies Lyon GmbH,GU-0007,Vantage Technologies Inc.,76110000,Cleaning services,76000000,Industrial Cleaning Services,PLT-LYO,Lyon Plant,EMEA,France,FIELDGLASS,EOM15,End of month + 15,30
INV-000545,2025-09-14,2025-11-12,59,true,167976.74,USD,SUP-00021,Umbra Fasteners Montreal Co.,GU-0004,Umbra Fasteners International,31160000,Hardware and fasteners,31000000,Manufacturing Components and Supplies,PLT-CHN,Chennai Plant,APAC,India,SAP_ECC,D2N10N45,2% 10 Net 45,45
INV-000546,2026-02-03,2026-04-20,76,true,131277.54,USD,SUP-00166,Umbra Bearing Works Eindhoven Ltd.,GU-0040,Umbra Bearing Works Inc.,72150000,Building repair services,72000000,Building and Facility Maintenance Services,PLT-STU,Stuttgart Plant,EMEA,Germany,SAP_S4HANA,NET90,Net 90,90
INV-000547,2026-01-13,2026-03-16,62,true,940852.08,USD,SUP-00152,Cobalt Fabrication Queretaro Ltda.,GU-0037,Cobalt Fabrication Holdings,43210000,Computer equipment,43000000,Information Technology Broadcasting and Telecommunications,PLT-SAO,Sao Paulo Plant,LATAM,Brazil,SAP_S4HANA,NET60,Net 60,60
INV-000548,2025-09-10,2025-09-18,8,true,122871.01,USD,SUP-00001,Falcon Systems Osaka Pvt. Ltd.,GU-0001,Falcon Systems Industries,44100000,Office machines,44000000,Office Equipment and Accessories and Supplies,PLT-PUN,Pune Plant,APAC,India,CONCUR,NET05,Net 5,5
INV-000549,2026-01-10,2026-01-31,21,true,2863717.45,USD,SUP-00127,Westfield Automation Singapore Pte. Ltd.,GU-0031,Westfield Automation Inc.,84120000,Banking and finance services,84000000,Financial and Insurance Services,PLT-STU,Stuttgart Plant,EMEA,Germany,SAP_ECC,NET15,Net 15,15
INV-000550,2026-04-18,2026-06-19,62,true,946751.93,USD,SUP-00023,Umbra Fasteners Detroit Corp.,GU-0004,Umbra Fasteners International,31160000,Hardware and fasteners,31000000,Manufacturing Components and Supplies,PLT-DET,Detroit Plant,NAMER,United States,SAP_ECC,D2N10N45,2% 10 Net 45,45
INV-000551,2025-07-07,2025-07-29,22,true,120085.43,USD,SUP-00005,Falcon Systems Singapore Pte. Ltd.,GU-0001,Falcon Systems Industries,44100000,Office machines,44000000,Office Equipment and Accessories and Supplies,PLT-SHA,Shanghai Plant,APAC,China,SAP_ECC,NET15,Net 15,15
INV-000552,2026-06-29,2026-07-17,18,true,120374.75,USD,SUP-00004,Falcon Systems Chennai Co. Ltd.,GU-0001,Falcon Systems Industries,44100000,Office machines,44000000,Office Equipment and Accessories and Supplies,PLT-HOU,Houston Plant,NAMER,United States,FIELDGLASS,NET15,Net 15,15
INV-000553,2025-08-09,2025-09-11,33,true,1106653.97,USD,SUP-00054,Apex Chemicals Campinas S.A.,GU-0013,Apex Chemicals Corporation,27140000,Hydraulic machinery,27000000,Tools and General Machinery,PLT-CLT,Charlotte Plant,NAMER,United States,SAP_S4HANA,NET35,Net 35,35
INV-000554,2025-10-31,2025-11-28,28,true,80436.01,USD,SUP-00075,Everest Bearing Works Queretaro Ltda.,GU-0018,Everest Bearing Works Inc.,47130000,Cleaning supplies,47000000,Cleaning Equipment and Supplies,PLT-DET,Detroit Plant,NAMER,United States,SAP_ECC,EOM15,End of month + 15,30
INV-000555,2026-04-16,2026-04-25,9,true,734274.99,USD,SUP-00058,Sequoia Fluid Systems Campinas Ltda.,GU-0014,Sequoia Fluid Systems Global,43210000,Computer equipment,43000000,Information Technology Broadcasting and Telecommunications,PLT-SAO,Sao Paulo Plant,LATAM,Brazil,SAP_ECC,NET10,Net 10,10
INV-000556,2026-01-25,2026-01-28,3,true,3829989.86,USD,SUP-00165,Umbra Bearing Works Munich Ltd.,GU-0040,Umbra Bearing Works Inc.,80160000,Business administration services,80000000,Management and Business Professionals and Admin Services,PLT-PUN,Pune Plant,APAC,India,SAP_S4HANA,D15N10N30,1.5% 10 Net 30,30
INV-000557,2026-05-17,2026-07-07,51,true,1133081.5,USD,SUP-00071,Redwood Controls Chennai Ltd.,GU-0017,Redwood Controls Inc.,31160000,Hardware and fasteners,31000000,Manufacturing Components and Supplies,PLT-PUN,Pune Plant,APAC,India,SAP_ECC,D2N10N45,2% 10 Net 45,45
INV-000558,2026-06-30,,,false,1695993.11,USD,SUP-00037,Sequoia Fasteners Turin S.A.,GU-0008,Sequoia Fasteners Holdings,43230000,Software licenses,43000000,Information Technology Broadcasting and Telecommunications,PLT-DET,Detroit Plant,NAMER,United States,SAP_ECC,NET120,Net 120,120
INV-000559,2025-08-14,2025-09-29,46,true,188601.47,USD,SUP-00002,Falcon Systems Bengaluru Pte. Ltd.,GU-0001,Falcon Systems Industries,44100000,Office machines,44000000,Office Equipment and Accessories and Supplies,PLT-SNG,Singapore Hub,APAC,Singapore,SAP_S4HANA,NET45,Net 45,45
INV-000560,2025-11-09,2025-12-03,24,true,442647.36,USD,SUP-00005,Falcon Systems Singapore Pte. Ltd.,GU-0001,Falcon Systems Industries,44100000,Office machines,44000000,Office Equipment and Accessories and Supplies,PLT-SNG,Singapore Hub,APAC,Singapore,SAP_ECC,NET15,Net 15,15
INV-000561,2026-01-08,2026-01-29,21,true,94866.17,USD,SUP-00009,Frontier Polymers Montreal Inc.,GU-0002,Frontier Polymers Global,31160000,Hardware and fasteners,31000000,Manufacturing Components and Supplies,PLT-MTY,Monterrey Plant,LATAM,Mexico,ARIBA,NET21,Net 21,21
INV-000562,2025-08-23,2025-10-30,68,true,483751.7,USD,SUP-00198,Falcon Consulting Charlotte LLC,GU-0048,Falcon Consulting Corporation,43220000,Networking equipment,43000000,Information Technology Broadcasting and Telecommunications,PLT-PUN,Pune Plant,APAC,India,SAP_ECC,NET60,Net 60,60
INV-000563,2026-01-20,2026-03-09,48,true,346109.66,USD,SUP-00004,Falcon Systems Chennai Co. Ltd.,GU-0001,Falcon Systems Industries,44100000,Office machines,44000000,Office Equipment and Accessories and Supplies,PLT-SNG,Singapore Hub,APAC,Singapore,SAP_S4HANA,NET45,Net 45,45
INV-000564,2025-09-13,2025-09-14,1,true,1317350.55,USD,SUP-00202,Windward Automation Singapore Ltd.,GU-0049,Windward Automation Corporation,80100000,Management consulting,80000000,Management and Business Professionals and Admin Services,PLT-SNG,Singapore Hub,APAC,Singapore,SAP_S4HANA,NET00,Immediate / Due on receipt,0
INV-000565,2026-05-22,2026-07-14,53,true,383653.97,USD,SUP-00016,Orion Supply Co Nagoya Pvt. Ltd.,GU-0003,Orion Supply Co International,43190000,Communications devices,43000000,Information Technology Broadcasting and Telecommunications,PLT-SHA,Shanghai Plant,APAC,China,SAP_S4HANA,MP25,"Monthly, paid 25th",40
INV-000566,2026-02-05,2026-03-07,30,true,119515.23,USD,SUP-00100,Emerald Energy Sao Paulo S.A. de C.V.,GU-0025,Emerald Energy Industries,27110000,Hand tools,27000000,Tools and General Machinery,PLT-PUN,Pune Plant,APAC,India,SAP_ECC,NET30,Net 30,30
INV-000567,2026-05-02,2026-07-07,66,true,26707.6,USD,SUP-00043,Zenith Bearings Monterrey Ltda.,GU-0010,Zenith Bearings Industries,44120000,Office supplies,44000000,Office Equipment and Accessories and Supplies,PLT-MTY,Monterrey Plant,LATAM,Mexico,SAP_S4HANA,D1N15N45,1% 15 Net 45,45
INV-000568,2026-06-11,,,false,266284.63,USD,SUP-00041,Frontier Solutions Monterrey Ltda.,GU-0009,Frontier Solutions Corporation,,,,,PLT-MTY,Monterrey Plant,LATAM,Mexico,SAP_S4HANA,NET00,Immediate / Due on receipt,0
INV-000569,2025-09-24,2025-10-22,28,true,763831.41,USD,SUP-00082,Silverline Fabrication Shanghai Pvt. Ltd.,GU-0020,Silverline Fabrication Industries,25100000,Motor vehicles,25000000,Commercial and Private Vehicles and Components,PLT-SHA,Shanghai Plant,APAC,China,FIELDGLASS,NET45,Net 45,45
INV-000570,2026-05-29,,,false,1755556.15,USD,SUP-00009,Frontier Polymers Montreal Inc.,GU-0002,Frontier Polymers Global,,,,,PLT-STU,Stuttgart Plant,EMEA,Germany,ARIBA,NET60,Net 60,60
INV-000571,2026-02-09,2026-04-19,69,true,191008.94,USD,SUP-00015,Orion Supply Co Osaka Pvt. Ltd.,GU-0003,Orion Supply Co International,43190000,Communications devices,43000000,Information Technology Broadcasting and Telecommunications,PLT-PUN,Pune Plant,APAC,India,SAP_S4HANA,MILESTONE,Milestone based,45
INV-000572,2026-01-27,2026-05-05,98,true,556098.14,USD,SUP-00011,Frontier Polymers Montreal Co.,GU-0002,Frontier Polymers Global,31160000,Hardware and fasteners,31000000,Manufacturing Components and Supplies,PLT-DET,Detroit Plant,NAMER,United States,SAP_ECC,NET100,Net 100,100
INV-000573,2025-12-27,2026-02-27,62,true,173881.86,USD,SUP-00092,Dynamo Freight Munich B.V.,GU-0023,Dynamo Freight Inc.,39120000,Electrical wire and cable,39000000,Electrical Systems and Lighting and Components,PLT-MTY,Monterrey Plant,LATAM,Mexico,SAP_ECC,NET60,Net 60,60
INV-000574,2026-01-29,2026-02-14,16,true,678093.94,USD,SUP-00003,Falcon Systems Osaka Pte. Ltd.,GU-0001,Falcon Systems Industries,44100000,Office machines,44000000,Office Equipment and Accessories and Supplies,PLT-SNG,Singapore Hub,APAC,Singapore,SAP_ECC,NET15,Net 15,15
INV-000575,2026-02-05,2026-04-10,64,true,120488.92,USD,SUP-00017,Orion Supply Co Chennai Co. Ltd.,GU-0003,Orion Supply Co International,43190000,Communications devices,43000000,Information Technology Broadcasting and Telecommunications,PLT-SNG,Singapore Hub,APAC,Singapore,SAP_S4HANA,MILESTONE,Milestone based,45
INV-000576,2026-01-17,2026-01-25,8,true,3179157.77,USD,SUP-00124,Monarch Energy Singapore Pte. Ltd.,GU-0030,Monarch Energy International,25170000,Vehicle components and accessories,25000000,Commercial and Private Vehicles and Components,PLT-CHN,Chennai Plant,APAC,India,SAP_S4HANA,NET10,Net 10,10
INV-000577,2025-08-10,2025-09-24,45,true,432272.06,USD,SUP-00004,Falcon Systems Chennai Co. Ltd.,GU-0001,Falcon Systems Industries,,,,,PLT-CHN,Chennai Plant,APAC,India,CONCUR,NET45,Net 45,45
INV-000578,2026-01-10,2026-05-17,127,true,3161891.41,USD,SUP-00037,Sequoia Fasteners Turin S.A.,GU-0008,Sequoia Fasteners Holdings,43230000,Software licenses,43000000,Information Technology Broadcasting and Telecommunications,PLT-LYO,Lyon Plant,EMEA,France,SAP_ECC,NET120,Net 120,120
INV-000579,2025-08-09,2025-08-27,18,true,297972.35,USD,SUP-00025,Orion Polymers Monterrey S.A.,GU-0006,Orion Polymers Group,90100000,Catering and restaurants,90000000,Travel and Food and Lodging and Entertainment Services,PLT-MTY,Monterrey Plant,LATAM,Mexico,CONCUR,NET05,Net 5,5
INV-000580,2025-12-08,2026-01-19,42,true,293337.88,USD,SUP-00019,Umbra Fasteners Charlotte Co.,GU-0004,Umbra Fasteners International,44120000,Office supplies,44000000,Office Equipment and Accessories and Supplies,PLT-HOU,Houston Plant,NAMER,United States,SAP_ECC,D1N10N30,1% 10 Net 30,30
INV-000581,2025-09-20,2026-01-27,129,true,319188.99,USD,SUP-00035,Sequoia Fasteners Manchester AG,GU-0008,Sequoia Fasteners Holdings,90120000,Travel services,90000000,Travel and Food and Lodging and Entertainment Services,PLT-MAN,Manchester Plant,EMEA,United Kingdom,CONCUR,NET120,Net 120,120
INV-000582,2026-06-20,2026-07-09,19,true,1005046.33,USD,SUP-00024,Apex Supply Co Lyon AG,GU-0005,Apex Supply Co Global,31350000,Machined castings,31000000,Manufacturing Components and Supplies,PLT-STU,Stuttgart Plant,EMEA,Germany,SAP_ECC,NET14,Net 14,14
INV-000583,2025-10-10,2025-10-16,6,true,3764603.23,USD,SUP-00012,Frontier Polymers Charlotte LLC,GU-0002,Frontier Polymers Global,44120000,Office supplies,44000000,Office Equipment and Accessories and Supplies,PLT-SHA,Shanghai Plant,APAC,China,SAP_S4HANA,NET04,Net 4,4
INV-000584,2025-11-17,2026-05-25,189,true,3423776.29,USD,SUP-00027,Orion Polymers Queretaro Ltda.,GU-0006,Orion Polymers Group,43210000,Computer equipment,43000000,Information Technology Broadcasting and Telecommunications,PLT-DET,Detroit Plant,NAMER,United States,SAP_S4HANA,NET180,Net 180,180
INV-000585,2026-05-27,,,false,4261846.93,USD,SUP-00035,Sequoia Fasteners Manchester AG,GU-0008,Sequoia Fasteners Holdings,43230000,Software licenses,43000000,Information Technology Broadcasting and Telecommunications,PLT-MAN,Manchester Plant,EMEA,United Kingdom,SAP_S4HANA,NET120,Net 120,120
INV-000586,2025-12-08,,,false,251068.67,USD,SUP-00075,Everest Bearing Works Queretaro Ltda.,GU-0018,Everest Bearing Works Inc.,78180000,Courier and postal services,78000000,Transportation and Storage and Mail Services,PLT-MTY,Monterrey Plant,LATAM,Mexico,SAP_ECC,EOM15,End of month + 15,30
INV-000587,2025-11-20,2026-01-08,49,true,1837150,USD,SUP-00070,Redwood Controls Singapore Pte. Ltd.,GU-0017,Redwood Controls Inc.,31160000,Hardware and fasteners,31000000,Manufacturing Components and Supplies,PLT-PUN,Pune Plant,APAC,India,SAP_ECC,D2N15N45,2% 15 Net 45,45
INV-000588,2025-11-18,2026-01-30,73,true,160975.85,USD,SUP-00045,Zenith Bearings Queretaro Ltda.,GU-0010,Zenith Bearings Industries,44120000,Office supplies,44000000,Office Equipment and Accessories and Supplies,PLT-MTY,Monterrey Plant,LATAM,Mexico,SAP_ECC,D2N20N60,2% 20 Net 60,60
INV-000589,2025-07-19,2025-08-01,13,true,2440686.02,USD,SUP-00012,Frontier Polymers Charlotte LLC,GU-0002,Frontier Polymers Global,31160000,Hardware and fasteners,31000000,Manufacturing Components and Supplies,PLT-TOR,Toronto Plant,NAMER,Canada,SAP_ECC,D15N10N30,1.5% 10 Net 30,30
INV-000590,2026-05-25,,,false,104446.56,USD,SUP-00017,Orion Supply Co Chennai Co. Ltd.,GU-0003,Orion Supply Co International,44120000,Office supplies,44000000,Office Equipment and Accessories and Supplies,PLT-HOU,Houston Plant,NAMER,United States,SAP_S4HANA,MILESTONE,Milestone based,45
INV-000591,2026-04-02,2026-05-25,53,true,463437.72,USD,SUP-00001,Falcon Systems Osaka Pvt. Ltd.,GU-0001,Falcon Systems Industries,44100000,Office machines,44000000,Office Equipment and Accessories and Supplies,PLT-MAN,Manchester Plant,EMEA,United Kingdom,SAP_S4HANA,NET45,Net 45,45
INV-000592,2025-08-31,2025-09-14,14,true,791112.24,USD,SUP-00011,Frontier Polymers Montreal Co.,GU-0002,Frontier Polymers Global,44120000,Office supplies,44000000,Office Equipment and Accessories and Supplies,PLT-CLT,Charlotte Plant,NAMER,United States,SAP_S4HANA,D15N10N30,1.5% 10 Net 30,30
INV-000593,2025-11-29,2025-12-15,16,true,613714.37,USD,SUP-00024,Apex Supply Co Lyon AG,GU-0005,Apex Supply Co Global,31350000,Machined castings,31000000,Manufacturing Components and Supplies,PLT-STU,Stuttgart Plant,EMEA,Germany,ARIBA,NET14,Net 14,14
INV-000594,2026-03-07,2026-05-31,85,true,138494.27,USD,SUP-00042,Zenith Bearings Monterrey S.A. de C.V.,GU-0010,Zenith Bearings Industries,31160000,Hardware and fasteners,31000000,Manufacturing Components and Supplies,PLT-MTY,Monterrey Plant,LATAM,Mexico,SAP_ECC,NET60,Net 60,60
INV-000595,2026-01-03,2026-02-20,48,true,311775.6,USD,SUP-00093,Dynamo Freight Leeds AG,GU-0023,Dynamo Freight Inc.,72100000,Facility maintenance,72000000,Building and Facility Maintenance Services,PLT-SHA,Shanghai Plant,APAC,China,FIELDGLASS,D2N10N45,2% 10 Net 45,45
INV-000596,2025-11-01,2026-01-22,82,true,60229.36,USD,SUP-00018,Orion Supply Co Shanghai Pte. Ltd.,GU-0003,Orion Supply Co International,90120000,Travel services,90000000,Travel and Food and Lodging and Entertainment Services,PLT-STU,Stuttgart Plant,EMEA,Germany,CONCUR,EOM45,EOM Net 45,60
INV-000597,2025-12-18,2025-12-31,13,true,112672.99,USD,SUP-00024,Apex Supply Co Lyon AG,GU-0005,Apex Supply Co Global,31350000,Machined castings,31000000,Manufacturing Components and Supplies,PLT-MAN,Manchester Plant,EMEA,United Kingdom,SAP_S4HANA,NET14,Net 14,14
INV-000598,2025-07-26,2025-08-03,8,true,60551.15,USD,SUP-00010,Frontier Polymers Charlotte LLC,GU-0002,Frontier Polymers Global,44120000,Office supplies,44000000,Office Equipment and Accessories and Supplies,PLT-DET,Detroit Plant,NAMER,United States,SAP_S4HANA,D2N10N30,2% 10 Net 30,30
INV-000599,2025-11-15,2025-12-29,44,true,187305.01,USD,SUP-00005,Falcon Systems Singapore Pte. Ltd.,GU-0001,Falcon Systems Industries,44100000,Office machines,44000000,Office Equipment and Accessories and Supplies,PLT-ROT,Rotterdam DC,EMEA,Netherlands,SAP_S4HANA,NET45,Net 45,45
INV-000600,2026-06-14,2026-06-27,13,true,72886.11,USD,SUP-00002,Falcon Systems Bengaluru Pte. Ltd.,GU-0001,Falcon Systems Industries,44100000,Office machines,44000000,Office Equipment and Accessories and Supplies,PLT-CHN,Chennai Plant,APAC,India,SAP_S4HANA,NET15,Net 15,15
INV-000601,2025-07-05,2025-08-25,51,true,253654.46,USD,SUP-00004,Falcon Systems Chennai Co. Ltd.,GU-0001,Falcon Systems Industries,44100000,Office machines,44000000,Office Equipment and Accessories and Supplies,PLT-SHA,Shanghai Plant,APAC,China,SAP_ECC,NET45,Net 45,45
INV-000602,2025-12-19,2026-02-11,54,true,548761.93,USD,SUP-00198,Falcon Consulting Charlotte LLC,GU-0048,Falcon Consulting Corporation,43220000,Networking equipment,43000000,Information Technology Broadcasting and Telecommunications,PLT-CLT,Charlotte Plant,NAMER,United States,SAP_S4HANA,NET45,Net 45,45
INV-000603,2026-05-02,2026-05-23,21,true,182113.17,USD,SUP-00021,Umbra Fasteners Montreal Co.,GU-0004,Umbra Fasteners International,44120000,Office supplies,44000000,Office Equipment and Accessories and Supplies,PLT-MAN,Manchester Plant,EMEA,United Kingdom,SAP_S4HANA,NET07,Net 7,7
INV-000604,2025-08-15,2025-08-31,16,true,1569136.78,USD,SUP-00002,Falcon Systems Bengaluru Pte. Ltd.,GU-0001,Falcon Systems Industries,44100000,Office machines,44000000,Office Equipment and Accessories and Supplies,PLT-DET,Detroit Plant,NAMER,United States,SAP_S4HANA,NET15,Net 15,15
INV-000605,2025-12-06,2026-02-19,75,true,120680.4,USD,SUP-00165,Umbra Bearing Works Munich Ltd.,GU-0040,Umbra Bearing Works Inc.,72150000,Building repair services,72000000,Building and Facility Maintenance Services,PLT-ROT,Rotterdam DC,EMEA,Netherlands,SAP_ECC,NET90,Net 90,90
INV-000606,2026-03-25,2026-05-05,41,true,521169.08,USD,SUP-00071,Redwood Controls Chennai Ltd.,GU-0017,Redwood Controls Inc.,31160000,Hardware and fasteners,31000000,Manufacturing Components and Supplies,PLT-SHA,Shanghai Plant,APAC,China,ARIBA,MP25,"Monthly, paid 25th",40
INV-000607,2025-07-01,2025-08-22,52,true,206396.07,USD,SUP-00001,Falcon Systems Osaka Pvt. Ltd.,GU-0001,Falcon Systems Industries,44100000,Office machines,44000000,Office Equipment and Accessories and Supplies,PLT-SHA,Shanghai Plant,APAC,China,SAP_S4HANA,NET45,Net 45,45
INV-000608,2026-06-13,2026-06-23,10,true,696597.14,USD,SUP-00050,Marlin Controls Osaka Pte. Ltd.,GU-0012,Marlin Controls Group,72100000,Facility maintenance,72000000,Building and Facility Maintenance Services,PLT-PUN,Pune Plant,APAC,India,FIELDGLASS,NET08,Net 8,8
INV-000609,2025-09-10,2025-10-21,41,true,514674.07,USD,SUP-00009,Frontier Polymers Montreal Inc.,GU-0002,Frontier Polymers Global,31160000,Hardware and fasteners,31000000,Manufacturing Components and Supplies,PLT-MAN,Manchester Plant,EMEA,United Kingdom,SAP_S4HANA,MP25,"Monthly, paid 25th",40
INV-000610,2026-06-21,,,false,700202.19,USD,SUP-00028,Orion Polymers Sao Paulo Ltda.,GU-0006,Orion Polymers Group,31200000,Adhesives and sealants,31000000,Manufacturing Components and Supplies,PLT-MTY,Monterrey Plant,LATAM,Mexico,SAP_S4HANA,NET30,Net 30,30
INV-000611,2025-12-02,2026-01-30,59,true,2590955.59,USD,SUP-00013,Orion Supply Co Osaka Pvt. Ltd.,GU-0003,Orion Supply Co International,43190000,Communications devices,43000000,Information Technology Broadcasting and Telecommunications,PLT-TOR,Toronto Plant,NAMER,Canada,SAP_ECC,MILESTONE,Milestone based,45
INV-000612,2026-03-23,2026-04-21,29,true,561498.09,USD,SUP-00119,Bluepeak Services Shenzhen Ltd.,GU-0029,Bluepeak Services Holdings,25100000,Motor vehicles,25000000,Commercial and Private Vehicles and Components,PLT-SHA,Shanghai Plant,APAC,China,SAP_S4HANA,NET25,Net 25,25
INV-000613,2025-07-28,2025-09-09,43,true,400948.53,USD,SUP-00003,Falcon Systems Osaka Pte. Ltd.,GU-0001,Falcon Systems Industries,44100000,Office machines,44000000,Office Equipment and Accessories and Supplies,PLT-CHN,Chennai Plant,APAC,India,CONCUR,NET45,Net 45,45
INV-000614,2026-03-06,2026-04-26,51,true,250114.61,USD,SUP-00006,Falcon Systems Nagoya Pte. Ltd.,GU-0001,Falcon Systems Industries,44100000,Office machines,44000000,Office Equipment and Accessories and Supplies,PLT-PUN,Pune Plant,APAC,India,SAP_ECC,NET45,Net 45,45
INV-000615,2025-10-03,2025-10-15,12,true,303439.68,USD,SUP-00001,Falcon Systems Osaka Pvt. Ltd.,GU-0001,Falcon Systems Industries,44100000,Office machines,44000000,Office Equipment and Accessories and Supplies,PLT-CHN,Chennai Plant,APAC,India,ARIBA,NET05,Net 5,5
INV-000616,2026-06-24,,,false,488923.86,USD,SUP-00032,Vantage Technologies Lyon GmbH,GU-0007,Vantage Technologies Inc.,39130000,Electrical hardware,39000000,Electrical Systems and Lighting and Components,PLT-CHN,Chennai Plant,APAC,India,SAP_ECC,EOM15,End of month + 15,30
INV-000617,2026-02-03,2026-02-24,21,true,187592.88,USD,SUP-00167,Umbra Bearing Works Lyon S.p.A.,GU-0040,Umbra Bearing Works Inc.,72150000,Building repair services,72000000,Building and Facility Maintenance Services,PLT-STU,Stuttgart Plant,EMEA,Germany,FIELDGLASS,D15N10N30,1.5% 10 Net 30,30
INV-000618,2025-09-20,2026-01-24,126,true,51201.63,USD,SUP-00039,Sequoia Fasteners Lille Ltd.,GU-0008,Sequoia Fasteners Holdings,90120000,Travel services,90000000,Travel and Food and Lodging and Entertainment Services,PLT-SHA,Shanghai Plant,APAC,China,CONCUR,NET120,Net 120,120
INV-000619,2025-09-10,2025-09-17,7,true,56334.45,USD,SUP-00048,Halcyon Controls Charlotte Co.,GU-0011,Halcyon Controls Corporation,90100000,Catering and restaurants,90000000,Travel and Food and Lodging and Entertainment Services,PLT-DET,Detroit Plant,NAMER,United States,CONCUR,MP10,"Monthly, paid 10th",25
INV-000620,2025-09-05,2025-10-03,28,true,810355.27,USD,SUP-00010,Frontier Polymers Charlotte LLC,GU-0002,Frontier Polymers Global,31160000,Hardware and fasteners,31000000,Manufacturing Components and Supplies,PLT-HOU,Houston Plant,NAMER,United States,SAP_ECC,NET21,Net 21,21
INV-000621,2025-12-13,2025-12-27,14,true,4842997.82,USD,SUP-00082,Silverline Fabrication Shanghai Pvt. Ltd.,GU-0020,Silverline Fabrication Industries,25100000,Motor vehicles,25000000,Commercial and Private Vehicles and Components,PLT-SHA,Shanghai Plant,APAC,China,ARIBA,EOM15,End of month + 15,30
INV-000622,2026-01-08,2026-01-19,11,true,2525025.85,USD,SUP-00059,Sequoia Fluid Systems Campinas S.A.,GU-0014,Sequoia Fluid Systems Global,43210000,Computer equipment,43000000,Information Technology Broadcasting and Telecommunications,PLT-PUN,Pune Plant,APAC,India,SAP_S4HANA,NET10,Net 10,10
INV-000623,2025-11-24,2025-12-25,31,true,50066.13,USD,SUP-00045,Zenith Bearings Queretaro Ltda.,GU-0010,Zenith Bearings Industries,76120000,Waste management,76000000,Industrial Cleaning Services,PLT-MTY,Monterrey Plant,LATAM,Mexico,FIELDGLASS,NET25,Net 25,25
INV-000624,2026-04-06,2026-04-22,16,true,512392.2,USD,SUP-00006,Falcon Systems Nagoya Pte. Ltd.,GU-0001,Falcon Systems Industries,44100000,Office machines,44000000,Office Equipment and Accessories and Supplies,PLT-PUN,Pune Plant,APAC,India,FIELDGLASS,NET15,Net 15,15
INV-000625,2026-04-13,2026-09-12,152,true,338570.36,USD,SUP-00050,Marlin Controls Osaka Pte. Ltd.,GU-0012,Marlin Controls Group,72100000,Facility maintenance,72000000,Building and Facility Maintenance Services,PLT-PUN,Pune Plant,APAC,India,SAP_S4HANA,NET150,Net 150,150
INV-000626,2026-06-26,2026-07-22,26,true,25447.99,USD,SUP-00019,Umbra Fasteners Charlotte Co.,GU-0004,Umbra Fasteners International,44120000,Office supplies,44000000,Office Equipment and Accessories and Supplies,PLT-SHA,Shanghai Plant,APAC,China,SAP_S4HANA,NET11,Net 11,11
INV-000627,2026-02-27,2026-03-17,18,true,453157.45,USD,SUP-00024,Apex Supply Co Lyon AG,GU-0005,Apex Supply Co Global,31350000,Machined castings,31000000,Manufacturing Components and Supplies,PLT-PUN,Pune Plant,APAC,India,SAP_S4HANA,NET14,Net 14,14
INV-000628,2026-06-25,,,false,140387.33,USD,SUP-00006,Falcon Systems Nagoya Pte. Ltd.,GU-0001,Falcon Systems Industries,44100000,Office machines,44000000,Office Equipment and Accessories and Supplies,PLT-ROT,Rotterdam DC,EMEA,Netherlands,SAP_ECC,NET45,Net 45,45
INV-000629,2026-05-29,2026-08-21,84,true,112945.58,USD,SUP-00140,Redwood Logistics Rotterdam AG,GU-0034,Redwood Logistics Global,47130000,Cleaning supplies,47000000,Cleaning Equipment and Supplies,PLT-MAN,Manchester Plant,EMEA,United Kingdom,ARIBA,EOM60,End of month + 60,75
INV-000630,2026-06-16,,,false,986410.86,USD,SUP-00001,Falcon Systems Osaka Pvt. Ltd.,GU-0001,Falcon Systems Industries,,,,,PLT-PUN,Pune Plant,APAC,India,ARIBA,NET45,Net 45,45
INV-000631,2026-01-05,2026-01-25,20,true,226917.72,USD,SUP-00045,Zenith Bearings Queretaro Ltda.,GU-0010,Zenith Bearings Industries,76120000,Waste management,76000000,Industrial Cleaning Services,PLT-SAO,Sao Paulo Plant,LATAM,Brazil,FIELDGLASS,NET04,Net 4,4
INV-000632,2026-02-10,2026-03-31,49,true,345204.42,USD,SUP-00017,Orion Supply Co Chennai Co. Ltd.,GU-0003,Orion Supply Co International,43190000,Communications devices,43000000,Information Technology Broadcasting and Telecommunications,PLT-PUN,Pune Plant,APAC,India,SAP_S4HANA,D15N10N30,1.5% 10 Net 30,30
INV-000633,2025-12-30,2026-01-25,26,true,359904.09,USD,SUP-00032,Vantage Technologies Lyon GmbH,GU-0007,Vantage Technologies Inc.,39130000,Electrical hardware,39000000,Electrical Systems and Lighting and Components,PLT-LYO,Lyon Plant,EMEA,France,SAP_S4HANA,EOM15,End of month + 15,30
INV-000634,2026-03-06,2026-03-17,11,true,276066.07,USD,SUP-00114,Northwind Fluid Systems Eindhoven AG,GU-0028,Northwind Fluid Systems International,72100000,Facility maintenance,72000000,Building and Facility Maintenance Services,PLT-ROT,Rotterdam DC,EMEA,Netherlands,SAP_S4HANA,NET11,Net 11,11
INV-000635,2026-05-29,2026-07-06,38,true,263319.55,USD,SUP-00052,Apex Chemicals Sao Paulo S.A.,GU-0013,Apex Chemicals Corporation,84120000,Banking and finance services,84000000,Financial and Insurance Services,PLT-STU,Stuttgart Plant,EMEA,Germany,ARIBA,NET35,Net 35,35
INV-000636,2026-03-30,2026-06-14,76,true,59295.14,USD,SUP-00013,Orion Supply Co Osaka Pvt. Ltd.,GU-0003,Orion Supply Co International,44120000,Office supplies,44000000,Office Equipment and Accessories and Supplies,PLT-SHA,Shanghai Plant,APAC,China,SAP_S4HANA,EOM45,EOM Net 45,60
INV-000637,2025-07-15,2025-07-18,3,true,35353.52,USD,SUP-00005,Falcon Systems Singapore Pte. Ltd.,GU-0001,Falcon Systems Industries,44100000,Office machines,44000000,Office Equipment and Accessories and Supplies,PLT-CLT,Charlotte Plant,NAMER,United States,SAP_ECC,NET05,Net 5,5
INV-000638,2026-04-17,2026-04-26,9,true,364361.91,USD,SUP-00001,Falcon Systems Osaka Pvt. Ltd.,GU-0001,Falcon Systems Industries,44100000,Office machines,44000000,Office Equipment and Accessories and Supplies,PLT-CHN,Chennai Plant,APAC,India,SAP_ECC,NET05,Net 5,5
INV-000639,2026-04-04,2026-05-23,49,true,321198.68,USD,SUP-00198,Falcon Consulting Charlotte LLC,GU-0048,Falcon Consulting Corporation,43220000,Networking equipment,43000000,Information Technology Broadcasting and Telecommunications,PLT-TOR,Toronto Plant,NAMER,Canada,SAP_S4HANA,NET45,Net 45,45
INV-000640,2026-02-13,2026-06-18,125,true,335793.03,USD,SUP-00039,Sequoia Fasteners Lille Ltd.,GU-0008,Sequoia Fasteners Holdings,,,,,PLT-LYO,Lyon Plant,EMEA,France,CONCUR,NET120,Net 120,120
INV-000641,2025-12-08,2026-04-04,117,true,1465910.39,USD,SUP-00023,Umbra Fasteners Detroit Corp.,GU-0004,Umbra Fasteners International,31160000,Hardware and fasteners,31000000,Manufacturing Components and Supplies,PLT-HOU,Houston Plant,NAMER,United States,SAP_ECC,NET100,Net 100,100
INV-000642,2026-02-11,2026-02-26,15,true,219958.67,USD,SUP-00002,Falcon Systems Bengaluru Pte. Ltd.,GU-0001,Falcon Systems Industries,44100000,Office machines,44000000,Office Equipment and Accessories and Supplies,PLT-CHN,Chennai Plant,APAC,India,SAP_S4HANA,NET15,Net 15,15
INV-000643,2026-05-04,2026-06-23,50,true,177111.76,USD,SUP-00048,Halcyon Controls Charlotte Co.,GU-0011,Halcyon Controls Corporation,90100000,Catering and restaurants,90000000,Travel and Food and Lodging and Entertainment Services,PLT-CLT,Charlotte Plant,NAMER,United States,CONCUR,NET45,Net 45,45
INV-000644,2025-12-19,2026-01-11,23,true,243832.41,USD,SUP-00028,Orion Polymers Sao Paulo Ltda.,GU-0006,Orion Polymers Group,31200000,Adhesives and sealants,31000000,Manufacturing Components and Supplies,PLT-SAO,Sao Paulo Plant,LATAM,Brazil,SAP_ECC,NET05,Net 5,5
INV-000645,2025-09-15,2025-10-29,44,true,520578.83,USD,SUP-00002,Falcon Systems Bengaluru Pte. Ltd.,GU-0001,Falcon Systems Industries,44100000,Office machines,44000000,Office Equipment and Accessories and Supplies,PLT-SHA,Shanghai Plant,APAC,China,SAP_S4HANA,NET45,Net 45,45
INV-000646,2025-11-02,2026-02-02,92,true,97843.88,USD,SUP-00049,Marlin Controls Shenzhen Co. Ltd.,GU-0012,Marlin Controls Group,72100000,Facility maintenance,72000000,Building and Facility Maintenance Services,PLT-SNG,Singapore Hub,APAC,Singapore,FIELDGLASS,NET90,Net 90,90
INV-000647,2026-03-16,2026-03-24,8,true,57215.28,USD,SUP-00007,Frontier Polymers Charlotte Inc.,GU-0002,Frontier Polymers Global,44120000,Office supplies,44000000,Office Equipment and Accessories and Supplies,PLT-DET,Detroit Plant,NAMER,United States,SAP_S4HANA,NET04,Net 4,4
INV-000648,2025-11-11,2025-11-18,7,true,1360724.96,USD,SUP-00082,Silverline Fabrication Shanghai Pvt. Ltd.,GU-0020,Silverline Fabrication Industries,25100000,Motor vehicles,25000000,Commercial and Private Vehicles and Components,PLT-PUN,Pune Plant,APAC,India,SAP_S4HANA,EOM15,End of month + 15,30
INV-000649,2025-11-12,2025-12-10,28,true,1786649.23,USD,SUP-00020,Umbra Fasteners Houston Corp.,GU-0004,Umbra Fasteners International,31160000,Hardware and fasteners,31000000,Manufacturing Components and Supplies,PLT-DET,Detroit Plant,NAMER,United States,ARIBA,NET02,Net 2,2
INV-000650,2025-09-04,2025-10-25,51,true,127242.09,USD,SUP-00002,Falcon Systems Bengaluru Pte. Ltd.,GU-0001,Falcon Systems Industries,44100000,Office machines,44000000,Office Equipment and Accessories and Supplies,PLT-PUN,Pune Plant,APAC,India,SAP_S4HANA,NET45,Net 45,45
INV-000651,2026-02-15,2026-03-09,22,true,4492698.79,USD,SUP-00119,Bluepeak Services Shenzhen Ltd.,GU-0029,Bluepeak Services Holdings,25100000,Motor vehicles,25000000,Commercial and Private Vehicles and Components,PLT-DET,Detroit Plant,NAMER,United States,SAP_ECC,NET25,Net 25,25
INV-000652,2025-12-12,2026-01-28,47,true,362690.23,USD,SUP-00049,Marlin Controls Shenzhen Co. Ltd.,GU-0012,Marlin Controls Group,72100000,Facility maintenance,72000000,Building and Facility Maintenance Services,PLT-DET,Detroit Plant,NAMER,United States,SAP_S4HANA,MP25,"Monthly, paid 25th",40
INV-000653,2025-09-12,2025-09-18,6,true,159153.35,USD,SUP-00009,Frontier Polymers Montreal Inc.,GU-0002,Frontier Polymers Global,44120000,Office supplies,44000000,Office Equipment and Accessories and Supplies,PLT-DET,Detroit Plant,NAMER,United States,SAP_S4HANA,NET04,Net 4,4
INV-000654,2025-10-27,2025-11-09,13,true,483004.32,USD,SUP-00010,Frontier Polymers Charlotte LLC,GU-0002,Frontier Polymers Global,31160000,Hardware and fasteners,31000000,Manufacturing Components and Supplies,PLT-STU,Stuttgart Plant,EMEA,Germany,ARIBA,D15N10N30,1.5% 10 Net 30,30
INV-000655,2025-07-14,2025-07-23,9,true,545828.26,USD,SUP-00056,Sequoia Fluid Systems Campinas S.A.,GU-0014,Sequoia Fluid Systems Global,43210000,Computer equipment,43000000,Information Technology Broadcasting and Telecommunications,PLT-PUN,Pune Plant,APAC,India,SAP_S4HANA,NET10,Net 10,10
INV-000656,2025-11-20,2026-01-23,64,true,1214108.92,USD,SUP-00013,Orion Supply Co Osaka Pvt. Ltd.,GU-0003,Orion Supply Co International,43190000,Communications devices,43000000,Information Technology Broadcasting and Telecommunications,PLT-SHA,Shanghai Plant,APAC,China,SAP_S4HANA,MILESTONE,Milestone based,45
INV-000657,2025-08-07,2025-09-12,36,true,586810.18,USD,SUP-00070,Redwood Controls Singapore Pte. Ltd.,GU-0017,Redwood Controls Inc.,31160000,Hardware and fasteners,31000000,Manufacturing Components and Supplies,PLT-STU,Stuttgart Plant,EMEA,Germany,ARIBA,MP25,"Monthly, paid 25th",40
INV-000658,2026-01-09,2026-02-24,46,true,804802.03,USD,SUP-00011,Frontier Polymers Montreal Co.,GU-0002,Frontier Polymers Global,31160000,Hardware and fasteners,31000000,Manufacturing Components and Supplies,PLT-DET,Detroit Plant,NAMER,United States,SAP_ECC,MP25,"Monthly, paid 25th",40
INV-000659,2025-10-18,2025-11-24,37,true,215861.43,USD,SUP-00020,Umbra Fasteners Houston Corp.,GU-0004,Umbra Fasteners International,44120000,Office supplies,44000000,Office Equipment and Accessories and Supplies,PLT-MTY,Monterrey Plant,LATAM,Mexico,SAP_S4HANA,MP10,"Monthly, paid 10th",25
INV-000660,2026-03-08,2026-04-25,48,true,1824369.31,USD,SUP-00027,Orion Polymers Queretaro Ltda.,GU-0006,Orion Polymers Group,43210000,Computer equipment,43000000,Information Technology Broadcasting and Telecommunications,PLT-STU,Stuttgart Plant,EMEA,Germany,SAP_ECC,NET30,Net 30,30
INV-000661,2025-09-29,2025-11-13,45,true,172425.69,USD,SUP-00001,Falcon Systems Osaka Pvt. Ltd.,GU-0001,Falcon Systems Industries,44100000,Office machines,44000000,Office Equipment and Accessories and Supplies,PLT-PUN,Pune Plant,APAC,India,ARIBA,NET45,Net 45,45
INV-000662,2026-01-26,2026-03-04,37,true,181584.05,USD,SUP-00022,Umbra Fasteners Toronto LLC,GU-0004,Umbra Fasteners International,31160000,Hardware and fasteners,31000000,Manufacturing Components and Supplies,PLT-TOR,Toronto Plant,NAMER,Canada,SAP_S4HANA,D15N10N30,1.5% 10 Net 30,30
INV-000663,2025-10-22,2025-11-11,20,true,354225.85,USD,SUP-00013,Orion Supply Co Osaka Pvt. Ltd.,GU-0003,Orion Supply Co International,90120000,Travel services,90000000,Travel and Food and Lodging and Entertainment Services,PLT-CHN,Chennai Plant,APAC,India,CONCUR,NET14,Net 14,14
INV-000664,2025-12-28,2026-04-05,98,true,998318.64,USD,SUP-00011,Frontier Polymers Montreal Co.,GU-0002,Frontier Polymers Global,31160000,Hardware and fasteners,31000000,Manufacturing Components and Supplies,PLT-DET,Detroit Plant,NAMER,United States,SAP_ECC,NET100,Net 100,100
INV-000665,2026-01-08,2026-02-26,49,true,128545.42,USD,SUP-00008,Frontier Polymers Detroit Corp.,GU-0002,Frontier Polymers Global,44120000,Office supplies,44000000,Office Equipment and Accessories and Supplies,PLT-DET,Detroit Plant,NAMER,United States,SAP_S4HANA,MILESTONE,Milestone based,45
INV-000666,2026-06-18,,,false,384751.83,USD,SUP-00148,Talon Fabrication Lyon GmbH,GU-0036,Talon Fabrication Inc.,84120000,Banking and finance services,84000000,Financial and Insurance Services,PLT-MAN,Manchester Plant,EMEA,United Kingdom,ARIBA,NET30,Net 30,30
INV-000667,2026-01-29,2026-06-01,123,true,765274.91,USD,SUP-00036,Sequoia Fasteners Munich S.p.A.,GU-0008,Sequoia Fasteners Holdings,90120000,Travel services,90000000,Travel and Food and Lodging and Entertainment Services,PLT-LYO,Lyon Plant,EMEA,France,CONCUR,NET120,Net 120,120
INV-000668,2025-08-21,2025-10-20,60,true,55074.3,USD,SUP-00017,Orion Supply Co Chennai Co. Ltd.,GU-0003,Orion Supply Co International,44120000,Office supplies,44000000,Office Equipment and Accessories and Supplies,PLT-CHN,Chennai Plant,APAC,India,CONCUR,NET45,Net 45,45
INV-000669,2026-04-06,2026-04-23,17,true,690003.15,USD,SUP-00024,Apex Supply Co Lyon AG,GU-0005,Apex Supply Co Global,31350000,Machined castings,31000000,Manufacturing Components and Supplies,PLT-MTY,Monterrey Plant,LATAM,Mexico,SAP_S4HANA,NET14,Net 14,14
INV-000670,2025-08-18,2025-08-27,9,true,391285.44,USD,SUP-00065,Yellowstone Solutions Monterrey Ltda.,GU-0015,Yellowstone Solutions Global,31160000,Hardware and fasteners,31000000,Manufacturing Components and Supplies,PLT-SAO,Sao Paulo Plant,LATAM,Brazil,SAP_S4HANA,NET08,Net 8,8
INV-000671,2025-12-12,2025-12-26,14,true,1591728.44,USD,SUP-00085,Orion Automation Queretaro S.A. de C.V.,GU-0021,Orion Automation International,78100000,Freight transport,78000000,Transportation and Storage and Mail Services,PLT-MTY,Monterrey Plant,LATAM,Mexico,FIELDGLASS,NET13,Net 13,13
INV-000672,2026-03-21,2026-04-10,20,true,276574.5,USD,SUP-00005,Falcon Systems Singapore Pte. Ltd.,GU-0001,Falcon Systems Industries,44100000,Office machines,44000000,Office Equipment and Accessories and Supplies,PLT-SHA,Shanghai Plant,APAC,China,SAP_S4HANA,NET15,Net 15,15
INV-000673,2026-02-03,2026-03-20,45,true,184939.17,USD,SUP-00001,Falcon Systems Osaka Pvt. Ltd.,GU-0001,Falcon Systems Industries,44100000,Office machines,44000000,Office Equipment and Accessories and Supplies,PLT-PUN,Pune Plant,APAC,India,SAP_S4HANA,NET45,Net 45,45
INV-000674,2025-11-16,2025-12-17,31,true,210279.04,USD,SUP-00100,Emerald Energy Sao Paulo S.A. de C.V.,GU-0025,Emerald Energy Industries,44110000,Desk accessories,44000000,Office Equipment and Accessories and Supplies,PLT-ROT,Rotterdam DC,EMEA,Netherlands,SAP_ECC,NET30,Net 30,30
INV-000675,2025-09-08,2025-10-24,46,true,22657.4,USD,SUP-00005,Falcon Systems Singapore Pte. Ltd.,GU-0001,Falcon Systems Industries,44100000,Office machines,44000000,Office Equipment and Accessories and Supplies,PLT-SNG,Singapore Hub,APAC,Singapore,SAP_S4HANA,NET45,Net 45,45
INV-000676,2025-12-17,2026-02-06,51,true,27020.39,USD,SUP-00004,Falcon Systems Chennai Co. Ltd.,GU-0001,Falcon Systems Industries,44100000,Office machines,44000000,Office Equipment and Accessories and Supplies,PLT-HOU,Houston Plant,NAMER,United States,ARIBA,NET45,Net 45,45
INV-000677,2026-05-16,2026-05-25,9,true,257334.67,USD,SUP-00007,Frontier Polymers Charlotte Inc.,GU-0002,Frontier Polymers Global,44120000,Office supplies,44000000,Office Equipment and Accessories and Supplies,PLT-DET,Detroit Plant,NAMER,United States,SAP_ECC,NET04,Net 4,4
INV-000678,2026-01-13,2026-02-28,46,true,49478.76,USD,SUP-00002,Falcon Systems Bengaluru Pte. Ltd.,GU-0001,Falcon Systems Industries,44100000,Office machines,44000000,Office Equipment and Accessories and Supplies,PLT-SHA,Shanghai Plant,APAC,China,ARIBA,NET45,Net 45,45
INV-000679,2025-09-14,,,false,155714.44,USD,SUP-00041,Frontier Solutions Monterrey Ltda.,GU-0009,Frontier Solutions Corporation,40170000,Compressors and blowers,40000000,Distribution and Conditioning Systems and Equipment,PLT-SAO,Sao Paulo Plant,LATAM,Brazil,SAP_S4HANA,NET00,Immediate / Due on receipt,0
INV-000680,2025-11-01,2025-11-18,17,true,405452.25,USD,SUP-00173,Kestrel Controls Singapore Pvt. Ltd.,GU-0043,Kestrel Controls Holdings,76110000,Cleaning services,76000000,Industrial Cleaning Services,PLT-SHA,Shanghai Plant,APAC,China,SAP_S4HANA,NET10,Net 10,10
INV-000681,2026-02-09,2026-02-23,14,true,421866.99,USD,SUP-00024,Apex Supply Co Lyon AG,GU-0005,Apex Supply Co Global,31350000,Machined castings,31000000,Manufacturing Components and Supplies,PLT-STU,Stuttgart Plant,EMEA,Germany,SAP_S4HANA,NET14,Net 14,14
INV-000682,2026-04-13,2026-04-19,6,true,77769.5,USD,SUP-00007,Frontier Polymers Charlotte Inc.,GU-0002,Frontier Polymers Global,44120000,Office supplies,44000000,Office Equipment and Accessories and Supplies,PLT-SHA,Shanghai Plant,APAC,China,CONCUR,NET07,Net 7,7
INV-000683,2026-03-15,2026-04-30,46,true,1305508.33,USD,SUP-00003,Falcon Systems Osaka Pte. Ltd.,GU-0001,Falcon Systems Industries,44100000,Office machines,44000000,Office Equipment and Accessories and Supplies,PLT-MTY,Monterrey Plant,LATAM,Mexico,SAP_S4HANA,NET45,Net 45,45
INV-000684,2026-05-08,,,false,543679.5,USD,SUP-00044,Zenith Bearings Queretaro S.A. de C.V.,GU-0010,Zenith Bearings Industries,31160000,Hardware and fasteners,31000000,Manufacturing Components and Supplies,PLT-MTY,Monterrey Plant,LATAM,Mexico,ARIBA,NET100,Net 100,100
INV-000685,2025-09-06,2025-10-16,40,true,110475.16,USD,SUP-00051,Apex Chemicals Sao Paulo S.A. de C.V.,GU-0013,Apex Chemicals Corporation,,,,,PLT-SAO,Sao Paulo Plant,LATAM,Brazil,SAP_S4HANA,NET35,Net 35,35
INV-000686,2025-12-10,2026-01-11,32,true,1076066.59,USD,SUP-00093,Dynamo Freight Leeds AG,GU-0023,Dynamo Freight Inc.,72100000,Facility maintenance,72000000,Building and Facility Maintenance Services,PLT-LYO,Lyon Plant,EMEA,France,FIELDGLASS,NET30,Net 30,30
INV-000687,2025-08-12,2025-08-13,1,true,993143.09,USD,SUP-00041,Frontier Solutions Monterrey Ltda.,GU-0009,Frontier Solutions Corporation,40170000,Compressors and blowers,40000000,Distribution and Conditioning Systems and Equipment,PLT-SAO,Sao Paulo Plant,LATAM,Brazil,SAP_ECC,NET00,Immediate / Due on receipt,0
INV-000688,2026-04-16,2026-04-29,13,true,855833.67,USD,SUP-00085,Orion Automation Queretaro S.A. de C.V.,GU-0021,Orion Automation International,76120000,Waste management,76000000,Industrial Cleaning Services,PLT-SAO,Sao Paulo Plant,LATAM,Brazil,FIELDGLASS,NET13,Net 13,13
INV-000689,2026-06-14,2026-07-05,21,true,2553674.9,USD,SUP-00001,Falcon Systems Osaka Pvt. Ltd.,GU-0001,Falcon Systems Industries,44100000,Office machines,44000000,Office Equipment and Accessories and Supplies,PLT-SNG,Singapore Hub,APAC,Singapore,SAP_ECC,NET15,Net 15,15
INV-000690,2025-10-05,2025-11-21,47,true,113539.83,USD,SUP-00001,Falcon Systems Osaka Pvt. Ltd.,GU-0001,Falcon Systems Industries,44100000,Office machines,44000000,Office Equipment and Accessories and Supplies,PLT-PUN,Pune Plant,APAC,India,SAP_S4HANA,NET45,Net 45,45
INV-000691,2026-04-26,2026-05-27,31,true,121213.91,USD,SUP-00009,Frontier Polymers Montreal Inc.,GU-0002,Frontier Polymers Global,44120000,Office supplies,44000000,Office Equipment and Accessories and Supplies,PLT-PUN,Pune Plant,APAC,India,SAP_ECC,MP10,"Monthly, paid 10th",25
INV-000692,2025-11-15,2025-12-12,27,true,150329.58,USD,SUP-00012,Frontier Polymers Charlotte LLC,GU-0002,Frontier Polymers Global,31160000,Hardware and fasteners,31000000,Manufacturing Components and Supplies,PLT-CLT,Charlotte Plant,NAMER,United States,SAP_S4HANA,NET21,Net 21,21
INV-000693,2025-12-31,2026-01-10,10,true,152999.86,USD,SUP-00005,Falcon Systems Singapore Pte. Ltd.,GU-0001,Falcon Systems Industries,44100000,Office machines,44000000,Office Equipment and Accessories and Supplies,PLT-PUN,Pune Plant,APAC,India,SAP_S4HANA,NET05,Net 5,5
INV-000694,2026-06-21,2026-07-10,19,true,591825.49,USD,SUP-00127,Westfield Automation Singapore Pte. Ltd.,GU-0031,Westfield Automation Inc.,84120000,Banking and finance services,84000000,Financial and Insurance Services,PLT-CHN,Chennai Plant,APAC,India,SAP_S4HANA,NET15,Net 15,15
INV-000695,2025-11-15,2025-11-20,5,true,2074526.33,USD,SUP-00041,Frontier Solutions Monterrey Ltda.,GU-0009,Frontier Solutions Corporation,40170000,Compressors and blowers,40000000,Distribution and Conditioning Systems and Equipment,PLT-MTY,Monterrey Plant,LATAM,Mexico,SAP_ECC,NET00,Immediate / Due on receipt,0
INV-000696,2025-12-06,2026-02-03,59,true,699828.39,USD,SUP-00133,Titan Industrial Supply Singapore Ltd.,GU-0033,Titan Industrial Supply International,27110000,Hand tools,27000000,Tools and General Machinery,PLT-SAO,Sao Paulo Plant,LATAM,Brazil,SAP_ECC,NET60,Net 60,60
INV-000697,2025-09-17,2025-10-06,19,true,1634581.16,USD,SUP-00002,Falcon Systems Bengaluru Pte. Ltd.,GU-0001,Falcon Systems Industries,44100000,Office machines,44000000,Office Equipment and Accessories and Supplies,PLT-SHA,Shanghai Plant,APAC,China,SAP_ECC,NET15,Net 15,15
INV-000698,2026-06-27,2026-07-07,10,true,140630.22,USD,SUP-00010,Frontier Polymers Charlotte LLC,GU-0002,Frontier Polymers Global,44120000,Office supplies,44000000,Office Equipment and Accessories and Supplies,PLT-LYO,Lyon Plant,EMEA,France,SAP_S4HANA,D2N10N30,2% 10 Net 30,30
INV-000699,2026-05-08,2026-05-12,4,true,248358.72,USD,SUP-00041,Frontier Solutions Monterrey Ltda.,GU-0009,Frontier Solutions Corporation,40170000,Compressors and blowers,40000000,Distribution and Conditioning Systems and Equipment,PLT-PUN,Pune Plant,APAC,India,SAP_ECC,NET00,Immediate / Due on receipt,0
INV-000700,2026-02-08,2026-03-29,49,true,57542.08,USD,SUP-00005,Falcon Systems Singapore Pte. Ltd.,GU-0001,Falcon Systems Industries,44100000,Office machines,44000000,Office Equipment and Accessories and Supplies,PLT-PUN,Pune Plant,APAC,India,SAP_ECC,NET45,Net 45,45
INV-000701,2026-02-24,2026-03-20,24,true,440117.95,USD,SUP-00021,Umbra Fasteners Montreal Co.,GU-0004,Umbra Fasteners International,44120000,Office supplies,44000000,Office Equipment and Accessories and Supplies,PLT-LYO,Lyon Plant,EMEA,France,SAP_ECC,NET04,Net 4,4
INV-000702,2026-06-09,,,false,349013.72,USD,SUP-00013,Orion Supply Co Osaka Pvt. Ltd.,GU-0003,Orion Supply Co International,43190000,Communications devices,43000000,Information Technology Broadcasting and Telecommunications,PLT-CHN,Chennai Plant,APAC,India,SAP_S4HANA,MILESTONE,Milestone based,45
INV-000703,2026-01-03,2026-05-06,123,true,129204.26,USD,SUP-00039,Sequoia Fasteners Lille Ltd.,GU-0008,Sequoia Fasteners Holdings,90120000,Travel services,90000000,Travel and Food and Lodging and Entertainment Services,PLT-LYO,Lyon Plant,EMEA,France,CONCUR,NET120,Net 120,120
INV-000704,2026-02-23,2026-03-06,11,true,120979.75,USD,SUP-00006,Falcon Systems Nagoya Pte. Ltd.,GU-0001,Falcon Systems Industries,44100000,Office machines,44000000,Office Equipment and Accessories and Supplies,PLT-DET,Detroit Plant,NAMER,United States,SAP_S4HANA,NET15,Net 15,15
INV-000705,2025-12-30,2026-01-09,10,true,260074.12,USD,SUP-00110,Yellowstone Technologies Montreal Inc.,GU-0027,Yellowstone Technologies Industries,31160000,Hardware and fasteners,31000000,Manufacturing Components and Supplies,PLT-DET,Detroit Plant,NAMER,United States,SAP_ECC,NET07,Net 7,7
INV-000706,2025-11-18,2025-12-04,16,true,203799.79,USD,SUP-00024,Apex Supply Co Lyon AG,GU-0005,Apex Supply Co Global,31350000,Machined castings,31000000,Manufacturing Components and Supplies,PLT-MAN,Manchester Plant,EMEA,United Kingdom,FIELDGLASS,NET14,Net 14,14
INV-000707,2025-08-21,2025-08-22,1,true,1318065.13,USD,SUP-00126,Monarch Energy Pune Co. Ltd.,GU-0030,Monarch Energy International,25170000,Vehicle components and accessories,25000000,Commercial and Private Vehicles and Components,PLT-TOR,Toronto Plant,NAMER,Canada,SAP_ECC,NET10,Net 10,10
INV-000708,2025-11-02,2025-11-18,16,true,273447.67,USD,SUP-00111,Yellowstone Technologies Charlotte LLC,GU-0027,Yellowstone Technologies Industries,44100000,Office machines,44000000,Office Equipment and Accessories and Supplies,PLT-HOU,Houston Plant,NAMER,United States,SAP_S4HANA,NET15,Net 15,15
INV-000709,2025-10-01,2025-10-31,30,true,294295.97,USD,SUP-00144,Halcyon Tooling Lille B.V.,GU-0035,Halcyon Tooling International,44120000,Office supplies,44000000,Office Equipment and Accessories and Supplies,PLT-STU,Stuttgart Plant,EMEA,Germany,SAP_S4HANA,MP10,"Monthly, paid 10th",25
INV-000710,2025-08-02,2025-09-19,48,true,395964.33,USD,SUP-00011,Frontier Polymers Montreal Co.,GU-0002,Frontier Polymers Global,44120000,Office supplies,44000000,Office Equipment and Accessories and Supplies,PLT-DET,Detroit Plant,NAMER,United States,SAP_ECC,MILESTONE,Milestone based,45
INV-000711,2026-02-13,2026-03-17,32,true,188534.59,USD,SUP-00017,Orion Supply Co Chennai Co. Ltd.,GU-0003,Orion Supply Co International,44120000,Office supplies,44000000,Office Equipment and Accessories and Supplies,PLT-PUN,Pune Plant,APAC,India,SAP_ECC,NET21,Net 21,21
INV-000712,2025-12-03,2026-03-03,90,true,175130.72,USD,SUP-00025,Orion Polymers Monterrey S.A.,GU-0006,Orion Polymers Group,90100000,Catering and restaurants,90000000,Travel and Food and Lodging and Entertainment Services,PLT-HOU,Houston Plant,NAMER,United States,CONCUR,NET70,Net 70,70
INV-000713,2026-04-11,2026-05-05,24,true,279462.98,USD,SUP-00030,Vantage Technologies Lyon GmbH,GU-0007,Vantage Technologies Inc.,72100000,Facility maintenance,72000000,Building and Facility Maintenance Services,PLT-ROT,Rotterdam DC,EMEA,Netherlands,SAP_S4HANA,NET21,Net 21,21
INV-000714,2025-12-28,2026-01-04,7,true,412069.16,USD,SUP-00003,Falcon Systems Osaka Pte. Ltd.,GU-0001,Falcon Systems Industries,44100000,Office machines,44000000,Office Equipment and Accessories and Supplies,PLT-CLT,Charlotte Plant,NAMER,United States,SAP_S4HANA,NET05,Net 5,5
INV-000715,2026-03-11,2026-04-11,31,true,361919.73,USD,SUP-00007,Frontier Polymers Charlotte Inc.,GU-0002,Frontier Polymers Global,44120000,Office supplies,44000000,Office Equipment and Accessories and Supplies,PLT-CLT,Charlotte Plant,NAMER,United States,SAP_S4HANA,NET25,Net 25,25
INV-000716,2026-01-31,2026-03-24,52,true,121364.4,USD,SUP-00003,Falcon Systems Osaka Pte. Ltd.,GU-0001,Falcon Systems Industries,44100000,Office machines,44000000,Office Equipment and Accessories and Supplies,PLT-PUN,Pune Plant,APAC,India,SAP_S4HANA,NET45,Net 45,45
INV-000717,2026-05-17,2026-06-28,42,true,429681.31,USD,SUP-00029,Vantage Technologies Rotterdam Ltd.,GU-0007,Vantage Technologies Inc.,72100000,Facility maintenance,72000000,Building and Facility Maintenance Services,PLT-STU,Stuttgart Plant,EMEA,Germany,SAP_ECC,MP25,"Monthly, paid 25th",40
INV-000718,2025-12-13,2026-01-16,34,true,540120.34,USD,SUP-00094,Copperfield Fabrication Bengaluru Pte. Ltd.,GU-0024,Copperfield Fabrication Holdings,78180000,Courier and postal services,78000000,Transportation and Storage and Mail Services,PLT-MTY,Monterrey Plant,LATAM,Mexico,FIELDGLASS,NET30,Net 30,30
INV-000719,2025-11-03,,,false,30856.87,USD,SUP-00004,Falcon Systems Chennai Co. Ltd.,GU-0001,Falcon Systems Industries,44100000,Office machines,44000000,Office Equipment and Accessories and Supplies,PLT-ROT,Rotterdam DC,EMEA,Netherlands,SAP_S4HANA,NET15,Net 15,15
INV-000720,2026-05-07,2026-05-08,1,true,936009.69,USD,SUP-00041,Frontier Solutions Monterrey Ltda.,GU-0009,Frontier Solutions Corporation,40170000,Compressors and blowers,40000000,Distribution and Conditioning Systems and Equipment,PLT-HOU,Houston Plant,NAMER,United States,SAP_S4HANA,NET00,Immediate / Due on receipt,0
INV-000721,2025-09-02,2025-12-18,107,true,571917.6,USD,SUP-00018,Orion Supply Co Shanghai Pte. Ltd.,GU-0003,Orion Supply Co International,44120000,Office supplies,44000000,Office Equipment and Accessories and Supplies,PLT-CHN,Chennai Plant,APAC,India,SAP_ECC,NET90,Net 90,90
INV-000722,2026-06-21,,,false,333928.83,USD,SUP-00012,Frontier Polymers Charlotte LLC,GU-0002,Frontier Polymers Global,31160000,Hardware and fasteners,31000000,Manufacturing Components and Supplies,PLT-DET,Detroit Plant,NAMER,United States,SAP_S4HANA,D2N15N45,2% 15 Net 45,45
INV-000723,2025-07-14,2025-08-03,20,true,136250.59,USD,SUP-00016,Orion Supply Co Nagoya Pvt. Ltd.,GU-0003,Orion Supply Co International,90120000,Travel services,90000000,Travel and Food and Lodging and Entertainment Services,PLT-CHN,Chennai Plant,APAC,India,CONCUR,NET08,Net 8,8
INV-000724,2026-01-13,2026-05-23,130,true,171917.79,USD,SUP-00038,Sequoia Fasteners Leeds Ltd.,GU-0008,Sequoia Fasteners Holdings,90120000,Travel services,90000000,Travel and Food and Lodging and Entertainment Services,PLT-MAN,Manchester Plant,EMEA,United Kingdom,CONCUR,NET120,Net 120,120
INV-000725,2026-04-27,2026-05-06,9,true,477955.37,USD,SUP-00001,Falcon Systems Osaka Pvt. Ltd.,GU-0001,Falcon Systems Industries,44100000,Office machines,44000000,Office Equipment and Accessories and Supplies,PLT-TOR,Toronto Plant,NAMER,Canada,SAP_S4HANA,NET05,Net 5,5
INV-000726,2025-10-23,2025-11-21,29,true,68066.26,USD,SUP-00024,Apex Supply Co Lyon AG,GU-0005,Apex Supply Co Global,31350000,Machined castings,31000000,Manufacturing Components and Supplies,PLT-STU,Stuttgart Plant,EMEA,Germany,SAP_S4HANA,,,
INV-000727,2025-10-25,2025-11-06,12,true,374801.9,USD,SUP-00004,Falcon Systems Chennai Co. Ltd.,GU-0001,Falcon Systems Industries,44100000,Office machines,44000000,Office Equipment and Accessories and Supplies,PLT-HOU,Houston Plant,NAMER,United States,SAP_ECC,NET15,Net 15,15
INV-000728,2025-11-03,2025-11-08,5,true,63100,USD,SUP-00011,Frontier Polymers Montreal Co.,GU-0002,Frontier Polymers Global,31160000,Hardware and fasteners,31000000,Manufacturing Components and Supplies,PLT-HOU,Houston Plant,NAMER,United States,SAP_ECC,NET07,Net 7,7
INV-000729,2025-10-06,2025-10-23,17,true,120878.53,USD,SUP-00006,Falcon Systems Nagoya Pte. Ltd.,GU-0001,Falcon Systems Industries,44100000,Office machines,44000000,Office Equipment and Accessories and Supplies,PLT-PUN,Pune Plant,APAC,India,SAP_S4HANA,NET15,Net 15,15
INV-000730,2026-04-04,2026-05-18,44,true,508665.17,USD,SUP-00102,Bluepeak Bearing Works Stuttgart Ltd.,GU-0026,Bluepeak Bearing Works Group,31160000,Hardware and fasteners,31000000,Manufacturing Components and Supplies,PLT-STU,Stuttgart Plant,EMEA,Germany,SAP_S4HANA,D2N10N45,2% 10 Net 45,45
INV-000731,2026-02-19,2026-05-03,73,true,150495.33,USD,SUP-00013,Orion Supply Co Osaka Pvt. Ltd.,GU-0003,Orion Supply Co International,44120000,Office supplies,44000000,Office Equipment and Accessories and Supplies,PLT-TOR,Toronto Plant,NAMER,Canada,SAP_S4HANA,EOM45,EOM Net 45,60
INV-000732,2025-08-27,2025-12-31,126,true,732646.68,USD,SUP-00037,Sequoia Fasteners Turin S.A.,GU-0008,Sequoia Fasteners Holdings,43230000,Software licenses,43000000,Information Technology Broadcasting and Telecommunications,PLT-MAN,Manchester Plant,EMEA,United Kingdom,SAP_ECC,NET120,Net 120,120
INV-000733,2025-10-02,2025-10-18,16,true,101899.08,USD,SUP-00001,Falcon Systems Osaka Pvt. Ltd.,GU-0001,Falcon Systems Industries,44100000,Office machines,44000000,Office Equipment and Accessories and Supplies,PLT-SHA,Shanghai Plant,APAC,China,ARIBA,NET15,Net 15,15
INV-000734,2026-01-19,2026-03-26,66,true,431109.74,USD,SUP-00021,Umbra Fasteners Montreal Co.,GU-0004,Umbra Fasteners International,31160000,Hardware and fasteners,31000000,Manufacturing Components and Supplies,PLT-DET,Detroit Plant,NAMER,United States,CONCUR,D2N10N45,2% 10 Net 45,45
INV-000735,2026-01-06,2026-05-09,123,true,115982.93,USD,SUP-00038,Sequoia Fasteners Leeds Ltd.,GU-0008,Sequoia Fasteners Holdings,90120000,Travel services,90000000,Travel and Food and Lodging and Entertainment Services,PLT-LYO,Lyon Plant,EMEA,France,CONCUR,NET120,Net 120,120
INV-000736,2025-09-10,2025-09-27,17,true,59371.06,USD,SUP-00016,Orion Supply Co Nagoya Pvt. Ltd.,GU-0003,Orion Supply Co International,,,,,PLT-SHA,Shanghai Plant,APAC,China,SAP_S4HANA,NET08,Net 8,8
INV-000737,2025-08-24,2025-09-05,12,true,11182456,USD,SUP-00010,Frontier Polymers Charlotte LLC,GU-0002,Frontier Polymers Global,31160000,Hardware and fasteners,31000000,Manufacturing Components and Supplies,PLT-CLT,Charlotte Plant,NAMER,United States,FIELDGLASS,NET08,Net 8,8
INV-000738,2026-02-10,2026-02-25,15,true,83499.93,USD,SUP-00047,Halcyon Controls Cleveland Inc.,GU-0011,Halcyon Controls Corporation,31350000,Machined castings,31000000,Manufacturing Components and Supplies,PLT-HOU,Houston Plant,NAMER,United States,SAP_S4HANA,MP10,"Monthly, paid 10th",25
INV-000739,2026-04-12,2026-05-29,47,true,204814.75,USD,SUP-00003,Falcon Systems Osaka Pte. Ltd.,GU-0001,Falcon Systems Industries,44100000,Office machines,44000000,Office Equipment and Accessories and Supplies,PLT-SHA,Shanghai Plant,APAC,China,ARIBA,NET45,Net 45,45
INV-000740,2026-02-25,2026-03-18,21,true,157893.36,USD,SUP-00048,Halcyon Controls Charlotte Co.,GU-0011,Halcyon Controls Corporation,31350000,Machined castings,31000000,Manufacturing Components and Supplies,PLT-CHN,Chennai Plant,APAC,India,CONCUR,MP10,"Monthly, paid 10th",25
INV-000741,2025-07-25,2025-08-19,25,true,773547.78,USD,SUP-00005,Falcon Systems Singapore Pte. Ltd.,GU-0001,Falcon Systems Industries,44100000,Office machines,44000000,Office Equipment and Accessories and Supplies,PLT-SHA,Shanghai Plant,APAC,China,ARIBA,NET15,Net 15,15
INV-000742,2026-04-12,2026-07-24,103,true,557046.9,USD,SUP-00011,Frontier Polymers Montreal Co.,GU-0002,Frontier Polymers Global,44120000,Office supplies,44000000,Office Equipment and Accessories and Supplies,PLT-DET,Detroit Plant,NAMER,United States,ARIBA,NET100,Net 100,100
INV-000743,2026-02-17,2026-03-03,14,true,74260.53,USD,SUP-00004,Falcon Systems Chennai Co. Ltd.,GU-0001,Falcon Systems Industries,44100000,Office machines,44000000,Office Equipment and Accessories and Supplies,PLT-PUN,Pune Plant,APAC,India,ARIBA,NET15,Net 15,15
INV-000744,2025-07-05,2025-07-26,21,true,79776.34,USD,SUP-00054,Apex Chemicals Campinas S.A.,GU-0013,Apex Chemicals Corporation,44120000,Office supplies,44000000,Office Equipment and Accessories and Supplies,PLT-MTY,Monterrey Plant,LATAM,Mexico,SAP_S4HANA,NET21,Net 21,21
INV-000745,2026-04-22,2026-04-23,1,true,277572.23,USD,SUP-00041,Frontier Solutions Monterrey Ltda.,GU-0009,Frontier Solutions Corporation,40170000,Compressors and blowers,40000000,Distribution and Conditioning Systems and Equipment,PLT-SAO,Sao Paulo Plant,LATAM,Brazil,ARIBA,NET00,Immediate / Due on receipt,0
INV-000746,2025-11-16,2025-11-29,13,true,762931.08,USD,SUP-00024,Apex Supply Co Lyon AG,GU-0005,Apex Supply Co Global,31350000,Machined castings,31000000,Manufacturing Components and Supplies,PLT-STU,Stuttgart Plant,EMEA,Germany,SAP_S4HANA,NET14,Net 14,14
INV-000747,2025-09-01,2025-10-18,47,true,87786.78,USD,SUP-00004,Falcon Systems Chennai Co. Ltd.,GU-0001,Falcon Systems Industries,44100000,Office machines,44000000,Office Equipment and Accessories and Supplies,PLT-STU,Stuttgart Plant,EMEA,Germany,CONCUR,NET45,Net 45,45
INV-000748,2025-07-04,2025-08-13,40,true,208644.44,USD,SUP-00014,Orion Supply Co Osaka Pte. Ltd.,GU-0003,Orion Supply Co International,90120000,Travel services,90000000,Travel and Food and Lodging and Entertainment Services,PLT-CHN,Chennai Plant,APAC,India,CONCUR,D15N10N30,1.5% 10 Net 30,30
INV-000749,2025-08-13,2025-09-18,36,true,788937.29,USD,SUP-00009,Frontier Polymers Montreal Inc.,GU-0002,Frontier Polymers Global,44120000,Office supplies,44000000,Office Equipment and Accessories and Supplies,PLT-TOR,Toronto Plant,NAMER,Canada,SAP_ECC,MP10,"Monthly, paid 10th",25
INV-000750,2026-02-26,2026-03-26,28,true,1001877.05,USD,SUP-00117,Bluepeak Services Osaka Pte. Ltd.,GU-0029,Bluepeak Services Holdings,25100000,Motor vehicles,25000000,Commercial and Private Vehicles and Components,PLT-PUN,Pune Plant,APAC,India,ARIBA,NET25,Net 25,25
INV-000751,2026-06-08,2026-06-10,2,true,228800.68,USD,SUP-00041,Frontier Solutions Monterrey Ltda.,GU-0009,Frontier Solutions Corporation,40170000,Compressors and blowers,40000000,Distribution and Conditioning Systems and Equipment,PLT-MTY,Monterrey Plant,LATAM,Mexico,FIELDGLASS,NET00,Immediate / Due on receipt,0
INV-000752,2025-09-12,2025-11-18,67,true,218044.74,USD,SUP-00009,Frontier Polymers Montreal Inc.,GU-0002,Frontier Polymers Global,,,,,PLT-CLT,Charlotte Plant,NAMER,United States,SAP_S4HANA,NET60,Net 60,60
INV-000753,2026-04-01,2026-05-21,50,true,89399.8,USD,SUP-00002,Falcon Systems Bengaluru Pte. Ltd.,GU-0001,Falcon Systems Industries,44100000,Office machines,44000000,Office Equipment and Accessories and Supplies,PLT-LYO,Lyon Plant,EMEA,France,ARIBA,NET45,Net 45,45
INV-000754,2026-04-19,2026-05-06,17,true,93922.05,USD,SUP-00003,Falcon Systems Osaka Pte. Ltd.,GU-0001,Falcon Systems Industries,44100000,Office machines,44000000,Office Equipment and Accessories and Supplies,PLT-CHN,Chennai Plant,APAC,India,FIELDGLASS,NET15,Net 15,15
INV-000755,2026-06-03,2026-06-17,14,true,54919.57,USD,SUP-00001,Falcon Systems Osaka Pvt. Ltd.,GU-0001,Falcon Systems Industries,44100000,Office machines,44000000,Office Equipment and Accessories and Supplies,PLT-PUN,Pune Plant,APAC,India,CONCUR,NET15,Net 15,15
INV-000756,2026-01-14,2026-01-17,3,true,600347.26,USD,SUP-00008,Frontier Polymers Detroit Corp.,GU-0002,Frontier Polymers Global,44120000,Office supplies,44000000,Office Equipment and Accessories and Supplies,PLT-LYO,Lyon Plant,EMEA,France,SAP_S4HANA,NET02,Net 2,2
INV-000757,2026-05-18,2026-07-05,48,true,270119.45,USD,SUP-00036,Sequoia Fasteners Munich S.p.A.,GU-0008,Sequoia Fasteners Holdings,90120000,Travel services,90000000,Travel and Food and Lodging and Entertainment Services,PLT-STU,Stuttgart Plant,EMEA,Germany,CONCUR,,,
INV-000758,2025-12-23,2025-12-31,8,true,360167.13,USD,SUP-00008,Frontier Polymers Detroit Corp.,GU-0002,Frontier Polymers Global,44120000,Office supplies,44000000,Office Equipment and Accessories and Supplies,PLT-STU,Stuttgart Plant,EMEA,Germany,SAP_S4HANA,D2N10N30,2% 10 Net 30,30
INV-000759,2025-09-03,2025-09-21,18,true,499497.72,USD,SUP-00005,Falcon Systems Singapore Pte. Ltd.,GU-0001,Falcon Systems Industries,44100000,Office machines,44000000,Office Equipment and Accessories and Supplies,PLT-SHA,Shanghai Plant,APAC,China,ARIBA,NET15,Net 15,15
INV-000760,2025-12-29,2026-02-23,56,true,420042.74,USD,SUP-00022,Umbra Fasteners Toronto LLC,GU-0004,Umbra Fasteners International,31160000,Hardware and fasteners,31000000,Manufacturing Components and Supplies,PLT-DET,Detroit Plant,NAMER,United States,SAP_ECC,MP25,"Monthly, paid 25th",40
INV-000761,2026-06-14,2026-06-24,10,true,36460.02,USD,SUP-00005,Falcon Systems Singapore Pte. Ltd.,GU-0001,Falcon Systems Industries,44100000,Office machines,44000000,Office Equipment and Accessories and Supplies,PLT-PUN,Pune Plant,APAC,India,SAP_S4HANA,NET05,Net 5,5
INV-000762,2026-02-01,2026-03-01,28,true,1723121.26,USD,SUP-00152,Cobalt Fabrication Queretaro Ltda.,GU-0037,Cobalt Fabrication Holdings,72100000,Facility maintenance,72000000,Building and Facility Maintenance Services,PLT-SAO,Sao Paulo Plant,LATAM,Brazil,SAP_S4HANA,EOM15,End of month + 15,30
INV-000763,2026-01-27,2026-02-21,25,true,54325.1,USD,SUP-00005,Falcon Systems Singapore Pte. Ltd.,GU-0001,Falcon Systems Industries,44100000,Office machines,44000000,Office Equipment and Accessories and Supplies,PLT-PUN,Pune Plant,APAC,India,CONCUR,NET15,Net 15,15
INV-000764,2025-11-19,2026-01-01,43,true,64146.63,USD,SUP-00014,Orion Supply Co Osaka Pte. Ltd.,GU-0003,Orion Supply Co International,44120000,Office supplies,44000000,Office Equipment and Accessories and Supplies,PLT-PUN,Pune Plant,APAC,India,SAP_ECC,D15N10N30,1.5% 10 Net 30,30
INV-000765,2025-08-22,2025-08-23,1,true,1792673.76,USD,SUP-00040,Frontier Solutions Sao Paulo Ltda.,GU-0009,Frontier Solutions Corporation,40170000,Compressors and blowers,40000000,Distribution and Conditioning Systems and Equipment,PLT-MTY,Monterrey Plant,LATAM,Mexico,SAP_ECC,NET00,Immediate / Due on receipt,0
INV-000766,2025-11-08,2025-12-12,34,true,92179.92,USD,SUP-00030,Vantage Technologies Lyon GmbH,GU-0007,Vantage Technologies Inc.,76110000,Cleaning services,76000000,Industrial Cleaning Services,PLT-LYO,Lyon Plant,EMEA,France,SAP_ECC,EOM15,End of month + 15,30
INV-000767,2026-01-02,2026-01-15,13,true,329642.19,USD,SUP-00071,Redwood Controls Chennai Ltd.,GU-0017,Redwood Controls Inc.,31160000,Hardware and fasteners,31000000,Manufacturing Components and Supplies,PLT-CHN,Chennai Plant,APAC,India,ARIBA,NET10,Net 10,10
INV-000768,2025-08-12,2025-08-27,15,true,319952.47,USD,SUP-00085,Orion Automation Queretaro S.A. de C.V.,GU-0021,Orion Automation International,76120000,Waste management,76000000,Industrial Cleaning Services,PLT-SAO,Sao Paulo Plant,LATAM,Brazil,SAP_S4HANA,NET13,Net 13,13
INV-000769,2025-08-25,2025-09-12,18,true,832824.75,USD,SUP-00207,Marlin Freight Shanghai Pvt. Ltd.,GU-0050,Marlin Freight Holdings,27110000,Hand tools,27000000,Tools and General Machinery,PLT-PUN,Pune Plant,APAC,India,ARIBA,NET30,Net 30,30
INV-000770,2026-02-11,2026-05-24,102,true,837423.72,USD,SUP-00012,Frontier Polymers Charlotte LLC,GU-0002,Frontier Polymers Global,44120000,Office supplies,44000000,Office Equipment and Accessories and Supplies,PLT-DET,Detroit Plant,NAMER,United States,FIELDGLASS,NET100,Net 100,100
INV-000771,2025-11-27,2025-12-30,33,true,2932171.23,USD,SUP-00075,Everest Bearing Works Queretaro Ltda.,GU-0018,Everest Bearing Works Inc.,47130000,Cleaning supplies,47000000,Cleaning Equipment and Supplies,PLT-MTY,Monterrey Plant,LATAM,Mexico,CONCUR,EOM15,End of month + 15,30
INV-000772,2025-10-16,2025-10-20,4,true,409455.19,USD,SUP-00004,Falcon Systems Chennai Co. Ltd.,GU-0001,Falcon Systems Industries,44100000,Office machines,44000000,Office Equipment and Accessories and Supplies,PLT-SHA,Shanghai Plant,APAC,China,SAP_ECC,NET05,Net 5,5
INV-000773,2025-10-25,2025-11-09,15,true,470334.74,USD,SUP-00057,Sequoia Fluid Systems Queretaro S.A.,GU-0014,Sequoia Fluid Systems Global,43210000,Computer equipment,43000000,Information Technology Broadcasting and Telecommunications,PLT-LYO,Lyon Plant,EMEA,France,SAP_ECC,NET10,Net 10,10
INV-000774,2025-09-25,2026-01-28,125,true,211433.98,USD,SUP-00038,Sequoia Fasteners Leeds Ltd.,GU-0008,Sequoia Fasteners Holdings,90120000,Travel services,90000000,Travel and Food and Lodging and Entertainment Services,PLT-STU,Stuttgart Plant,EMEA,Germany,SAP_ECC,NET120,Net 120,120
INV-000775,2026-01-24,2026-02-08,15,true,716022.12,USD,SUP-00024,Apex Supply Co Lyon AG,GU-0005,Apex Supply Co Global,31350000,Machined castings,31000000,Manufacturing Components and Supplies,PLT-ROT,Rotterdam DC,EMEA,Netherlands,SAP_S4HANA,NET14,Net 14,14
INV-000776,2025-07-21,2025-08-26,36,true,528570.27,USD,SUP-00091,Anchor Manufacturing Chennai Co. Ltd.,GU-0022,Anchor Manufacturing Global,80100000,Management consulting,80000000,Management and Business Professionals and Admin Services,PLT-PUN,Pune Plant,APAC,India,FIELDGLASS,D15N10N30,1.5% 10 Net 30,30
INV-000777,2025-11-29,2026-01-11,43,true,658849.18,USD,SUP-00006,Falcon Systems Nagoya Pte. Ltd.,GU-0001,Falcon Systems Industries,44100000,Office machines,44000000,Office Equipment and Accessories and Supplies,PLT-CHN,Chennai Plant,APAC,India,SAP_S4HANA,NET45,Net 45,45
INV-000778,2025-11-12,2025-12-14,32,true,747814.72,USD,SUP-00090,Anchor Manufacturing Chennai Ltd.,GU-0022,Anchor Manufacturing Global,80100000,Management consulting,80000000,Management and Business Professionals and Admin Services,PLT-MAN,Manchester Plant,EMEA,United Kingdom,FIELDGLASS,D15N10N30,1.5% 10 Net 30,30
INV-000779,2026-04-23,2026-05-07,14,true,963372.75,USD,SUP-00024,Apex Supply Co Lyon AG,GU-0005,Apex Supply Co Global,31350000,Machined castings,31000000,Manufacturing Components and Supplies,PLT-MAN,Manchester Plant,EMEA,United Kingdom,SAP_ECC,NET14,Net 14,14
INV-000780,2025-09-26,2026-03-06,161,true,95385.41,USD,SUP-00049,Marlin Controls Shenzhen Co. Ltd.,GU-0012,Marlin Controls Group,72100000,Facility maintenance,72000000,Building and Facility Maintenance Services,PLT-PUN,Pune Plant,APAC,India,SAP_ECC,NET150,Net 150,150
INV-000781,2025-07-15,2025-09-05,52,true,644777.43,USD,SUP-00047,Halcyon Controls Cleveland Inc.,GU-0011,Halcyon Controls Corporation,90100000,Catering and restaurants,90000000,Travel and Food and Lodging and Entertainment Services,PLT-TOR,Toronto Plant,NAMER,Canada,CONCUR,MP10,"Monthly, paid 10th",25
INV-000782,2025-09-12,2025-10-13,31,true,591838.72,USD,SUP-00017,Orion Supply Co Chennai Co. Ltd.,GU-0003,Orion Supply Co International,44120000,Office supplies,44000000,Office Equipment and Accessories and Supplies,PLT-MTY,Monterrey Plant,LATAM,Mexico,SAP_S4HANA,NET21,Net 21,21
INV-000783,2025-11-05,2025-11-13,8,true,1402407.99,USD,SUP-00060,Sequoia Fluid Systems Monterrey Ltda.,GU-0014,Sequoia Fluid Systems Global,43210000,Computer equipment,43000000,Information Technology Broadcasting and Telecommunications,PLT-STU,Stuttgart Plant,EMEA,Germany,SAP_ECC,NET10,Net 10,10
INV-000784,2026-02-06,2026-03-13,35,true,740986.65,USD,SUP-00075,Everest Bearing Works Queretaro Ltda.,GU-0018,Everest Bearing Works Inc.,44110000,Desk accessories,44000000,Office Equipment and Accessories and Supplies,PLT-MTY,Monterrey Plant,LATAM,Mexico,SAP_S4HANA,EOM15,End of month + 15,30
INV-000785,2025-08-01,2025-09-17,47,true,143799.52,USD,SUP-00006,Falcon Systems Nagoya Pte. Ltd.,GU-0001,Falcon Systems Industries,44100000,Office machines,44000000,Office Equipment and Accessories and Supplies,PLT-SNG,Singapore Hub,APAC,Singapore,SAP_S4HANA,NET45,Net 45,45
INV-000786,2025-10-20,2025-12-06,47,true,279658.46,USD,SUP-00005,Falcon Systems Singapore Pte. Ltd.,GU-0001,Falcon Systems Industries,44100000,Office machines,44000000,Office Equipment and Accessories and Supplies,PLT-PUN,Pune Plant,APAC,India,SAP_S4HANA,NET45,Net 45,45
INV-000787,2025-08-31,2025-09-22,22,true,422908.1,USD,SUP-00014,Orion Supply Co Osaka Pte. Ltd.,GU-0003,Orion Supply Co International,44120000,Office supplies,44000000,Office Equipment and Accessories and Supplies,PLT-SNG,Singapore Hub,APAC,Singapore,SAP_ECC,NET08,Net 8,8
INV-000788,2026-04-07,2026-05-06,29,true,214426.8,USD,SUP-00120,Bluepeak Services Chennai Co. Ltd.,GU-0029,Bluepeak Services Holdings,25100000,Motor vehicles,25000000,Commercial and Private Vehicles and Components,PLT-MTY,Monterrey Plant,LATAM,Mexico,CONCUR,NET25,Net 25,25
INV-000789,2026-06-28,2026-07-23,25,true,1046005.24,USD,SUP-00022,Umbra Fasteners Toronto LLC,GU-0004,Umbra Fasteners International,31160000,Hardware and fasteners,31000000,Manufacturing Components and Supplies,PLT-MTY,Monterrey Plant,LATAM,Mexico,FIELDGLASS,NET02,Net 2,2
INV-000790,2026-05-17,2026-06-12,26,true,598580.67,USD,SUP-00028,Orion Polymers Sao Paulo Ltda.,GU-0006,Orion Polymers Group,43210000,Computer equipment,43000000,Information Technology Broadcasting and Telecommunications,PLT-SNG,Singapore Hub,APAC,Singapore,SAP_S4HANA,NET05,Net 5,5
INV-000791,2026-06-23,2026-06-30,7,true,102140.26,USD,SUP-00005,Falcon Systems Singapore Pte. Ltd.,GU-0001,Falcon Systems Industries,44100000,Office machines,44000000,Office Equipment and Accessories and Supplies,PLT-MAN,Manchester Plant,EMEA,United Kingdom,SAP_S4HANA,NET05,Net 5,5
INV-000792,2025-07-27,2025-08-25,29,true,2159091.12,USD,SUP-00007,Frontier Polymers Charlotte Inc.,GU-0002,Frontier Polymers Global,31160000,Hardware and fasteners,31000000,Manufacturing Components and Supplies,PLT-TOR,Toronto Plant,NAMER,Canada,SAP_ECC,NET30,Net 30,30
INV-000793,2026-06-30,,,false,292942.68,USD,SUP-00090,Anchor Manufacturing Chennai Ltd.,GU-0022,Anchor Manufacturing Global,80100000,Management consulting,80000000,Management and Business Professionals and Admin Services,PLT-ROT,Rotterdam DC,EMEA,Netherlands,SAP_ECC,NET45,Net 45,45
INV-000794,2025-12-17,2026-02-04,49,true,482808.85,USD,SUP-00004,Falcon Systems Chennai Co. Ltd.,GU-0001,Falcon Systems Industries,44100000,Office machines,44000000,Office Equipment and Accessories and Supplies,PLT-SHA,Shanghai Plant,APAC,China,SAP_S4HANA,NET45,Net 45,45
INV-000795,2026-06-19,2026-06-22,3,true,129855.83,USD,SUP-00041,Frontier Solutions Monterrey Ltda.,GU-0009,Frontier Solutions Corporation,40170000,Compressors and blowers,40000000,Distribution and Conditioning Systems and Equipment,PLT-SHA,Shanghai Plant,APAC,China,ARIBA,NET00,Immediate / Due on receipt,0
INV-000796,2025-08-06,2025-08-21,15,true,250480.07,USD,SUP-00001,Falcon Systems Osaka Pvt. Ltd.,GU-0001,Falcon Systems Industries,44100000,Office machines,44000000,Office Equipment and Accessories and Supplies,PLT-SHA,Shanghai Plant,APAC,China,SAP_S4HANA,NET15,Net 15,15
INV-000797,2026-04-18,2026-06-19,62,true,125469.55,USD,SUP-00152,Cobalt Fabrication Queretaro Ltda.,GU-0037,Cobalt Fabrication Holdings,43210000,Computer equipment,43000000,Information Technology Broadcasting and Telecommunications,PLT-MTY,Monterrey Plant,LATAM,Mexico,ARIBA,NET60,Net 60,60
INV-000798,2025-08-27,2025-10-13,47,true,17283.6,USD,SUP-00001,Falcon Systems Osaka Pvt. Ltd.,GU-0001,Falcon Systems Industries,44100000,Office machines,44000000,Office Equipment and Accessories and Supplies,PLT-CHN,Chennai Plant,APAC,India,SAP_S4HANA,NET45,Net 45,45
INV-000799,2025-09-17,2025-10-08,21,true,609390.3,USD,SUP-00005,Falcon Systems Singapore Pte. Ltd.,GU-0001,Falcon Systems Industries,44100000,Office machines,44000000,Office Equipment and Accessories and Supplies,PLT-PUN,Pune Plant,APAC,India,SAP_ECC,NET15,Net 15,15
INV-000800,2026-02-10,2026-04-23,72,true,65686.28,USD,SUP-00014,Orion Supply Co Osaka Pte. Ltd.,GU-0003,Orion Supply Co International,90120000,Travel services,90000000,Travel and Food and Lodging and Entertainment Services,PLT-SHA,Shanghai Plant,APAC,China,CONCUR,EOM45,EOM Net 45,60
INV-000801,2025-12-12,2025-12-27,15,true,259407.66,USD,SUP-00024,Apex Supply Co Lyon AG,GU-0005,Apex Supply Co Global,31350000,Machined castings,31000000,Manufacturing Components and Supplies,PLT-STU,Stuttgart Plant,EMEA,Germany,SAP_S4HANA,NET14,Net 14,14
INV-000802,2025-07-19,2025-08-03,15,true,214222.11,USD,SUP-00011,Frontier Polymers Montreal Co.,GU-0002,Frontier Polymers Global,44120000,Office supplies,44000000,Office Equipment and Accessories and Supplies,PLT-MAN,Manchester Plant,EMEA,United Kingdom,SAP_ECC,D1N10N30,1% 10 Net 30,30
INV-000803,2026-05-22,2026-05-29,7,true,124542.04,USD,SUP-00011,Frontier Polymers Montreal Co.,GU-0002,Frontier Polymers Global,31160000,Hardware and fasteners,31000000,Manufacturing Components and Supplies,PLT-TOR,Toronto Plant,NAMER,Canada,SAP_ECC,NET08,Net 8,8
INV-000804,2026-01-05,2026-02-10,36,true,729089.14,USD,SUP-00008,Frontier Polymers Detroit Corp.,GU-0002,Frontier Polymers Global,31160000,Hardware and fasteners,31000000,Manufacturing Components and Supplies,PLT-ROT,Rotterdam DC,EMEA,Netherlands,ARIBA,NET30,Net 30,30
INV-000805,2026-02-17,2026-04-21,63,true,160448.01,USD,SUP-00093,Dynamo Freight Leeds AG,GU-0023,Dynamo Freight Inc.,44110000,Desk accessories,44000000,Office Equipment and Accessories and Supplies,PLT-HOU,Houston Plant,NAMER,United States,SAP_S4HANA,NET60,Net 60,60
INV-000806,2026-06-03,,,false,1691713.08,USD,SUP-00018,Orion Supply Co Shanghai Pte. Ltd.,GU-0003,Orion Supply Co International,43190000,Communications devices,43000000,Information Technology Broadcasting and Telecommunications,PLT-SHA,Shanghai Plant,APAC,China,ARIBA,EOM45,EOM Net 45,60
INV-000807,2025-12-01,2025-12-02,1,true,1058975.79,USD,SUP-00071,Redwood Controls Chennai Ltd.,GU-0017,Redwood Controls Inc.,31160000,Hardware and fasteners,31000000,Manufacturing Components and Supplies,PLT-SHA,Shanghai Plant,APAC,China,SAP_ECC,NET02,Net 2,2
INV-000808,2026-06-14,2026-08-10,57,true,823400.23,USD,SUP-00151,Talon Fabrication Lille S.A.,GU-0036,Talon Fabrication Inc.,84120000,Banking and finance services,84000000,Financial and Insurance Services,PLT-STU,Stuttgart Plant,EMEA,Germany,ARIBA,NET30,Net 30,30
INV-000809,2026-05-10,,,false,219505.73,USD,SUP-00004,Falcon Systems Chennai Co. Ltd.,GU-0001,Falcon Systems Industries,44100000,Office machines,44000000,Office Equipment and Accessories and Supplies,PLT-SNG,Singapore Hub,APAC,Singapore,SAP_S4HANA,NET45,Net 45,45
INV-000810,2025-12-30,2026-02-17,49,true,201653.03,USD,SUP-00001,Falcon Systems Osaka Pvt. Ltd.,GU-0001,Falcon Systems Industries,,,,,PLT-SNG,Singapore Hub,APAC,Singapore,FIELDGLASS,NET45,Net 45,45
INV-000811,2025-09-16,2025-10-02,16,true,380486.89,USD,SUP-00028,Orion Polymers Sao Paulo Ltda.,GU-0006,Orion Polymers Group,43210000,Computer equipment,43000000,Information Technology Broadcasting and Telecommunications,PLT-SAO,Sao Paulo Plant,LATAM,Brazil,SAP_S4HANA,NET05,Net 5,5
INV-000812,2025-09-14,2025-09-22,8,true,310257.21,USD,SUP-00024,Apex Supply Co Lyon AG,GU-0005,Apex Supply Co Global,31350000,Machined castings,31000000,Manufacturing Components and Supplies,PLT-STU,Stuttgart Plant,EMEA,Germany,SAP_S4HANA,NET14,Net 14,14
INV-000813,2025-08-13,2025-09-29,47,true,295889.77,USD,SUP-00017,Orion Supply Co Chennai Co. Ltd.,GU-0003,Orion Supply Co International,43190000,Communications devices,43000000,Information Technology Broadcasting and Telecommunications,PLT-SNG,Singapore Hub,APAC,Singapore,SAP_S4HANA,MP25,"Monthly, paid 25th",40
INV-000814,2026-03-11,2026-03-15,4,true,285057.61,USD,SUP-00204,Windward Automation Chennai Pte. Ltd.,GU-0049,Windward Automation Corporation,76120000,Waste management,76000000,Industrial Cleaning Services,PLT-DET,Detroit Plant,NAMER,United States,FIELDGLASS,NET00,Immediate / Due on receipt,0
INV-000815,2025-07-21,2025-09-10,51,true,780343.47,USD,SUP-00020,Umbra Fasteners Houston Corp.,GU-0004,Umbra Fasteners International,31160000,Hardware and fasteners,31000000,Manufacturing Components and Supplies,PLT-HOU,Houston Plant,NAMER,United States,SAP_S4HANA,D15N10N30,1.5% 10 Net 30,30
INV-000816,2026-01-15,2026-02-19,35,true,645558.88,USD,SUP-00101,Emerald Energy Queretaro S.A. de C.V.,GU-0025,Emerald Energy Industries,,,,,PLT-MTY,Monterrey Plant,LATAM,Mexico,SAP_S4HANA,NET30,Net 30,30
INV-000817,2026-06-09,,,false,175187.8,USD,SUP-00009,Frontier Polymers Montreal Inc.,GU-0002,Frontier Polymers Global,31160000,Hardware and fasteners,31000000,Manufacturing Components and Supplies,PLT-HOU,Houston Plant,NAMER,United States,ARIBA,D15N10N30,1.5% 10 Net 30,30
INV-000818,2025-08-08,2025-09-05,28,true,243226.35,USD,SUP-00072,Everest Bearing Works Campinas S.A. de C.V.,GU-0018,Everest Bearing Works Inc.,44110000,Desk accessories,44000000,Office Equipment and Accessories and Supplies,PLT-MAN,Manchester Plant,EMEA,United Kingdom,ARIBA,EOM15,End of month + 15,30
INV-000819,2025-08-11,2025-08-27,16,true,101421.74,USD,SUP-00015,Orion Supply Co Osaka Pvt. Ltd.,GU-0003,Orion Supply Co International,43190000,Communications devices,43000000,Information Technology Broadcasting and Telecommunications,PLT-SNG,Singapore Hub,APAC,Singapore,SAP_S4HANA,NET08,Net 8,8
INV-000820,2025-10-04,2025-11-04,31,true,246318.14,USD,SUP-00048,Halcyon Controls Charlotte Co.,GU-0011,Halcyon Controls Corporation,90100000,Catering and restaurants,90000000,Travel and Food and Lodging and Entertainment Services,PLT-CLT,Charlotte Plant,NAMER,United States,SAP_S4HANA,MP10,"Monthly, paid 10th",25
INV-000821,2025-09-02,2025-10-01,29,true,505934.08,USD,SUP-00019,Umbra Fasteners Charlotte Co.,GU-0004,Umbra Fasteners International,31160000,Hardware and fasteners,31000000,Manufacturing Components and Supplies,PLT-DET,Detroit Plant,NAMER,United States,SAP_S4HANA,NET21,Net 21,21
INV-000822,2025-11-01,2026-03-12,131,true,355196.77,USD,SUP-00039,Sequoia Fasteners Lille Ltd.,GU-0008,Sequoia Fasteners Holdings,90120000,Travel services,90000000,Travel and Food and Lodging and Entertainment Services,PLT-LYO,Lyon Plant,EMEA,France,CONCUR,NET120,Net 120,120
INV-000823,2025-08-10,2025-09-30,51,true,11680515.42,USD,SUP-00056,Sequoia Fluid Systems Campinas S.A.,GU-0014,Sequoia Fluid Systems Global,40170000,Compressors and blowers,40000000,Distribution and Conditioning Systems and Equipment,PLT-SAO,Sao Paulo Plant,LATAM,Brazil,SAP_S4HANA,NET45,Net 45,45
INV-000824,2026-03-03,2026-03-11,8,true,244083.89,USD,SUP-00064,Yellowstone Solutions Sao Paulo S.A. de C.V.,GU-0015,Yellowstone Solutions Global,31160000,Hardware and fasteners,31000000,Manufacturing Components and Supplies,PLT-MTY,Monterrey Plant,LATAM,Mexico,SAP_ECC,WEEKLY,Weekly settlement,7
INV-000825,2026-01-23,2026-03-04,40,true,197757.98,USD,SUP-00052,Apex Chemicals Sao Paulo S.A.,GU-0013,Apex Chemicals Corporation,27140000,Hydraulic machinery,27000000,Tools and General Machinery,PLT-DET,Detroit Plant,NAMER,United States,SAP_S4HANA,NET35,Net 35,35
INV-000826,2026-06-04,,,false,528134.44,USD,SUP-00002,Falcon Systems Bengaluru Pte. Ltd.,GU-0001,Falcon Systems Industries,44100000,Office machines,44000000,Office Equipment and Accessories and Supplies,PLT-PUN,Pune Plant,APAC,India,SAP_ECC,NET15,Net 15,15
INV-000827,2025-10-25,2025-12-31,67,true,91458.6,USD,SUP-00008,Frontier Polymers Detroit Corp.,GU-0002,Frontier Polymers Global,,,,,PLT-CLT,Charlotte Plant,NAMER,United States,SAP_S4HANA,NET60,Net 60,60
INV-000828,2026-03-02,2026-04-01,30,true,237328.94,USD,SUP-00093,Dynamo Freight Leeds AG,GU-0023,Dynamo Freight Inc.,44120000,Office supplies,44000000,Office Equipment and Accessories and Supplies,PLT-STU,Stuttgart Plant,EMEA,Germany,SAP_ECC,D1N10N30,1% 10 Net 30,30
INV-000829,2025-11-22,2026-02-06,76,true,287703.29,USD,SUP-00165,Umbra Bearing Works Munich Ltd.,GU-0040,Umbra Bearing Works Inc.,72150000,Building repair services,72000000,Building and Facility Maintenance Services,PLT-STU,Stuttgart Plant,EMEA,Germany,FIELDGLASS,NET90,Net 90,90
INV-000830,2025-12-08,2026-05-22,165,true,3974482.49,USD,SUP-00028,Orion Polymers Sao Paulo Ltda.,GU-0006,Orion Polymers Group,31200000,Adhesives and sealants,31000000,Manufacturing Components and Supplies,PLT-STU,Stuttgart Plant,EMEA,Germany,ARIBA,NET150,Net 150,150
INV-000831,2025-11-05,,,false,327749.21,USD,SUP-00043,Zenith Bearings Monterrey Ltda.,GU-0010,Zenith Bearings Industries,76120000,Waste management,76000000,Industrial Cleaning Services,PLT-TOR,Toronto Plant,NAMER,Canada,SAP_S4HANA,NET40,Net 40,40
INV-000832,2025-11-14,2025-12-24,40,true,200390.42,USD,SUP-00055,Apex Chemicals Campinas S.A.,GU-0013,Apex Chemicals Corporation,84120000,Banking and finance services,84000000,Financial and Insurance Services,PLT-MTY,Monterrey Plant,LATAM,Mexico,ARIBA,NET35,Net 35,35
INV-000833,2026-05-14,2026-05-27,13,true,291905.04,USD,SUP-00048,Halcyon Controls Charlotte Co.,GU-0011,Halcyon Controls Corporation,90100000,Catering and restaurants,90000000,Travel and Food and Lodging and Entertainment Services,PLT-DET,Detroit Plant,NAMER,United States,CONCUR,MP10,"Monthly, paid 10th",25
INV-000834,2026-03-16,2026-04-09,24,true,52388.18,USD,SUP-00024,Apex Supply Co Lyon AG,GU-0005,Apex Supply Co Global,31350000,Machined castings,31000000,Manufacturing Components and Supplies,PLT-HOU,Houston Plant,NAMER,United States,ARIBA,NET14,Net 14,14
INV-000835,2026-02-24,2026-03-11,15,true,162037.29,USD,SUP-00003,Falcon Systems Osaka Pte. Ltd.,GU-0001,Falcon Systems Industries,44100000,Office machines,44000000,Office Equipment and Accessories and Supplies,PLT-PUN,Pune Plant,APAC,India,FIELDGLASS,NET15,Net 15,15
INV-000836,2025-07-27,2025-09-04,39,true,831905.34,USD,SUP-00014,Orion Supply Co Osaka Pte. Ltd.,GU-0003,Orion Supply Co International,44120000,Office supplies,44000000,Office Equipment and Accessories and Supplies,PLT-PUN,Pune Plant,APAC,India,SAP_S4HANA,NET21,Net 21,21
INV-000837,2026-05-26,2026-07-10,45,true,184650.22,USD,SUP-00049,Marlin Controls Shenzhen Co. Ltd.,GU-0012,Marlin Controls Group,72100000,Facility maintenance,72000000,Building and Facility Maintenance Services,PLT-SHA,Shanghai Plant,APAC,China,SAP_S4HANA,MP25,"Monthly, paid 25th",40
INV-000838,2025-12-30,2026-01-05,6,true,115225.93,USD,SUP-00001,Falcon Systems Osaka Pvt. Ltd.,GU-0001,Falcon Systems Industries,44100000,Office machines,44000000,Office Equipment and Accessories and Supplies,PLT-SHA,Shanghai Plant,APAC,China,SAP_ECC,NET05,Net 5,5
INV-000839,2025-09-20,2025-10-05,15,true,193353.5,USD,SUP-00024,Apex Supply Co Lyon AG,GU-0005,Apex Supply Co Global,31350000,Machined castings,31000000,Manufacturing Components and Supplies,PLT-STU,Stuttgart Plant,EMEA,Germany,ARIBA,NET14,Net 14,14
INV-000840,2026-01-15,,,false,766257.47,USD,SUP-00001,Falcon Systems Osaka Pvt. Ltd.,GU-0001,Falcon Systems Industries,44100000,Office machines,44000000,Office Equipment and Accessories and Supplies,PLT-PUN,Pune Plant,APAC,India,ARIBA,NET05,Net 5,5
INV-000841,2025-07-04,2025-07-26,22,true,253639.41,USD,SUP-00022,Umbra Fasteners Toronto LLC,GU-0004,Umbra Fasteners International,31160000,Hardware and fasteners,31000000,Manufacturing Components and Supplies,PLT-HOU,Houston Plant,NAMER,United States,SAP_ECC,NET07,Net 7,7
INV-000842,2026-03-19,2026-04-19,31,true,179391.46,USD,SUP-00083,Silverline Fabrication Pune Pte. Ltd.,GU-0020,Silverline Fabrication Industries,25100000,Motor vehicles,25000000,Commercial and Private Vehicles and Components,PLT-CHN,Chennai Plant,APAC,India,ARIBA,NET45,Net 45,45
INV-000843,2025-10-13,2025-12-12,60,true,6394268.03,USD,SUP-00018,Orion Supply Co Shanghai Pte. Ltd.,GU-0003,Orion Supply Co International,43190000,Communications devices,43000000,Information Technology Broadcasting and Telecommunications,PLT-MAN,Manchester Plant,EMEA,United Kingdom,SAP_S4HANA,MP25,"Monthly, paid 25th",40
INV-000844,2026-05-17,2026-07-13,57,true,1668531.1,USD,SUP-00027,Orion Polymers Queretaro Ltda.,GU-0006,Orion Polymers Group,43210000,Computer equipment,43000000,Information Technology Broadcasting and Telecommunications,PLT-MTY,Monterrey Plant,LATAM,Mexico,ARIBA,NET30,Net 30,30
INV-000845,2026-03-03,2026-04-19,47,true,220644.44,USD,SUP-00006,Falcon Systems Nagoya Pte. Ltd.,GU-0001,Falcon Systems Industries,44100000,Office machines,44000000,Office Equipment and Accessories and Supplies,PLT-MTY,Monterrey Plant,LATAM,Mexico,ARIBA,NET45,Net 45,45
INV-000846,2025-07-01,2025-07-19,18,true,106790.16,USD,SUP-00005,Falcon Systems Singapore Pte. Ltd.,GU-0001,Falcon Systems Industries,44100000,Office machines,44000000,Office Equipment and Accessories and Supplies,PLT-MTY,Monterrey Plant,LATAM,Mexico,SAP_S4HANA,NET15,Net 15,15
INV-000847,2025-08-31,2025-10-18,48,true,116699.25,USD,SUP-00004,Falcon Systems Chennai Co. Ltd.,GU-0001,Falcon Systems Industries,44100000,Office machines,44000000,Office Equipment and Accessories and Supplies,PLT-SHA,Shanghai Plant,APAC,China,ARIBA,NET45,Net 45,45
INV-000848,2025-10-29,2025-11-02,4,true,167519.55,USD,SUP-00070,Redwood Controls Singapore Pte. Ltd.,GU-0017,Redwood Controls Inc.,31160000,Hardware and fasteners,31000000,Manufacturing Components and Supplies,PLT-PUN,Pune Plant,APAC,India,SAP_ECC,NET02,Net 2,2
INV-000849,2026-02-24,2026-04-13,48,true,218736.62,USD,SUP-00006,Falcon Systems Nagoya Pte. Ltd.,GU-0001,Falcon Systems Industries,44100000,Office machines,44000000,Office Equipment and Accessories and Supplies,PLT-PUN,Pune Plant,APAC,India,ARIBA,NET45,Net 45,45
INV-000850,2025-10-05,,,false,143406.74,USD,SUP-00009,Frontier Polymers Montreal Inc.,GU-0002,Frontier Polymers Global,31160000,Hardware and fasteners,31000000,Manufacturing Components and Supplies,PLT-SAO,Sao Paulo Plant,LATAM,Brazil,SAP_ECC,NET07,Net 7,7
INV-000851,2026-01-03,2026-04-12,99,true,58641.99,USD,SUP-00100,Emerald Energy Sao Paulo S.A. de C.V.,GU-0025,Emerald Energy Industries,44120000,Office supplies,44000000,Office Equipment and Accessories and Supplies,PLT-PUN,Pune Plant,APAC,India,FIELDGLASS,NET100,Net 100,100
INV-000852,2025-12-25,2026-01-27,33,true,799199.91,USD,SUP-00049,Marlin Controls Shenzhen Co. Ltd.,GU-0012,Marlin Controls Group,72100000,Facility maintenance,72000000,Building and Facility Maintenance Services,PLT-CHN,Chennai Plant,APAC,India,SAP_ECC,D1N10N30,1% 10 Net 30,30
INV-000853,2026-04-03,2026-06-06,64,true,412834.66,USD,SUP-00016,Orion Supply Co Nagoya Pvt. Ltd.,GU-0003,Orion Supply Co International,44120000,Office supplies,44000000,Office Equipment and Accessories and Supplies,PLT-CHN,Chennai Plant,APAC,India,SAP_ECC,NET60,Net 60,60
INV-000854,2026-06-20,2026-07-22,32,true,249822.95,USD,SUP-00033,Vantage Technologies Turin AG,GU-0007,Vantage Technologies Inc.,84120000,Banking and finance services,84000000,Financial and Insurance Services,PLT-MAN,Manchester Plant,EMEA,United Kingdom,CONCUR,NET30,Net 30,30
INV-000855,2026-06-29,2026-07-16,17,true,939754.3,USD,SUP-00024,Apex Supply Co Lyon AG,GU-0005,Apex Supply Co Global,31350000,Machined castings,31000000,Manufacturing Components and Supplies,PLT-STU,Stuttgart Plant,EMEA,Germany,FIELDGLASS,NET14,Net 14,14
INV-000856,2026-05-26,2026-06-09,14,true,205829.09,USD,SUP-00024,Apex Supply Co Lyon AG,GU-0005,Apex Supply Co Global,31350000,Machined castings,31000000,Manufacturing Components and Supplies,PLT-SHA,Shanghai Plant,APAC,China,SAP_S4HANA,NET14,Net 14,14
INV-000857,2026-01-24,2026-03-14,49,true,120801.55,USD,SUP-00005,Falcon Systems Singapore Pte. Ltd.,GU-0001,Falcon Systems Industries,44100000,Office machines,44000000,Office Equipment and Accessories and Supplies,PLT-SHA,Shanghai Plant,APAC,China,SAP_S4HANA,NET45,Net 45,45
INV-000858,2025-12-31,2026-01-04,4,true,445220.41,USD,SUP-00008,Frontier Polymers Detroit Corp.,GU-0002,Frontier Polymers Global,31160000,Hardware and fasteners,31000000,Manufacturing Components and Supplies,PLT-DET,Detroit Plant,NAMER,United States,SAP_S4HANA,NET02,Net 2,2
INV-000859,2025-11-08,2025-12-09,31,true,5624856.4,USD,SUP-00032,Vantage Technologies Lyon GmbH,GU-0007,Vantage Technologies Inc.,39130000,Electrical hardware,39000000,Electrical Systems and Lighting and Components,PLT-STU,Stuttgart Plant,EMEA,Germany,SAP_ECC,EOM15,End of month + 15,30
INV-000860,2025-08-14,2025-09-15,32,true,411370.49,USD,SUP-00031,Vantage Technologies Milan S.p.A.,GU-0007,Vantage Technologies Inc.,72100000,Facility maintenance,72000000,Building and Facility Maintenance Services,PLT-MAN,Manchester Plant,EMEA,United Kingdom,SAP_ECC,EOM15,End of month + 15,30
INV-000861,2026-06-26,,,false,2053381.05,USD,SUP-00135,Titan Industrial Supply Singapore Pte. Ltd.,GU-0033,Titan Industrial Supply International,80110000,HR services,80000000,Management and Business Professionals and Admin Services,PLT-PUN,Pune Plant,APAC,India,FIELDGLASS,MP10,"Monthly, paid 10th",25
INV-000862,2026-04-01,2026-05-17,46,true,253223.57,USD,SUP-00006,Falcon Systems Nagoya Pte. Ltd.,GU-0001,Falcon Systems Industries,44100000,Office machines,44000000,Office Equipment and Accessories and Supplies,PLT-CHN,Chennai Plant,APAC,India,FIELDGLASS,NET45,Net 45,45
INV-000863,2025-08-09,,,false,131821.85,USD,SUP-00008,Frontier Polymers Detroit Corp.,GU-0002,Frontier Polymers Global,,,,,PLT-SAO,Sao Paulo Plant,LATAM,Brazil,ARIBA,NET60,Net 60,60
INV-000864,2026-03-10,2026-04-08,29,true,78518.56,USD,SUP-00073,Everest Bearing Works Campinas Ltda.,GU-0018,Everest Bearing Works Inc.,47130000,Cleaning supplies,47000000,Cleaning Equipment and Supplies,PLT-CLT,Charlotte Plant,NAMER,United States,FIELDGLASS,EOM15,End of month + 15,30
INV-000865,2026-03-26,2026-05-11,46,true,588294.6,USD,SUP-00002,Falcon Systems Bengaluru Pte. Ltd.,GU-0001,Falcon Systems Industries,44100000,Office machines,44000000,Office Equipment and Accessories and Supplies,PLT-PUN,Pune Plant,APAC,India,SAP_S4HANA,NET45,Net 45,45
INV-000866,2025-11-02,2025-12-19,47,true,150863.23,USD,SUP-00047,Halcyon Controls Cleveland Inc.,GU-0011,Halcyon Controls Corporation,31350000,Machined castings,31000000,Manufacturing Components and Supplies,PLT-HOU,Houston Plant,NAMER,United States,SAP_ECC,NET45,Net 45,45
INV-000867,2025-08-29,2025-10-30,62,true,217722.25,USD,SUP-00017,Orion Supply Co Chennai Co. Ltd.,GU-0003,Orion Supply Co International,44120000,Office supplies,44000000,Office Equipment and Accessories and Supplies,PLT-CLT,Charlotte Plant,NAMER,United States,SAP_S4HANA,MP25,"Monthly, paid 25th",40
INV-000868,2025-11-02,2025-12-22,50,true,65073.56,USD,SUP-00001,Falcon Systems Osaka Pvt. Ltd.,GU-0001,Falcon Systems Industries,44100000,Office machines,44000000,Office Equipment and Accessories and Supplies,PLT-PUN,Pune Plant,APAC,India,SAP_S4HANA,NET45,Net 45,45
INV-000869,2025-08-04,2025-12-07,125,true,14343.63,USD,SUP-00018,Orion Supply Co Shanghai Pte. Ltd.,GU-0003,Orion Supply Co International,43190000,Communications devices,43000000,Information Technology Broadcasting and Telecommunications,PLT-SHA,Shanghai Plant,APAC,China,SAP_S4HANA,EOM90,End of month + 90,105
INV-000870,2026-01-19,2026-02-24,36,true,1623589.29,USD,SUP-00030,Vantage Technologies Lyon GmbH,GU-0007,Vantage Technologies Inc.,72100000,Facility maintenance,72000000,Building and Facility Maintenance Services,PLT-STU,Stuttgart Plant,EMEA,Germany,SAP_ECC,EOM15,End of month + 15,30
INV-000871,2025-11-25,2025-12-09,14,true,188226.79,USD,SUP-00005,Falcon Systems Singapore Pte. Ltd.,GU-0001,Falcon Systems Industries,44100000,Office machines,44000000,Office Equipment and Accessories and Supplies,PLT-CHN,Chennai Plant,APAC,India,SAP_ECC,NET15,Net 15,15
INV-000872,2026-04-01,2026-04-12,11,true,5563253.55,USD,SUP-00062,Yellowstone Solutions Queretaro Ltda.,GU-0015,Yellowstone Solutions Global,40160000,HVAC equipment,40000000,Distribution and Conditioning Systems and Equipment,PLT-DET,Detroit Plant,NAMER,United States,SAP_ECC,WEEKLY,Weekly settlement,7
INV-000873,2026-03-30,2026-07-23,115,true,370211.38,USD,SUP-00023,Umbra Fasteners Detroit Corp.,GU-0004,Umbra Fasteners International,31160000,Hardware and fasteners,31000000,Manufacturing Components and Supplies,PLT-SAO,Sao Paulo Plant,LATAM,Brazil,SAP_S4HANA,NET100,Net 100,100
INV-000874,2025-10-07,2025-10-30,23,true,638883.11,USD,SUP-00021,Umbra Fasteners Montreal Co.,GU-0004,Umbra Fasteners International,44120000,Office supplies,44000000,Office Equipment and Accessories and Supplies,PLT-TOR,Toronto Plant,NAMER,Canada,SAP_S4HANA,NET02,Net 2,2
INV-000875,2026-06-17,2026-10-18,123,true,971617.75,USD,SUP-00018,Orion Supply Co Shanghai Pte. Ltd.,GU-0003,Orion Supply Co International,90120000,Travel services,90000000,Travel and Food and Lodging and Entertainment Services,PLT-SNG,Singapore Hub,APAC,Singapore,CONCUR,EOM90,End of month + 90,105
INV-000876,2026-05-28,2026-06-17,20,true,461950.26,USD,SUP-00006,Falcon Systems Nagoya Pte. Ltd.,GU-0001,Falcon Systems Industries,44100000,Office machines,44000000,Office Equipment and Accessories and Supplies,PLT-CHN,Chennai Plant,APAC,India,SAP_ECC,NET15,Net 15,15
INV-000877,2026-04-08,2026-05-08,30,true,777877.55,USD,SUP-00145,Halcyon Tooling Manchester AG,GU-0035,Halcyon Tooling International,44120000,Office supplies,44000000,Office Equipment and Accessories and Supplies,PLT-ROT,Rotterdam DC,EMEA,Netherlands,SAP_ECC,D1N10N30,1% 10 Net 30,30
INV-000878,2025-10-01,2025-11-16,46,true,203556.13,USD,SUP-00001,Falcon Systems Osaka Pvt. Ltd.,GU-0001,Falcon Systems Industries,44100000,Office machines,44000000,Office Equipment and Accessories and Supplies,PLT-PUN,Pune Plant,APAC,India,SAP_ECC,NET45,Net 45,45
INV-000879,2025-11-23,2026-03-20,117,true,256958.05,USD,SUP-00013,Orion Supply Co Osaka Pvt. Ltd.,GU-0003,Orion Supply Co International,90120000,Travel services,90000000,Travel and Food and Lodging and Entertainment Services,PLT-STU,Stuttgart Plant,EMEA,Germany,CONCUR,EOM90,End of month + 90,105
INV-000880,2026-01-13,2026-02-28,46,true,93950.39,USD,SUP-00085,Orion Automation Queretaro S.A. de C.V.,GU-0021,Orion Automation International,,,,,PLT-SAO,Sao Paulo Plant,LATAM,Brazil,SAP_S4HANA,NET45,Net 45,45
INV-000881,2025-09-23,2025-11-01,39,true,653441.24,USD,SUP-00053,Apex Chemicals Sao Paulo S.A. de C.V.,GU-0013,Apex Chemicals Corporation,27140000,Hydraulic machinery,27000000,Tools and General Machinery,PLT-MTY,Monterrey Plant,LATAM,Mexico,SAP_S4HANA,NET35,Net 35,35
INV-000882,2025-07-12,2025-08-11,30,true,1006172.69,USD,SUP-00089,Anchor Manufacturing Bengaluru Co. Ltd.,GU-0022,Anchor Manufacturing Global,80100000,Management consulting,80000000,Management and Business Professionals and Admin Services,PLT-STU,Stuttgart Plant,EMEA,Germany,ARIBA,D15N10N30,1.5% 10 Net 30,30
INV-000883,2025-09-12,2025-09-24,12,true,948406.94,USD,SUP-00024,Apex Supply Co Lyon AG,GU-0005,Apex Supply Co Global,,,,,PLT-STU,Stuttgart Plant,EMEA,Germany,SAP_S4HANA,NET14,Net 14,14
INV-000884,2025-07-13,2025-07-24,11,true,408499.51,USD,SUP-00010,Frontier Polymers Charlotte LLC,GU-0002,Frontier Polymers Global,44120000,Office supplies,44000000,Office Equipment and Accessories and Supplies,PLT-HOU,Houston Plant,NAMER,United States,SAP_S4HANA,NET04,Net 4,4
INV-000885,2026-02-03,2026-02-05,2,true,126278.58,USD,SUP-00047,Halcyon Controls Cleveland Inc.,GU-0011,Halcyon Controls Corporation,31350000,Machined castings,31000000,Manufacturing Components and Supplies,PLT-HOU,Houston Plant,NAMER,United States,SAP_ECC,MP10,"Monthly, paid 10th",25
INV-000886,2025-08-16,2025-08-31,15,true,294915.56,USD,SUP-00005,Falcon Systems Singapore Pte. Ltd.,GU-0001,Falcon Systems Industries,44100000,Office machines,44000000,Office Equipment and Accessories and Supplies,PLT-SHA,Shanghai Plant,APAC,China,SAP_ECC,NET05,Net 5,5
INV-000887,2025-10-04,2025-11-20,47,true,93163,USD,SUP-00005,Falcon Systems Singapore Pte. Ltd.,GU-0001,Falcon Systems Industries,44100000,Office machines,44000000,Office Equipment and Accessories and Supplies,PLT-SHA,Shanghai Plant,APAC,China,SAP_S4HANA,NET45,Net 45,45
INV-000888,2025-10-09,2026-02-10,124,true,370014.66,USD,SUP-00036,Sequoia Fasteners Munich S.p.A.,GU-0008,Sequoia Fasteners Holdings,90120000,Travel services,90000000,Travel and Food and Lodging and Entertainment Services,PLT-LYO,Lyon Plant,EMEA,France,CONCUR,NET120,Net 120,120
INV-000889,2025-07-05,2025-08-23,49,true,129496.44,USD,SUP-00066,Harbor Packaging Campinas S.A.,GU-0016,Harbor Packaging Holdings,44120000,Office supplies,44000000,Office Equipment and Accessories and Supplies,PLT-MTY,Monterrey Plant,LATAM,Mexico,ARIBA,D15N10N30,1.5% 10 Net 30,30
INV-000890,2025-11-20,2025-12-29,39,true,668663.47,USD,SUP-00014,Orion Supply Co Osaka Pte. Ltd.,GU-0003,Orion Supply Co International,43190000,Communications devices,43000000,Information Technology Broadcasting and Telecommunications,PLT-PUN,Pune Plant,APAC,India,SAP_ECC,D15N10N30,1.5% 10 Net 30,30
INV-000891,2026-03-08,2026-04-21,44,true,321115.95,USD,SUP-00005,Falcon Systems Singapore Pte. Ltd.,GU-0001,Falcon Systems Industries,44100000,Office machines,44000000,Office Equipment and Accessories and Supplies,PLT-CHN,Chennai Plant,APAC,India,CONCUR,NET45,Net 45,45
INV-000892,2026-01-25,2026-04-14,79,true,1519191.63,USD,SUP-00152,Cobalt Fabrication Queretaro Ltda.,GU-0037,Cobalt Fabrication Holdings,43210000,Computer equipment,43000000,Information Technology Broadcasting and Telecommunications,PLT-HOU,Houston Plant,NAMER,United States,SAP_S4HANA,NET75,Net 75,75
INV-000893,2025-09-14,2025-10-02,18,true,273377.3,USD,SUP-00007,Frontier Polymers Charlotte Inc.,GU-0002,Frontier Polymers Global,31160000,Hardware and fasteners,31000000,Manufacturing Components and Supplies,PLT-HOU,Houston Plant,NAMER,United States,SAP_S4HANA,D2N15N45,2% 15 Net 45,45
INV-000894,2026-02-23,2026-04-15,51,true,110656.7,USD,SUP-00002,Falcon Systems Bengaluru Pte. Ltd.,GU-0001,Falcon Systems Industries,44100000,Office machines,44000000,Office Equipment and Accessories and Supplies,PLT-SNG,Singapore Hub,APAC,Singapore,SAP_S4HANA,NET45,Net 45,45
INV-000895,2026-03-20,2026-03-28,8,true,208536.83,USD,SUP-00009,Frontier Polymers Montreal Inc.,GU-0002,Frontier Polymers Global,44120000,Office supplies,44000000,Office Equipment and Accessories and Supplies,PLT-DET,Detroit Plant,NAMER,United States,SAP_S4HANA,NET04,Net 4,4
INV-000896,2026-03-18,2026-03-30,12,true,118267.52,USD,SUP-00011,Frontier Polymers Montreal Co.,GU-0002,Frontier Polymers Global,31160000,Hardware and fasteners,31000000,Manufacturing Components and Supplies,PLT-DET,Detroit Plant,NAMER,United States,SAP_S4HANA,NET10,Net 10,10
INV-000897,2026-02-10,2026-02-17,7,true,774961.93,USD,SUP-00071,Redwood Controls Chennai Ltd.,GU-0017,Redwood Controls Inc.,31160000,Hardware and fasteners,31000000,Manufacturing Components and Supplies,PLT-CLT,Charlotte Plant,NAMER,United States,SAP_ECC,NET07,Net 7,7
INV-000898,2025-11-14,2026-03-03,109,true,45400.11,USD,SUP-00020,Umbra Fasteners Houston Corp.,GU-0004,Umbra Fasteners International,44120000,Office supplies,44000000,Office Equipment and Accessories and Supplies,PLT-CLT,Charlotte Plant,NAMER,United States,SAP_S4HANA,NET100,Net 100,100
INV-000899,2026-02-04,2026-03-24,48,true,212093.51,USD,SUP-00001,Falcon Systems Osaka Pvt. Ltd.,GU-0001,Falcon Systems Industries,44100000,Office machines,44000000,Office Equipment and Accessories and Supplies,PLT-ROT,Rotterdam DC,EMEA,Netherlands,ARIBA,NET45,Net 45,45
INV-000900,2025-08-10,2025-08-21,11,true,1722611.6,USD,SUP-00010,Frontier Polymers Charlotte LLC,GU-0002,Frontier Polymers Global,31160000,Hardware and fasteners,31000000,Manufacturing Components and Supplies,PLT-HOU,Houston Plant,NAMER,United States,SAP_ECC,D2N10N45,2% 10 Net 45,45
INV-000901,2025-12-17,2026-01-12,26,true,269081.74,USD,SUP-00010,Frontier Polymers Charlotte LLC,GU-0002,Frontier Polymers Global,44120000,Office supplies,44000000,Office Equipment and Accessories and Supplies,PLT-MAN,Manchester Plant,EMEA,United Kingdom,SAP_ECC,NET25,Net 25,25
INV-000902,2026-03-18,2026-03-24,6,true,783538.29,USD,SUP-00011,Frontier Polymers Montreal Co.,GU-0002,Frontier Polymers Global,31160000,Hardware and fasteners,31000000,Manufacturing Components and Supplies,PLT-DET,Detroit Plant,NAMER,United States,ARIBA,NET07,Net 7,7
INV-000903,2026-01-02,2026-01-17,15,true,262126.48,USD,SUP-00024,Apex Supply Co Lyon AG,GU-0005,Apex Supply Co Global,31350000,Machined castings,31000000,Manufacturing Components and Supplies,PLT-MAN,Manchester Plant,EMEA,United Kingdom,SAP_ECC,NET14,Net 14,14
INV-000904,2026-01-29,2026-04-19,80,true,180076.8,USD,SUP-00158,Windward Machinery Osaka Co. Ltd.,GU-0038,Windward Machinery Group,47130000,Cleaning supplies,47000000,Cleaning Equipment and Supplies,PLT-PUN,Pune Plant,APAC,India,SAP_S4HANA,NET75,Net 75,75
INV-000905,2026-05-09,2026-06-20,42,true,432463.72,USD,SUP-00004,Falcon Systems Chennai Co. Ltd.,GU-0001,Falcon Systems Industries,44100000,Office machines,44000000,Office Equipment and Accessories and Supplies,PLT-SNG,Singapore Hub,APAC,Singapore,SAP_S4HANA,NET45,Net 45,45
INV-000906,2026-06-23,2026-08-06,44,true,176424.02,USD,SUP-00006,Falcon Systems Nagoya Pte. Ltd.,GU-0001,Falcon Systems Industries,,,,,PLT-SNG,Singapore Hub,APAC,Singapore,SAP_S4HANA,NET45,Net 45,45
INV-000907,2026-05-11,,,false,1309667.66,USD,SUP-00025,Orion Polymers Monterrey S.A.,GU-0006,Orion Polymers Group,39120000,Electrical wire and cable,39000000,Electrical Systems and Lighting and Components,PLT-SAO,Sao Paulo Plant,LATAM,Brazil,SAP_S4HANA,NET70,Net 70,70
INV-000908,2026-06-24,2026-07-08,14,true,718689.99,USD,SUP-00085,Orion Automation Queretaro S.A. de C.V.,GU-0021,Orion Automation International,78100000,Freight transport,78000000,Transportation and Storage and Mail Services,PLT-CHN,Chennai Plant,APAC,India,SAP_S4HANA,NET13,Net 13,13
INV-000909,2025-10-29,2026-02-28,122,true,276601.26,USD,SUP-00022,Umbra Fasteners Toronto LLC,GU-0004,Umbra Fasteners International,44120000,Office supplies,44000000,Office Equipment and Accessories and Supplies,PLT-DET,Detroit Plant,NAMER,United States,SAP_ECC,NET100,Net 100,100
INV-000910,2025-11-22,2025-11-28,6,true,900362.55,USD,SUP-00001,Falcon Systems Osaka Pvt. Ltd.,GU-0001,Falcon Systems Industries,44100000,Office machines,44000000,Office Equipment and Accessories and Supplies,PLT-SHA,Shanghai Plant,APAC,China,SAP_S4HANA,NET05,Net 5,5
INV-000911,2025-09-19,2026-01-17,120,true,224274.25,USD,SUP-00039,Sequoia Fasteners Lille Ltd.,GU-0008,Sequoia Fasteners Holdings,90120000,Travel services,90000000,Travel and Food and Lodging and Entertainment Services,PLT-STU,Stuttgart Plant,EMEA,Germany,ARIBA,NET120,Net 120,120
INV-000912,2026-06-28,2026-10-03,97,true,154330.63,USD,SUP-00016,Orion Supply Co Nagoya Pvt. Ltd.,GU-0003,Orion Supply Co International,44120000,Office supplies,44000000,Office Equipment and Accessories and Supplies,PLT-SHA,Shanghai Plant,APAC,China,SAP_S4HANA,NET90,Net 90,90
INV-000913,2025-10-31,2025-11-19,19,true,198118.15,USD,SUP-00068,Harbor Packaging Campinas Ltda.,GU-0016,Harbor Packaging Holdings,44120000,Office supplies,44000000,Office Equipment and Accessories and Supplies,PLT-SAO,Sao Paulo Plant,LATAM,Brazil,SAP_S4HANA,NET07,Net 7,7
INV-000914,2026-03-05,2026-03-25,20,true,100759.23,USD,SUP-00001,Falcon Systems Osaka Pvt. Ltd.,GU-0001,Falcon Systems Industries,44100000,Office machines,44000000,Office Equipment and Accessories and Supplies,PLT-PUN,Pune Plant,APAC,India,SAP_S4HANA,NET15,Net 15,15
INV-000915,2025-07-21,2025-09-27,68,true,226864.72,USD,SUP-00017,Orion Supply Co Chennai Co. Ltd.,GU-0003,Orion Supply Co International,90120000,Travel services,90000000,Travel and Food and Lodging and Entertainment Services,PLT-STU,Stuttgart Plant,EMEA,Germany,CONCUR,EOM45,EOM Net 45,60
INV-000916,2026-01-30,2026-02-08,9,true,976784.98,USD,SUP-00056,Sequoia Fluid Systems Campinas S.A.,GU-0014,Sequoia Fluid Systems Global,43210000,Computer equipment,43000000,Information Technology Broadcasting and Telecommunications,PLT-HOU,Houston Plant,NAMER,United States,SAP_S4HANA,NET10,Net 10,10
INV-000917,2026-02-16,2026-06-17,121,true,981161.83,USD,SUP-00035,Sequoia Fasteners Manchester AG,GU-0008,Sequoia Fasteners Holdings,90120000,Travel services,90000000,Travel and Food and Lodging and Entertainment Services,PLT-STU,Stuttgart Plant,EMEA,Germany,SAP_S4HANA,NET120,Net 120,120
INV-000918,2025-08-29,2025-09-30,32,true,328768.65,USD,SUP-00099,Emerald Energy Campinas Ltda.,GU-0025,Emerald Energy Industries,78180000,Courier and postal services,78000000,Transportation and Storage and Mail Services,PLT-MTY,Monterrey Plant,LATAM,Mexico,SAP_S4HANA,NET30,Net 30,30
INV-000919,2026-06-09,2026-06-26,17,true,224601.36,USD,SUP-00004,Falcon Systems Chennai Co. Ltd.,GU-0001,Falcon Systems Industries,,,,,PLT-SHA,Shanghai Plant,APAC,China,SAP_ECC,NET15,Net 15,15
INV-000920,2025-07-02,2025-07-14,12,true,2558033.26,USD,SUP-00009,Frontier Polymers Montreal Inc.,GU-0002,Frontier Polymers Global,31160000,Hardware and fasteners,31000000,Manufacturing Components and Supplies,PLT-LYO,Lyon Plant,EMEA,France,SAP_S4HANA,D2N10N45,2% 10 Net 45,45
INV-000921,2025-08-17,2025-09-19,33,true,221216.44,USD,SUP-00023,Umbra Fasteners Detroit Corp.,GU-0004,Umbra Fasteners International,31160000,Hardware and fasteners,31000000,Manufacturing Components and Supplies,PLT-DET,Detroit Plant,NAMER,United States,FIELDGLASS,NET08,Net 8,8
INV-000922,2025-10-08,2025-10-15,7,true,272828.05,USD,SUP-00049,Marlin Controls Shenzhen Co. Ltd.,GU-0012,Marlin Controls Group,72100000,Facility maintenance,72000000,Building and Facility Maintenance Services,PLT-SHA,Shanghai Plant,APAC,China,SAP_S4HANA,NET00,Immediate / Due on receipt,0
INV-000923,2025-10-25,2025-11-27,33,true,593504.89,USD,SUP-00075,Everest Bearing Works Queretaro Ltda.,GU-0018,Everest Bearing Works Inc.,44110000,Desk accessories,44000000,Office Equipment and Accessories and Supplies,PLT-SAO,Sao Paulo Plant,LATAM,Brazil,SAP_S4HANA,EOM15,End of month + 15,30
INV-000924,2026-01-07,2026-03-17,69,true,598673.94,USD,SUP-00007,Frontier Polymers Charlotte Inc.,GU-0002,Frontier Polymers Global,,,,,PLT-HOU,Houston Plant,NAMER,United States,SAP_S4HANA,NET60,Net 60,60
INV-000925,2025-12-22,2026-02-07,47,true,3774485.06,USD,SUP-00090,Anchor Manufacturing Chennai Ltd.,GU-0022,Anchor Manufacturing Global,80100000,Management consulting,80000000,Management and Business Professionals and Admin Services,PLT-CHN,Chennai Plant,APAC,India,SAP_S4HANA,NET45,Net 45,45
INV-000926,2025-09-17,2025-09-27,10,true,13652.87,USD,SUP-00001,Falcon Systems Osaka Pvt. Ltd.,GU-0001,Falcon Systems Industries,44100000,Office machines,44000000,Office Equipment and Accessories and Supplies,PLT-MAN,Manchester Plant,EMEA,United Kingdom,SAP_ECC,NET05,Net 5,5
INV-000927,2026-03-26,2026-05-02,37,true,1319778.45,USD,SUP-00054,Apex Chemicals Campinas S.A.,GU-0013,Apex Chemicals Corporation,,,,,PLT-ROT,Rotterdam DC,EMEA,Netherlands,SAP_S4HANA,NET35,Net 35,35
INV-000928,2025-07-26,2025-08-07,12,true,26888.6,USD,SUP-00009,Frontier Polymers Montreal Inc.,GU-0002,Frontier Polymers Global,31160000,Hardware and fasteners,31000000,Manufacturing Components and Supplies,PLT-DET,Detroit Plant,NAMER,United States,ARIBA,D2N15N45,2% 15 Net 45,45
INV-000929,2026-02-01,2026-02-15,14,true,113447.8,USD,SUP-00024,Apex Supply Co Lyon AG,GU-0005,Apex Supply Co Global,31350000,Machined castings,31000000,Manufacturing Components and Supplies,PLT-SNG,Singapore Hub,APAC,Singapore,SAP_S4HANA,NET14,Net 14,14
INV-000930,2025-08-24,2025-10-10,47,true,134102.95,USD,SUP-00005,Falcon Systems Singapore Pte. Ltd.,GU-0001,Falcon Systems Industries,,,,,PLT-DET,Detroit Plant,NAMER,United States,SAP_S4HANA,NET45,Net 45,45
INV-000931,2025-09-25,2026-01-25,122,true,8425240.8,USD,SUP-00039,Sequoia Fasteners Lille Ltd.,GU-0008,Sequoia Fasteners Holdings,43230000,Software licenses,43000000,Information Technology Broadcasting and Telecommunications,PLT-LYO,Lyon Plant,EMEA,France,SAP_S4HANA,NET120,Net 120,120
INV-000932,2025-10-30,2026-01-02,64,true,69217.68,USD,SUP-00018,Orion Supply Co Shanghai Pte. Ltd.,GU-0003,Orion Supply Co International,44120000,Office supplies,44000000,Office Equipment and Accessories and Supplies,PLT-HOU,Houston Plant,NAMER,United States,SAP_S4HANA,NET45,Net 45,45
INV-000933,2026-02-01,,,false,99012.04,USD,SUP-00017,Orion Supply Co Chennai Co. Ltd.,GU-0003,Orion Supply Co International,90120000,Travel services,90000000,Travel and Food and Lodging and Entertainment Services,PLT-PUN,Pune Plant,APAC,India,CONCUR,D15N10N30,1.5% 10 Net 30,30
INV-000934,2025-09-06,2025-10-29,53,true,496481.69,USD,SUP-00027,Orion Polymers Queretaro Ltda.,GU-0006,Orion Polymers Group,90100000,Catering and restaurants,90000000,Travel and Food and Lodging and Entertainment Services,PLT-SAO,Sao Paulo Plant,LATAM,Brazil,CONCUR,D2N10N30,2% 10 Net 30,30
INV-000935,2025-08-26,2025-10-11,46,true,77569.38,USD,SUP-00004,Falcon Systems Chennai Co. Ltd.,GU-0001,Falcon Systems Industries,44100000,Office machines,44000000,Office Equipment and Accessories and Supplies,PLT-PUN,Pune Plant,APAC,India,ARIBA,NET45,Net 45,45
INV-000936,2026-01-16,2026-02-28,43,true,24769.3,USD,SUP-00010,Frontier Polymers Charlotte LLC,GU-0002,Frontier Polymers Global,44120000,Office supplies,44000000,Office Equipment and Accessories and Supplies,PLT-CHN,Chennai Plant,APAC,India,SAP_ECC,MILESTONE,Milestone based,45
INV-000937,2025-07-31,2025-10-04,65,true,484689.74,USD,SUP-00021,Umbra Fasteners Montreal Co.,GU-0004,Umbra Fasteners International,44120000,Office supplies,44000000,Office Equipment and Accessories and Supplies,PLT-CLT,Charlotte Plant,NAMER,United States,SAP_S4HANA,,,
INV-000938,2026-06-18,,,false,593709.67,USD,SUP-00001,Falcon Systems Osaka Pvt. Ltd.,GU-0001,Falcon Systems Industries,44100000,Office machines,44000000,Office Equipment and Accessories and Supplies,PLT-CHN,Chennai Plant,APAC,India,SAP_S4HANA,NET45,Net 45,45
INV-000939,2025-08-26,2025-09-04,9,true,97327.84,USD,SUP-00002,Falcon Systems Bengaluru Pte. Ltd.,GU-0001,Falcon Systems Industries,44100000,Office machines,44000000,Office Equipment and Accessories and Supplies,PLT-SNG,Singapore Hub,APAC,Singapore,SAP_S4HANA,NET05,Net 5,5
INV-000940,2025-11-22,2026-01-18,57,true,377384.76,USD,SUP-00096,Copperfield Fabrication Singapore Ltd.,GU-0024,Copperfield Fabrication Holdings,78180000,Courier and postal services,78000000,Transportation and Storage and Mail Services,PLT-PUN,Pune Plant,APAC,India,FIELDGLASS,NET30,Net 30,30
INV-000941,2026-04-10,2026-05-01,21,true,151974.33,USD,SUP-00135,Titan Industrial Supply Singapore Pte. Ltd.,GU-0033,Titan Industrial Supply International,44120000,Office supplies,44000000,Office Equipment and Accessories and Supplies,PLT-SHA,Shanghai Plant,APAC,China,SAP_S4HANA,NET21,Net 21,21
INV-000942,2026-05-05,2026-06-12,38,true,545314.34,USD,SUP-00050,Marlin Controls Osaka Pte. Ltd.,GU-0012,Marlin Controls Group,72100000,Facility maintenance,72000000,Building and Facility Maintenance Services,PLT-SHA,Shanghai Plant,APAC,China,ARIBA,NET40,Net 40,40
INV-000943,2026-04-16,2026-05-10,24,true,478670.29,USD,SUP-00008,Frontier Polymers Detroit Corp.,GU-0002,Frontier Polymers Global,44120000,Office supplies,44000000,Office Equipment and Accessories and Supplies,PLT-DET,Detroit Plant,NAMER,United States,SAP_S4HANA,NET25,Net 25,25
INV-000944,2025-10-18,2025-11-29,42,true,172729.72,USD,SUP-00018,Orion Supply Co Shanghai Pte. Ltd.,GU-0003,Orion Supply Co International,90120000,Travel services,90000000,Travel and Food and Lodging and Entertainment Services,PLT-SHA,Shanghai Plant,APAC,China,SAP_ECC,NET21,Net 21,21
INV-000945,2026-04-01,2026-05-16,45,true,186617.34,USD,SUP-00113,Northwind Fluid Systems Eindhoven S.p.A.,GU-0028,Northwind Fluid Systems International,72100000,Facility maintenance,72000000,Building and Facility Maintenance Services,PLT-MAN,Manchester Plant,EMEA,United Kingdom,FIELDGLASS,D2N10N45,2% 10 Net 45,45
INV-000946,2025-12-17,2026-02-02,47,true,88670.64,USD,SUP-00061,Sequoia Fluid Systems Sao Paulo S.A.,GU-0014,Sequoia Fluid Systems Global,,,,,PLT-MTY,Monterrey Plant,LATAM,Mexico,SAP_ECC,NET45,Net 45,45
INV-000947,2026-06-07,2026-07-09,32,true,116078.43,USD,SUP-00145,Halcyon Tooling Manchester AG,GU-0035,Halcyon Tooling International,44120000,Office supplies,44000000,Office Equipment and Accessories and Supplies,PLT-CLT,Charlotte Plant,NAMER,United States,SAP_ECC,D1N10N30,1% 10 Net 30,30
INV-000948,2026-05-13,2026-10-16,156,true,1154900.85,USD,SUP-00049,Marlin Controls Shenzhen Co. Ltd.,GU-0012,Marlin Controls Group,72100000,Facility maintenance,72000000,Building and Facility Maintenance Services,PLT-CHN,Chennai Plant,APAC,India,SAP_S4HANA,NET150,Net 150,150
INV-000949,2026-02-01,2026-03-18,45,true,102488.59,USD,SUP-00002,Falcon Systems Bengaluru Pte. Ltd.,GU-0001,Falcon Systems Industries,44100000,Office machines,44000000,Office Equipment and Accessories and Supplies,PLT-SHA,Shanghai Plant,APAC,China,SAP_S4HANA,NET45,Net 45,45
INV-000950,2026-04-17,2026-05-21,34,true,268883.15,USD,SUP-00074,Everest Bearing Works Sao Paulo Ltda.,GU-0018,Everest Bearing Works Inc.,78180000,Courier and postal services,78000000,Transportation and Storage and Mail Services,PLT-HOU,Houston Plant,NAMER,United States,SAP_ECC,EOM15,End of month + 15,30
INV-000951,2025-08-29,2025-11-12,75,true,977196.46,USD,SUP-00136,Redwood Logistics Manchester B.V.,GU-0034,Redwood Logistics Global,40140000,Fluid handling pumps,40000000,Distribution and Conditioning Systems and Equipment,PLT-ROT,Rotterdam DC,EMEA,Netherlands,SAP_ECC,EOM60,End of month + 60,75
INV-000952,2026-03-23,2026-04-10,18,true,692288.53,USD,SUP-00024,Apex Supply Co Lyon AG,GU-0005,Apex Supply Co Global,31350000,Machined castings,31000000,Manufacturing Components and Supplies,PLT-PUN,Pune Plant,APAC,India,SAP_S4HANA,NET14,Net 14,14
INV-000953,2026-02-04,2026-02-17,13,true,306599.31,USD,SUP-00024,Apex Supply Co Lyon AG,GU-0005,Apex Supply Co Global,31350000,Machined castings,31000000,Manufacturing Components and Supplies,PLT-STU,Stuttgart Plant,EMEA,Germany,ARIBA,NET14,Net 14,14
INV-000954,2025-12-12,2025-12-31,19,true,273141.66,USD,SUP-00042,Zenith Bearings Monterrey S.A. de C.V.,GU-0010,Zenith Bearings Industries,76120000,Waste management,76000000,Industrial Cleaning Services,PLT-MTY,Monterrey Plant,LATAM,Mexico,FIELDGLASS,NET04,Net 4,4
INV-000955,2025-08-11,2025-09-28,48,true,74783.04,USD,SUP-00006,Falcon Systems Nagoya Pte. Ltd.,GU-0001,Falcon Systems Industries,44100000,Office machines,44000000,Office Equipment and Accessories and Supplies,PLT-TOR,Toronto Plant,NAMER,Canada,SAP_S4HANA,NET45,Net 45,45
INV-000956,2026-03-16,2026-04-17,32,true,546253.49,USD,SUP-00068,Harbor Packaging Campinas Ltda.,GU-0016,Harbor Packaging Holdings,44120000,Office supplies,44000000,Office Equipment and Accessories and Supplies,PLT-SAO,Sao Paulo Plant,LATAM,Brazil,SAP_ECC,NET07,Net 7,7
INV-000957,2026-03-14,2026-06-14,92,true,380729.21,USD,SUP-00028,Orion Polymers Sao Paulo Ltda.,GU-0006,Orion Polymers Group,90100000,Catering and restaurants,90000000,Travel and Food and Lodging and Entertainment Services,PLT-SAO,Sao Paulo Plant,LATAM,Brazil,CONCUR,NET70,Net 70,70
INV-000958,2026-05-22,2026-07-16,55,true,484135.49,USD,SUP-00013,Orion Supply Co Osaka Pvt. Ltd.,GU-0003,Orion Supply Co International,43190000,Communications devices,43000000,Information Technology Broadcasting and Telecommunications,PLT-DET,Detroit Plant,NAMER,United States,SAP_ECC,,,
INV-000959,2025-09-26,2025-11-11,46,true,430719.13,USD,SUP-00002,Falcon Systems Bengaluru Pte. Ltd.,GU-0001,Falcon Systems Industries,44100000,Office machines,44000000,Office Equipment and Accessories and Supplies,PLT-PUN,Pune Plant,APAC,India,SAP_ECC,NET45,Net 45,45
INV-000960,2025-07-09,2025-08-12,34,true,6596768.81,USD,SUP-00029,Vantage Technologies Rotterdam Ltd.,GU-0007,Vantage Technologies Inc.,84120000,Banking and finance services,84000000,Financial and Insurance Services,PLT-MAN,Manchester Plant,EMEA,United Kingdom,SAP_S4HANA,EOM15,End of month + 15,30
INV-000961,2025-07-03,2025-08-16,44,true,37834.02,USD,SUP-00001,Falcon Systems Osaka Pvt. Ltd.,GU-0001,Falcon Systems Industries,44100000,Office machines,44000000,Office Equipment and Accessories and Supplies,PLT-MTY,Monterrey Plant,LATAM,Mexico,SAP_ECC,NET45,Net 45,45
INV-000962,2025-08-02,2025-08-20,18,true,268436.39,USD,SUP-00024,Apex Supply Co Lyon AG,GU-0005,Apex Supply Co Global,31350000,Machined castings,31000000,Manufacturing Components and Supplies,PLT-HOU,Houston Plant,NAMER,United States,SAP_ECC,NET14,Net 14,14
INV-000963,2026-01-05,2026-01-23,18,true,6016076.02,USD,SUP-00050,Marlin Controls Osaka Pte. Ltd.,GU-0012,Marlin Controls Group,72100000,Facility maintenance,72000000,Building and Facility Maintenance Services,PLT-SHA,Shanghai Plant,APAC,China,FIELDGLASS,NET11,Net 11,11
INV-000964,2025-09-19,2025-10-04,15,true,119426.12,USD,SUP-00168,Highpoint Bearing Works Osaka Pte. Ltd.,GU-0041,Highpoint Bearing Works Holdings,31160000,Hardware and fasteners,31000000,Manufacturing Components and Supplies,PLT-TOR,Toronto Plant,NAMER,Canada,SAP_S4HANA,D15N10N30,1.5% 10 Net 30,30
INV-000965,2025-08-13,2025-08-19,6,true,174990.61,USD,SUP-00006,Falcon Systems Nagoya Pte. Ltd.,GU-0001,Falcon Systems Industries,44100000,Office machines,44000000,Office Equipment and Accessories and Supplies,PLT-PUN,Pune Plant,APAC,India,ARIBA,NET05,Net 5,5
INV-000966,2026-06-23,2026-07-11,18,true,341430.15,USD,SUP-00023,Umbra Fasteners Detroit Corp.,GU-0004,Umbra Fasteners International,31160000,Hardware and fasteners,31000000,Manufacturing Components and Supplies,PLT-DET,Detroit Plant,NAMER,United States,SAP_ECC,NET10,Net 10,10
INV-000967,2025-10-31,2025-11-19,19,true,307246.77,USD,SUP-00082,Silverline Fabrication Shanghai Pvt. Ltd.,GU-0020,Silverline Fabrication Industries,25100000,Motor vehicles,25000000,Commercial and Private Vehicles and Components,PLT-SHA,Shanghai Plant,APAC,China,ARIBA,NET45,Net 45,45
INV-000968,2025-08-22,2025-10-09,48,true,162461.68,USD,SUP-00005,Falcon Systems Singapore Pte. Ltd.,GU-0001,Falcon Systems Industries,44100000,Office machines,44000000,Office Equipment and Accessories and Supplies,PLT-MAN,Manchester Plant,EMEA,United Kingdom,CONCUR,NET45,Net 45,45
INV-000969,2025-07-21,2025-09-07,48,true,1317895.35,USD,SUP-00001,Falcon Systems Osaka Pvt. Ltd.,GU-0001,Falcon Systems Industries,44100000,Office machines,44000000,Office Equipment and Accessories and Supplies,PLT-SNG,Singapore Hub,APAC,Singapore,SAP_ECC,NET45,Net 45,45
INV-000970,2025-07-06,2025-10-18,104,true,482988.02,USD,SUP-00010,Frontier Polymers Charlotte LLC,GU-0002,Frontier Polymers Global,44120000,Office supplies,44000000,Office Equipment and Accessories and Supplies,PLT-ROT,Rotterdam DC,EMEA,Netherlands,SAP_S4HANA,NET100,Net 100,100
INV-000971,2026-05-23,2026-06-09,17,true,497497.06,USD,SUP-00017,Orion Supply Co Chennai Co. Ltd.,GU-0003,Orion Supply Co International,90120000,Travel services,90000000,Travel and Food and Lodging and Entertainment Services,PLT-DET,Detroit Plant,NAMER,United States,SAP_S4HANA,NET08,Net 8,8
INV-000972,2025-07-30,2025-09-06,38,true,66199.74,USD,SUP-00050,Marlin Controls Osaka Pte. Ltd.,GU-0012,Marlin Controls Group,72100000,Facility maintenance,72000000,Building and Facility Maintenance Services,PLT-PUN,Pune Plant,APAC,India,SAP_S4HANA,D1N10N30,1% 10 Net 30,30
INV-000973,2026-01-25,2026-02-15,21,true,86239.9,USD,SUP-00008,Frontier Polymers Detroit Corp.,GU-0002,Frontier Polymers Global,44120000,Office supplies,44000000,Office Equipment and Accessories and Supplies,PLT-CLT,Charlotte Plant,NAMER,United States,SAP_S4HANA,NET21,Net 21,21
INV-000974,2025-11-28,2026-01-17,50,true,45002.75,USD,SUP-00003,Falcon Systems Osaka Pte. Ltd.,GU-0001,Falcon Systems Industries,44100000,Office machines,44000000,Office Equipment and Accessories and Supplies,PLT-SHA,Shanghai Plant,APAC,China,SAP_S4HANA,NET45,Net 45,45
INV-000975,2025-08-29,2025-09-11,13,true,738614.3,USD,SUP-00070,Redwood Controls Singapore Pte. Ltd.,GU-0017,Redwood Controls Inc.,31160000,Hardware and fasteners,31000000,Manufacturing Components and Supplies,PLT-SHA,Shanghai Plant,APAC,China,FIELDGLASS,NET10,Net 10,10
INV-000976,2025-07-14,2025-09-16,64,true,276652.8,USD,SUP-00152,Cobalt Fabrication Queretaro Ltda.,GU-0037,Cobalt Fabrication Holdings,40150000,Industrial valves,40000000,Distribution and Conditioning Systems and Equipment,PLT-SAO,Sao Paulo Plant,LATAM,Brazil,FIELDGLASS,NET60,Net 60,60
INV-000977,2025-08-25,2025-09-20,26,true,445996.04,USD,SUP-00064,Yellowstone Solutions Sao Paulo S.A. de C.V.,GU-0015,Yellowstone Solutions Global,40160000,HVAC equipment,40000000,Distribution and Conditioning Systems and Equipment,PLT-MTY,Monterrey Plant,LATAM,Mexico,SAP_ECC,NET25,Net 25,25
INV-000978,2026-04-10,2026-05-03,23,true,538551.83,USD,SUP-00121,Bluepeak Services Singapore Co. Ltd.,GU-0029,Bluepeak Services Holdings,25100000,Motor vehicles,25000000,Commercial and Private Vehicles and Components,PLT-PUN,Pune Plant,APAC,India,SAP_ECC,NET25,Net 25,25
INV-000979,2025-08-22,2025-10-04,43,true,786233.96,USD,SUP-00113,Northwind Fluid Systems Eindhoven S.p.A.,GU-0028,Northwind Fluid Systems International,72100000,Facility maintenance,72000000,Building and Facility Maintenance Services,PLT-STU,Stuttgart Plant,EMEA,Germany,SAP_S4HANA,MP25,"Monthly, paid 25th",40
INV-000980,2026-02-17,2026-02-26,9,true,28793.13,USD,SUP-00011,Frontier Polymers Montreal Co.,GU-0002,Frontier Polymers Global,31160000,Hardware and fasteners,31000000,Manufacturing Components and Supplies,PLT-TOR,Toronto Plant,NAMER,Canada,ARIBA,D15N10N30,1.5% 10 Net 30,30
INV-000981,2026-06-12,2026-07-22,40,true,204377.43,USD,SUP-00028,Orion Polymers Sao Paulo Ltda.,GU-0006,Orion Polymers Group,39120000,Electrical wire and cable,39000000,Electrical Systems and Lighting and Components,PLT-STU,Stuttgart Plant,EMEA,Germany,SAP_ECC,D2N10N30,2% 10 Net 30,30
INV-000982,2026-03-14,2026-03-30,16,true,1722710.16,USD,SUP-00010,Frontier Polymers Charlotte LLC,GU-0002,Frontier Polymers Global,31160000,Hardware and fasteners,31000000,Manufacturing Components and Supplies,PLT-DET,Detroit Plant,NAMER,United States,ARIBA,NET08,Net 8,8
INV-000983,2025-07-29,2025-09-08,41,true,108889.99,USD,SUP-00002,Falcon Systems Bengaluru Pte. Ltd.,GU-0001,Falcon Systems Industries,44100000,Office machines,44000000,Office Equipment and Accessories and Supplies,PLT-SNG,Singapore Hub,APAC,Singapore,SAP_ECC,NET45,Net 45,45
INV-000984,2025-12-06,2025-12-23,17,true,54482.74,USD,SUP-00013,Orion Supply Co Osaka Pvt. Ltd.,GU-0003,Orion Supply Co International,44120000,Office supplies,44000000,Office Equipment and Accessories and Supplies,PLT-SHA,Shanghai Plant,APAC,China,SAP_ECC,NET08,Net 8,8
INV-000985,2026-01-25,2026-02-15,21,true,73241.86,USD,SUP-00121,Bluepeak Services Singapore Co. Ltd.,GU-0029,Bluepeak Services Holdings,25100000,Motor vehicles,25000000,Commercial and Private Vehicles and Components,PLT-ROT,Rotterdam DC,EMEA,Netherlands,SAP_S4HANA,NET25,Net 25,25
INV-000986,2026-04-08,2026-04-29,21,true,242350.39,USD,SUP-00024,Apex Supply Co Lyon AG,GU-0005,Apex Supply Co Global,31350000,Machined castings,31000000,Manufacturing Components and Supplies,PLT-PUN,Pune Plant,APAC,India,SAP_S4HANA,NET14,Net 14,14
INV-000987,2025-08-31,2025-10-12,42,true,195969.36,USD,SUP-00022,Umbra Fasteners Toronto LLC,GU-0004,Umbra Fasteners International,31160000,Hardware and fasteners,31000000,Manufacturing Components and Supplies,PLT-DET,Detroit Plant,NAMER,United States,SAP_ECC,NET21,Net 21,21
INV-000988,2026-03-02,2026-04-20,49,true,352384.2,USD,SUP-00003,Falcon Systems Osaka Pte. Ltd.,GU-0001,Falcon Systems Industries,44100000,Office machines,44000000,Office Equipment and Accessories and Supplies,PLT-SNG,Singapore Hub,APAC,Singapore,CONCUR,NET45,Net 45,45
INV-000989,2025-07-14,2025-08-28,45,true,215373.24,USD,SUP-00004,Falcon Systems Chennai Co. Ltd.,GU-0001,Falcon Systems Industries,44100000,Office machines,44000000,Office Equipment and Accessories and Supplies,PLT-SHA,Shanghai Plant,APAC,China,SAP_S4HANA,NET45,Net 45,45
INV-000990,2026-04-25,2026-04-27,2,true,577979.39,USD,SUP-00034,Vantage Technologies Milan GmbH,GU-0007,Vantage Technologies Inc.,72100000,Facility maintenance,72000000,Building and Facility Maintenance Services,PLT-HOU,Houston Plant,NAMER,United States,SAP_S4HANA,NET00,Immediate / Due on receipt,0
INV-000991,2026-06-09,,,false,209830.56,USD,SUP-00032,Vantage Technologies Lyon GmbH,GU-0007,Vantage Technologies Inc.,72100000,Facility maintenance,72000000,Building and Facility Maintenance Services,PLT-ROT,Rotterdam DC,EMEA,Netherlands,SAP_ECC,NET30,Net 30,30
INV-000992,2025-11-12,2025-12-02,20,true,522027.38,USD,SUP-00022,Umbra Fasteners Toronto LLC,GU-0004,Umbra Fasteners International,31160000,Hardware and fasteners,31000000,Manufacturing Components and Supplies,PLT-CLT,Charlotte Plant,NAMER,United States,SAP_S4HANA,NET08,Net 8,8
INV-000993,2026-01-22,2026-05-20,118,true,40254.88,USD,SUP-00013,Orion Supply Co Osaka Pvt. Ltd.,GU-0003,Orion Supply Co International,44120000,Office supplies,44000000,Office Equipment and Accessories and Supplies,PLT-SNG,Singapore Hub,APAC,Singapore,ARIBA,NET90,Net 90,90
INV-000994,2026-03-20,2026-04-21,32,true,671391.99,USD,SUP-00001,Falcon Systems Osaka Pvt. Ltd.,GU-0001,Falcon Systems Industries,44100000,Office machines,44000000,Office Equipment and Accessories and Supplies,PLT-PUN,Pune Plant,APAC,India,SAP_ECC,,,
INV-000995,2026-04-30,2026-05-01,1,true,2396736.65,USD,SUP-00179,Northwind Electricals Monterrey Ltda.,GU-0044,Northwind Electricals International,80110000,HR services,80000000,Management and Business Professionals and Admin Services,PLT-MTY,Monterrey Plant,LATAM,Mexico,SAP_S4HANA,CIA,Cash in advance,0
INV-000996,2025-09-11,2025-12-25,105,true,340274.22,USD,SUP-00007,Frontier Polymers Charlotte Inc.,GU-0002,Frontier Polymers Global,31160000,Hardware and fasteners,31000000,Manufacturing Components and Supplies,PLT-HOU,Houston Plant,NAMER,United States,SAP_S4HANA,NET100,Net 100,100
INV-000997,2026-01-31,2026-02-10,10,true,92551.54,USD,SUP-00085,Orion Automation Queretaro S.A. de C.V.,GU-0021,Orion Automation International,76120000,Waste management,76000000,Industrial Cleaning Services,PLT-MTY,Monterrey Plant,LATAM,Mexico,SAP_S4HANA,NET13,Net 13,13
INV-000998,2025-12-11,2026-04-12,122,true,236011.55,USD,SUP-00014,Orion Supply Co Osaka Pte. Ltd.,GU-0003,Orion Supply Co International,90120000,Travel services,90000000,Travel and Food and Lodging and Entertainment Services,PLT-CHN,Chennai Plant,APAC,India,CONCUR,EOM90,End of month + 90,105
INV-000999,2025-08-30,2025-10-08,39,true,544227.81,USD,SUP-00054,Apex Chemicals Campinas S.A.,GU-0013,Apex Chemicals Corporation,84120000,Banking and finance services,84000000,Financial and Insurance Services,PLT-SAO,Sao Paulo Plant,LATAM,Brazil,SAP_S4HANA,NET35,Net 35,35
INV-001000,2026-06-03,2026-07-08,35,true,400221.22,USD,SUP-00067,Harbor Packaging Campinas S.A. de C.V.,GU-0016,Harbor Packaging Holdings,44120000,Office supplies,44000000,Office Equipment and Accessories and Supplies,PLT-MTY,Monterrey Plant,LATAM,Mexico,SAP_S4HANA,NET21,Net 21,21
INV-001001,2025-08-23,2025-10-13,51,true,333128.3,USD,SUP-00004,Falcon Systems Chennai Co. Ltd.,GU-0001,Falcon Systems Industries,44100000,Office machines,44000000,Office Equipment and Accessories and Supplies,PLT-CHN,Chennai Plant,APAC,India,FIELDGLASS,,,
INV-001002,2026-03-31,2026-04-19,19,true,370349.24,USD,SUP-00005,Falcon Systems Singapore Pte. Ltd.,GU-0001,Falcon Systems Industries,44100000,Office machines,44000000,Office Equipment and Accessories and Supplies,PLT-CLT,Charlotte Plant,NAMER,United States,SAP_ECC,NET15,Net 15,15
INV-001003,2026-05-06,2026-05-12,6,true,533560.46,USD,SUP-00011,Frontier Polymers Montreal Co.,GU-0002,Frontier Polymers Global,31160000,Hardware and fasteners,31000000,Manufacturing Components and Supplies,PLT-MAN,Manchester Plant,EMEA,United Kingdom,SAP_ECC,NET07,Net 7,7
INV-001004,2026-05-19,2026-07-07,49,true,90481.04,USD,SUP-00003,Falcon Systems Osaka Pte. Ltd.,GU-0001,Falcon Systems Industries,44100000,Office machines,44000000,Office Equipment and Accessories and Supplies,PLT-HOU,Houston Plant,NAMER,United States,CONCUR,NET45,Net 45,45
INV-001005,2026-02-15,2026-03-19,32,true,148101.53,USD,SUP-00051,Apex Chemicals Sao Paulo S.A. de C.V.,GU-0013,Apex Chemicals Corporation,44120000,Office supplies,44000000,Office Equipment and Accessories and Supplies,PLT-MTY,Monterrey Plant,LATAM,Mexico,SAP_ECC,D15N10N30,1.5% 10 Net 30,30
INV-001006,2026-03-30,2026-05-11,42,true,330764.78,USD,SUP-00007,Frontier Polymers Charlotte Inc.,GU-0002,Frontier Polymers Global,31160000,Hardware and fasteners,31000000,Manufacturing Components and Supplies,PLT-HOU,Houston Plant,NAMER,United States,SAP_ECC,MP25,"Monthly, paid 25th",40
INV-001007,2025-07-20,2025-11-27,130,true,2317132.33,USD,SUP-00016,Orion Supply Co Nagoya Pvt. Ltd.,GU-0003,Orion Supply Co International,43190000,Communications devices,43000000,Information Technology Broadcasting and Telecommunications,PLT-PUN,Pune Plant,APAC,India,SAP_ECC,EOM90,End of month + 90,105
INV-001008,2026-01-16,2026-02-27,42,true,193895.52,USD,SUP-00071,Redwood Controls Chennai Ltd.,GU-0017,Redwood Controls Inc.,31160000,Hardware and fasteners,31000000,Manufacturing Components and Supplies,PLT-DET,Detroit Plant,NAMER,United States,SAP_ECC,MP25,"Monthly, paid 25th",40
INV-001009,2026-03-26,2026-05-09,44,true,117889.02,USD,SUP-00001,Falcon Systems Osaka Pvt. Ltd.,GU-0001,Falcon Systems Industries,44100000,Office machines,44000000,Office Equipment and Accessories and Supplies,PLT-PUN,Pune Plant,APAC,India,SAP_S4HANA,NET45,Net 45,45
INV-001010,2026-04-06,,,false,991804.28,USD,SUP-00036,Sequoia Fasteners Munich S.p.A.,GU-0008,Sequoia Fasteners Holdings,90120000,Travel services,90000000,Travel and Food and Lodging and Entertainment Services,PLT-ROT,Rotterdam DC,EMEA,Netherlands,CONCUR,NET120,Net 120,120
INV-001011,2026-01-16,2026-04-26,100,true,46213.07,USD,SUP-00044,Zenith Bearings Queretaro S.A. de C.V.,GU-0010,Zenith Bearings Industries,44120000,Office supplies,44000000,Office Equipment and Accessories and Supplies,PLT-SAO,Sao Paulo Plant,LATAM,Brazil,SAP_ECC,NET75,Net 75,75
INV-001012,2026-06-29,2026-07-29,30,true,138970.35,USD,SUP-00098,Emerald Energy Campinas S.A.,GU-0025,Emerald Energy Industries,44110000,Desk accessories,44000000,Office Equipment and Accessories and Supplies,PLT-PUN,Pune Plant,APAC,India,SAP_S4HANA,NET30,Net 30,30
INV-001013,2025-10-23,2025-12-11,49,true,2324801.31,USD,SUP-00088,Anchor Manufacturing Nagoya Co. Ltd.,GU-0022,Anchor Manufacturing Global,,,,,PLT-LYO,Lyon Plant,EMEA,France,ARIBA,NET45,Net 45,45
INV-001014,2025-10-29,2025-12-13,45,true,409681.31,USD,SUP-00001,Falcon Systems Osaka Pvt. Ltd.,GU-0001,Falcon Systems Industries,44100000,Office machines,44000000,Office Equipment and Accessories and Supplies,PLT-DET,Detroit Plant,NAMER,United States,SAP_S4HANA,NET45,Net 45,45
INV-001015,2026-03-26,,,false,296496.22,USD,SUP-00007,Frontier Polymers Charlotte Inc.,GU-0002,Frontier Polymers Global,31160000,Hardware and fasteners,31000000,Manufacturing Components and Supplies,PLT-HOU,Houston Plant,NAMER,United States,SAP_ECC,D2N15N45,2% 15 Net 45,45
INV-001016,2025-09-29,2025-10-08,9,true,154462.09,USD,SUP-00160,Willow Transport Singapore Ltd.,GU-0039,Willow Transport International,44120000,Office supplies,44000000,Office Equipment and Accessories and Supplies,PLT-SHA,Shanghai Plant,APAC,China,SAP_S4HANA,NET04,Net 4,4
INV-001017,2025-09-05,2025-09-27,22,true,113359.11,USD,SUP-00028,Orion Polymers Sao Paulo Ltda.,GU-0006,Orion Polymers Group,90100000,Catering and restaurants,90000000,Travel and Food and Lodging and Entertainment Services,PLT-MTY,Monterrey Plant,LATAM,Mexico,FIELDGLASS,NET05,Net 5,5
INV-001018,2026-04-02,2026-04-15,13,true,293703.43,USD,SUP-00024,Apex Supply Co Lyon AG,GU-0005,Apex Supply Co Global,31350000,Machined castings,31000000,Manufacturing Components and Supplies,PLT-LYO,Lyon Plant,EMEA,France,SAP_ECC,NET14,Net 14,14
INV-001019,2026-01-03,2026-01-12,9,true,413992.13,USD,SUP-00009,Frontier Polymers Montreal Inc.,GU-0002,Frontier Polymers Global,44120000,Office supplies,44000000,Office Equipment and Accessories and Supplies,PLT-DET,Detroit Plant,NAMER,United States,SAP_S4HANA,NET07,Net 7,7
INV-001020,2025-07-21,2025-10-07,78,true,674351.59,USD,SUP-00164,Umbra Bearing Works Turin S.A.,GU-0040,Umbra Bearing Works Inc.,80160000,Business administration services,80000000,Management and Business Professionals and Admin Services,PLT-PUN,Pune Plant,APAC,India,FIELDGLASS,NET90,Net 90,90
INV-001021,2025-12-22,2026-01-14,23,true,844297.13,USD,SUP-00165,Umbra Bearing Works Munich Ltd.,GU-0040,Umbra Bearing Works Inc.,80100000,Management consulting,80000000,Management and Business Professionals and Admin Services,PLT-STU,Stuttgart Plant,EMEA,Germany,SAP_S4HANA,D15N10N30,1.5% 10 Net 30,30
INV-001022,2026-03-13,2026-03-20,7,true,739936.23,USD,SUP-00011,Frontier Polymers Montreal Co.,GU-0002,Frontier Polymers Global,44120000,Office supplies,44000000,Office Equipment and Accessories and Supplies,PLT-HOU,Houston Plant,NAMER,United States,ARIBA,NET02,Net 2,2
INV-001023,2026-06-26,2026-07-01,5,true,175978.63,USD,SUP-00050,Marlin Controls Osaka Pte. Ltd.,GU-0012,Marlin Controls Group,72100000,Facility maintenance,72000000,Building and Facility Maintenance Services,PLT-CHN,Chennai Plant,APAC,India,SAP_S4HANA,NET00,Immediate / Due on receipt,0
INV-001024,2026-05-27,,,false,104878.38,USD,SUP-00024,Apex Supply Co Lyon AG,GU-0005,Apex Supply Co Global,31350000,Machined castings,31000000,Manufacturing Components and Supplies,PLT-ROT,Rotterdam DC,EMEA,Netherlands,SAP_S4HANA,NET14,Net 14,14
INV-001025,2026-02-27,2026-04-14,46,true,105095.65,USD,SUP-00003,Falcon Systems Osaka Pte. Ltd.,GU-0001,Falcon Systems Industries,44100000,Office machines,44000000,Office Equipment and Accessories and Supplies,PLT-PUN,Pune Plant,APAC,India,SAP_S4HANA,NET45,Net 45,45
INV-001026,2025-09-08,2025-09-13,5,true,38634.69,USD,SUP-00003,Falcon Systems Osaka Pte. Ltd.,GU-0001,Falcon Systems Industries,44100000,Office machines,44000000,Office Equipment and Accessories and Supplies,PLT-PUN,Pune Plant,APAC,India,SAP_ECC,NET05,Net 5,5
INV-001027,2026-02-11,2026-02-28,17,true,116091.5,USD,SUP-00065,Yellowstone Solutions Monterrey Ltda.,GU-0015,Yellowstone Solutions Global,31160000,Hardware and fasteners,31000000,Manufacturing Components and Supplies,PLT-MTY,Monterrey Plant,LATAM,Mexico,SAP_S4HANA,NET11,Net 11,11
INV-001028,2026-04-22,,,false,126151.03,USD,SUP-00047,Halcyon Controls Cleveland Inc.,GU-0011,Halcyon Controls Corporation,90100000,Catering and restaurants,90000000,Travel and Food and Lodging and Entertainment Services,PLT-DET,Detroit Plant,NAMER,United States,CONCUR,NET90,Net 90,90
INV-001029,2025-09-24,2025-12-12,79,true,184587.14,USD,SUP-00015,Orion Supply Co Osaka Pvt. Ltd.,GU-0003,Orion Supply Co International,90120000,Travel services,90000000,Travel and Food and Lodging and Entertainment Services,PLT-PUN,Pune Plant,APAC,India,CONCUR,NET60,Net 60,60
INV-001030,2026-03-10,2026-04-16,37,true,24292.07,USD,SUP-00009,Frontier Polymers Montreal Inc.,GU-0002,Frontier Polymers Global,31160000,Hardware and fasteners,31000000,Manufacturing Components and Supplies,PLT-CLT,Charlotte Plant,NAMER,United States,FIELDGLASS,MP25,"Monthly, paid 25th",40
INV-001031,2025-10-01,2025-11-16,46,true,1808687.5,USD,SUP-00027,Orion Polymers Queretaro Ltda.,GU-0006,Orion Polymers Group,90100000,Catering and restaurants,90000000,Travel and Food and Lodging and Entertainment Services,PLT-SAO,Sao Paulo Plant,LATAM,Brazil,CONCUR,NET30,Net 30,30
INV-001032,2025-08-27,2025-10-03,37,true,129954.91,USD,SUP-00014,Orion Supply Co Osaka Pte. Ltd.,GU-0003,Orion Supply Co International,43190000,Communications devices,43000000,Information Technology Broadcasting and Telecommunications,PLT-MTY,Monterrey Plant,LATAM,Mexico,SAP_S4HANA,NET21,Net 21,21
INV-001033,2026-01-03,2026-03-20,76,true,375031.74,USD,SUP-00157,Windward Machinery Shanghai Co. Ltd.,GU-0038,Windward Machinery Group,80160000,Business administration services,80000000,Management and Business Professionals and Admin Services,PLT-PUN,Pune Plant,APAC,India,SAP_S4HANA,NET75,Net 75,75
INV-001034,2026-01-07,2026-01-22,15,true,544621.95,USD,SUP-00024,Apex Supply Co Lyon AG,GU-0005,Apex Supply Co Global,31350000,Machined castings,31000000,Manufacturing Components and Supplies,PLT-STU,Stuttgart Plant,EMEA,Germany,SAP_ECC,NET14,Net 14,14
INV-001035,2026-04-20,2026-06-26,67,true,4077328.11,USD,SUP-00132,Titan Industrial Supply Osaka Pte. Ltd.,GU-0033,Titan Industrial Supply International,80110000,HR services,80000000,Management and Business Professionals and Admin Services,PLT-PUN,Pune Plant,APAC,India,FIELDGLASS,NET60,Net 60,60
INV-001036,2026-04-27,2026-06-15,49,true,720287.34,USD,SUP-00006,Falcon Systems Nagoya Pte. Ltd.,GU-0001,Falcon Systems Industries,44100000,Office machines,44000000,Office Equipment and Accessories and Supplies,PLT-SHA,Shanghai Plant,APAC,China,SAP_S4HANA,NET45,Net 45,45
INV-001037,2026-02-26,2026-03-12,14,true,340493.61,USD,SUP-00012,Frontier Polymers Charlotte LLC,GU-0002,Frontier Polymers Global,31160000,Hardware and fasteners,31000000,Manufacturing Components and Supplies,PLT-CLT,Charlotte Plant,NAMER,United States,SAP_ECC,D2N15N45,2% 15 Net 45,45
INV-001038,2026-06-10,2026-06-30,20,true,154760.89,USD,SUP-00002,Falcon Systems Bengaluru Pte. Ltd.,GU-0001,Falcon Systems Industries,44100000,Office machines,44000000,Office Equipment and Accessories and Supplies,PLT-PUN,Pune Plant,APAC,India,SAP_S4HANA,NET15,Net 15,15
INV-001039,2025-11-05,2025-11-25,20,true,107298.13,USD,SUP-00050,Marlin Controls Osaka Pte. Ltd.,GU-0012,Marlin Controls Group,72100000,Facility maintenance,72000000,Building and Facility Maintenance Services,PLT-CHN,Chennai Plant,APAC,India,SAP_S4HANA,NET11,Net 11,11
INV-001040,2025-08-21,2025-09-07,17,true,405366.93,USD,SUP-00024,Apex Supply Co Lyon AG,GU-0005,Apex Supply Co Global,31350000,Machined castings,31000000,Manufacturing Components and Supplies,PLT-SHA,Shanghai Plant,APAC,China,FIELDGLASS,NET14,Net 14,14
INV-001041,2026-04-29,2026-06-17,49,true,1490531.27,USD,SUP-00096,Copperfield Fabrication Singapore Ltd.,GU-0024,Copperfield Fabrication Holdings,27140000,Hydraulic machinery,27000000,Tools and General Machinery,PLT-SHA,Shanghai Plant,APAC,China,SAP_ECC,NET30,Net 30,30
INV-001042,2025-08-19,2025-08-31,12,true,77413.41,USD,SUP-00002,Falcon Systems Bengaluru Pte. Ltd.,GU-0001,Falcon Systems Industries,44100000,Office machines,44000000,Office Equipment and Accessories and Supplies,PLT-PUN,Pune Plant,APAC,India,SAP_S4HANA,NET15,Net 15,15
INV-001043,2025-08-08,2025-09-10,33,true,724111.34,USD,SUP-00146,Halcyon Tooling Rotterdam Ltd.,GU-0035,Halcyon Tooling International,44120000,Office supplies,44000000,Office Equipment and Accessories and Supplies,PLT-STU,Stuttgart Plant,EMEA,Germany,SAP_ECC,D15N10N30,1.5% 10 Net 30,30
INV-001044,2025-07-12,2025-07-21,9,true,157864.66,USD,SUP-00005,Falcon Systems Singapore Pte. Ltd.,GU-0001,Falcon Systems Industries,44100000,Office machines,44000000,Office Equipment and Accessories and Supplies,PLT-SHA,Shanghai Plant,APAC,China,SAP_ECC,NET05,Net 5,5
INV-001045,2026-05-25,2026-05-26,1,true,33849.99,USD,SUP-00152,Cobalt Fabrication Queretaro Ltda.,GU-0037,Cobalt Fabrication Holdings,72100000,Facility maintenance,72000000,Building and Facility Maintenance Services,PLT-STU,Stuttgart Plant,EMEA,Germany,SAP_S4HANA,NET00,Immediate / Due on receipt,0
INV-001046,2025-11-06,2025-11-22,16,true,181644.13,USD,SUP-00066,Harbor Packaging Campinas S.A.,GU-0016,Harbor Packaging Holdings,44120000,Office supplies,44000000,Office Equipment and Accessories and Supplies,PLT-MTY,Monterrey Plant,LATAM,Mexico,SAP_S4HANA,NET04,Net 4,4
INV-001047,2025-07-14,2025-10-14,92,true,6145513.51,USD,SUP-00013,Orion Supply Co Osaka Pvt. Ltd.,GU-0003,Orion Supply Co International,43190000,Communications devices,43000000,Information Technology Broadcasting and Telecommunications,PLT-PUN,Pune Plant,APAC,India,SAP_S4HANA,NET75,Net 75,75
INV-001048,2026-01-04,2026-03-10,65,true,677943.3,USD,SUP-00152,Cobalt Fabrication Queretaro Ltda.,GU-0037,Cobalt Fabrication Holdings,43210000,Computer equipment,43000000,Information Technology Broadcasting and Telecommunications,PLT-SAO,Sao Paulo Plant,LATAM,Brazil,SAP_ECC,NET60,Net 60,60
INV-001049,2026-02-22,2026-02-26,4,true,1612130.95,USD,SUP-00181,Northwind Electricals Campinas Ltda.,GU-0044,Northwind Electricals International,80110000,HR services,80000000,Management and Business Professionals and Admin Services,PLT-MTY,Monterrey Plant,LATAM,Mexico,FIELDGLASS,CIA,Cash in advance,0
INV-001050,2025-10-02,2025-11-27,56,true,49183.53,USD,SUP-00020,Umbra Fasteners Houston Corp.,GU-0004,Umbra Fasteners International,31160000,Hardware and fasteners,31000000,Manufacturing Components and Supplies,PLT-HOU,Houston Plant,NAMER,United States,SAP_S4HANA,D2N15N45,2% 15 Net 45,45
INV-001051,2025-10-11,2025-11-26,46,true,380572.47,USD,SUP-00048,Halcyon Controls Charlotte Co.,GU-0011,Halcyon Controls Corporation,90100000,Catering and restaurants,90000000,Travel and Food and Lodging and Entertainment Services,PLT-HOU,Houston Plant,NAMER,United States,ARIBA,MP10,"Monthly, paid 10th",25
INV-001052,2025-07-10,2025-08-20,41,true,223411.25,USD,SUP-00014,Orion Supply Co Osaka Pte. Ltd.,GU-0003,Orion Supply Co International,90120000,Travel services,90000000,Travel and Food and Lodging and Entertainment Services,PLT-SHA,Shanghai Plant,APAC,China,CONCUR,D15N10N30,1.5% 10 Net 30,30
INV-001053,2025-07-20,2026-02-10,205,true,265373.78,USD,SUP-00025,Orion Polymers Monterrey S.A.,GU-0006,Orion Polymers Group,44120000,Office supplies,44000000,Office Equipment and Accessories and Supplies,PLT-SAO,Sao Paulo Plant,LATAM,Brazil,SAP_ECC,NET180,Net 180,180
INV-001054,2025-07-22,2025-10-24,94,true,61397.75,USD,SUP-00093,Dynamo Freight Leeds AG,GU-0023,Dynamo Freight Inc.,44110000,Desk accessories,44000000,Office Equipment and Accessories and Supplies,PLT-LYO,Lyon Plant,EMEA,France,SAP_ECC,NET90,Net 90,90
INV-001055,2025-08-03,2025-12-05,124,true,80504.31,USD,SUP-00039,Sequoia Fasteners Lille Ltd.,GU-0008,Sequoia Fasteners Holdings,90120000,Travel services,90000000,Travel and Food and Lodging and Entertainment Services,PLT-STU,Stuttgart Plant,EMEA,Germany,CONCUR,NET120,Net 120,120
INV-001056,2026-03-03,2026-03-05,2,true,403906.83,USD,SUP-00010,Frontier Polymers Charlotte LLC,GU-0002,Frontier Polymers Global,31160000,Hardware and fasteners,31000000,Manufacturing Components and Supplies,PLT-DET,Detroit Plant,NAMER,United States,ARIBA,NET02,Net 2,2
INV-001057,2026-05-09,2026-06-18,40,true,274414.64,USD,SUP-00014,Orion Supply Co Osaka Pte. Ltd.,GU-0003,Orion Supply Co International,90120000,Travel services,90000000,Travel and Food and Lodging and Entertainment Services,PLT-SNG,Singapore Hub,APAC,Singapore,CONCUR,NET21,Net 21,21
INV-001058,2025-09-26,2025-11-09,44,true,113410.49,USD,SUP-00194,Bluepeak Manufacturing Detroit Inc.,GU-0047,Bluepeak Manufacturing International,,,,,PLT-HOU,Houston Plant,NAMER,United States,SAP_ECC,NET30,Net 30,30
INV-001059,2026-05-01,2026-05-07,6,true,1682729.71,USD,SUP-00041,Frontier Solutions Monterrey Ltda.,GU-0009,Frontier Solutions Corporation,40170000,Compressors and blowers,40000000,Distribution and Conditioning Systems and Equipment,PLT-CLT,Charlotte Plant,NAMER,United States,SAP_S4HANA,NET00,Immediate / Due on receipt,0
INV-001060,2025-07-16,2025-08-15,30,true,840105.99,USD,SUP-00013,Orion Supply Co Osaka Pvt. Ltd.,GU-0003,Orion Supply Co International,90120000,Travel services,90000000,Travel and Food and Lodging and Entertainment Services,PLT-SHA,Shanghai Plant,APAC,China,SAP_S4HANA,NET21,Net 21,21
INV-001061,2025-07-06,2025-09-03,59,true,571298.86,USD,SUP-00104,Bluepeak Bearing Works Manchester AG,GU-0026,Bluepeak Bearing Works Group,40160000,HVAC equipment,40000000,Distribution and Conditioning Systems and Equipment,PLT-MAN,Manchester Plant,EMEA,United Kingdom,SAP_S4HANA,D3N10N60,3% 10 Net 60,60
INV-001062,2026-06-08,2026-06-10,2,true,4607830.47,USD,SUP-00040,Frontier Solutions Sao Paulo Ltda.,GU-0009,Frontier Solutions Corporation,40170000,Compressors and blowers,40000000,Distribution and Conditioning Systems and Equipment,PLT-SAO,Sao Paulo Plant,LATAM,Brazil,ARIBA,NET00,Immediate / Due on receipt,0
INV-001063,2026-03-02,2026-03-31,29,true,982703.71,USD,SUP-00032,Vantage Technologies Lyon GmbH,GU-0007,Vantage Technologies Inc.,84120000,Banking and finance services,84000000,Financial and Insurance Services,PLT-ROT,Rotterdam DC,EMEA,Netherlands,SAP_S4HANA,EOM15,End of month + 15,30
INV-001064,2025-11-23,2026-01-11,49,true,974147.49,USD,SUP-00069,Harbor Packaging Queretaro S.A.,GU-0016,Harbor Packaging Holdings,44120000,Office supplies,44000000,Office Equipment and Accessories and Supplies,PLT-MTY,Monterrey Plant,LATAM,Mexico,SAP_S4HANA,NET25,Net 25,25
INV-001065,2026-01-20,2026-04-15,85,true,92404.73,USD,SUP-00050,Marlin Controls Osaka Pte. Ltd.,GU-0012,Marlin Controls Group,72100000,Facility maintenance,72000000,Building and Facility Maintenance Services,PLT-STU,Stuttgart Plant,EMEA,Germany,FIELDGLASS,EOM60,End of month + 60,75
INV-001066,2025-09-16,2025-10-16,30,true,384933.58,USD,SUP-00032,Vantage Technologies Lyon GmbH,GU-0007,Vantage Technologies Inc.,76110000,Cleaning services,76000000,Industrial Cleaning Services,PLT-MAN,Manchester Plant,EMEA,United Kingdom,SAP_S4HANA,NET30,Net 30,30
INV-001067,2025-11-14,2026-01-10,57,true,865219.56,USD,SUP-00061,Sequoia Fluid Systems Sao Paulo S.A.,GU-0014,Sequoia Fluid Systems Global,43210000,Computer equipment,43000000,Information Technology Broadcasting and Telecommunications,PLT-MAN,Manchester Plant,EMEA,United Kingdom,SAP_S4HANA,,,
INV-001068,2025-08-15,2025-09-27,43,true,119628.28,USD,SUP-00004,Falcon Systems Chennai Co. Ltd.,GU-0001,Falcon Systems Industries,44100000,Office machines,44000000,Office Equipment and Accessories and Supplies,PLT-SHA,Shanghai Plant,APAC,China,SAP_ECC,NET45,Net 45,45
INV-001069,2025-10-18,,,false,701933.5,USD,SUP-00061,Sequoia Fluid Systems Sao Paulo S.A.,GU-0014,Sequoia Fluid Systems Global,43210000,Computer equipment,43000000,Information Technology Broadcasting and Telecommunications,PLT-PUN,Pune Plant,APAC,India,SAP_S4HANA,NET45,Net 45,45
INV-001070,2026-01-01,2026-01-19,18,true,522073.18,USD,SUP-00003,Falcon Systems Osaka Pte. Ltd.,GU-0001,Falcon Systems Industries,44100000,Office machines,44000000,Office Equipment and Accessories and Supplies,PLT-MTY,Monterrey Plant,LATAM,Mexico,SAP_S4HANA,NET15,Net 15,15
INV-001071,2026-02-26,2026-03-04,6,true,462172.25,USD,SUP-00007,Frontier Polymers Charlotte Inc.,GU-0002,Frontier Polymers Global,44120000,Office supplies,44000000,Office Equipment and Accessories and Supplies,PLT-CLT,Charlotte Plant,NAMER,United States,SAP_ECC,NET02,Net 2,2
INV-001072,2026-02-22,2026-04-07,44,true,687901.97,USD,SUP-00063,Yellowstone Solutions Queretaro Ltda.,GU-0015,Yellowstone Solutions Global,31160000,Hardware and fasteners,31000000,Manufacturing Components and Supplies,PLT-LYO,Lyon Plant,EMEA,France,ARIBA,MILESTONE,Milestone based,45
INV-001073,2026-05-12,2026-05-30,18,true,408073.81,USD,SUP-00002,Falcon Systems Bengaluru Pte. Ltd.,GU-0001,Falcon Systems Industries,44100000,Office machines,44000000,Office Equipment and Accessories and Supplies,PLT-CLT,Charlotte Plant,NAMER,United States,SAP_ECC,NET15,Net 15,15
INV-001074,2025-12-22,2025-12-27,5,true,138475.37,USD,SUP-00028,Orion Polymers Sao Paulo Ltda.,GU-0006,Orion Polymers Group,90100000,Catering and restaurants,90000000,Travel and Food and Lodging and Entertainment Services,PLT-PUN,Pune Plant,APAC,India,CONCUR,COD,Cash on delivery,0
INV-001075,2025-08-01,2025-09-22,52,true,56053.19,USD,SUP-00004,Falcon Systems Chennai Co. Ltd.,GU-0001,Falcon Systems Industries,44100000,Office machines,44000000,Office Equipment and Accessories and Supplies,PLT-SHA,Shanghai Plant,APAC,China,SAP_ECC,NET45,Net 45,45
INV-001076,2025-12-15,2026-01-22,38,true,148379.79,USD,SUP-00016,Orion Supply Co Nagoya Pvt. Ltd.,GU-0003,Orion Supply Co International,44120000,Office supplies,44000000,Office Equipment and Accessories and Supplies,PLT-CHN,Chennai Plant,APAC,India,SAP_ECC,NET14,Net 14,14
INV-001077,2026-06-15,2026-06-30,15,true,503124.04,USD,SUP-00008,Frontier Polymers Detroit Corp.,GU-0002,Frontier Polymers Global,44120000,Office supplies,44000000,Office Equipment and Accessories and Supplies,PLT-SAO,Sao Paulo Plant,LATAM,Brazil,SAP_ECC,NET11,Net 11,11
INV-001078,2026-03-08,2026-03-10,2,true,380907.39,USD,SUP-00004,Falcon Systems Chennai Co. Ltd.,GU-0001,Falcon Systems Industries,44100000,Office machines,44000000,Office Equipment and Accessories and Supplies,PLT-SHA,Shanghai Plant,APAC,China,SAP_S4HANA,NET05,Net 5,5
INV-001079,2026-01-24,2026-02-07,14,true,745021.47,USD,SUP-00008,Frontier Polymers Detroit Corp.,GU-0002,Frontier Polymers Global,31160000,Hardware and fasteners,31000000,Manufacturing Components and Supplies,PLT-DET,Detroit Plant,NAMER,United States,SAP_ECC,D2N15N45,2% 15 Net 45,45
INV-001080,2025-09-21,2025-11-09,49,true,391412.24,USD,SUP-00004,Falcon Systems Chennai Co. Ltd.,GU-0001,Falcon Systems Industries,44100000,Office machines,44000000,Office Equipment and Accessories and Supplies,PLT-STU,Stuttgart Plant,EMEA,Germany,SAP_S4HANA,NET45,Net 45,45
INV-001081,2025-07-15,2025-07-23,8,true,254431.21,USD,SUP-00168,Highpoint Bearing Works Osaka Pte. Ltd.,GU-0041,Highpoint Bearing Works Holdings,25170000,Vehicle components and accessories,25000000,Commercial and Private Vehicles and Components,PLT-PUN,Pune Plant,APAC,India,SAP_S4HANA,NET30,Net 30,30
INV-001082,2025-07-04,2025-07-28,24,true,35892.54,USD,SUP-00011,Frontier Polymers Montreal Co.,GU-0002,Frontier Polymers Global,44120000,Office supplies,44000000,Office Equipment and Accessories and Supplies,PLT-TOR,Toronto Plant,NAMER,Canada,CONCUR,NET25,Net 25,25
INV-001083,2026-02-14,2026-03-06,20,true,18336.18,USD,SUP-00001,Falcon Systems Osaka Pvt. Ltd.,GU-0001,Falcon Systems Industries,44100000,Office machines,44000000,Office Equipment and Accessories and Supplies,PLT-SHA,Shanghai Plant,APAC,China,ARIBA,NET15,Net 15,15
INV-001084,2026-03-03,2026-07-03,122,true,459719.86,USD,SUP-00038,Sequoia Fasteners Leeds Ltd.,GU-0008,Sequoia Fasteners Holdings,43230000,Software licenses,43000000,Information Technology Broadcasting and Telecommunications,PLT-STU,Stuttgart Plant,EMEA,Germany,SAP_ECC,NET120,Net 120,120
INV-001085,2025-09-04,2025-10-08,34,true,73554.45,USD,SUP-00021,Umbra Fasteners Montreal Co.,GU-0004,Umbra Fasteners International,31160000,Hardware and fasteners,31000000,Manufacturing Components and Supplies,PLT-CHN,Chennai Plant,APAC,India,SAP_ECC,D15N10N30,1.5% 10 Net 30,30
INV-001086,2026-01-05,2026-02-10,36,true,91562.27,USD,SUP-00104,Bluepeak Bearing Works Manchester AG,GU-0026,Bluepeak Bearing Works Group,44100000,Office machines,44000000,Office Equipment and Accessories and Supplies,PLT-STU,Stuttgart Plant,EMEA,Germany,SAP_S4HANA,D15N10N30,1.5% 10 Net 30,30
INV-001087,2026-03-09,2026-04-21,43,true,449697.34,USD,SUP-00002,Falcon Systems Bengaluru Pte. Ltd.,GU-0001,Falcon Systems Industries,44100000,Office machines,44000000,Office Equipment and Accessories and Supplies,PLT-STU,Stuttgart Plant,EMEA,Germany,SAP_S4HANA,NET45,Net 45,45
INV-001088,2025-09-25,2025-10-31,36,true,888423.42,USD,SUP-00016,Orion Supply Co Nagoya Pvt. Ltd.,GU-0003,Orion Supply Co International,43190000,Communications devices,43000000,Information Technology Broadcasting and Telecommunications,PLT-CHN,Chennai Plant,APAC,India,SAP_ECC,NET14,Net 14,14
INV-001089,2025-12-16,2026-04-20,125,true,1223775.89,USD,SUP-00035,Sequoia Fasteners Manchester AG,GU-0008,Sequoia Fasteners Holdings,43230000,Software licenses,43000000,Information Technology Broadcasting and Telecommunications,PLT-STU,Stuttgart Plant,EMEA,Germany,CONCUR,NET120,Net 120,120
INV-001090,2025-12-04,2025-12-14,10,true,1108381.08,USD,SUP-00184,Monarch Electricals Nagoya Pvt. Ltd.,GU-0045,Monarch Electricals Inc.,72100000,Facility maintenance,72000000,Building and Facility Maintenance Services,PLT-SHA,Shanghai Plant,APAC,China,FIELDGLASS,NET11,Net 11,11
INV-001091,2025-11-12,2025-11-13,1,true,286131.03,USD,SUP-00126,Monarch Energy Pune Co. Ltd.,GU-0030,Monarch Energy International,25170000,Vehicle components and accessories,25000000,Commercial and Private Vehicles and Components,PLT-DET,Detroit Plant,NAMER,United States,SAP_ECC,NET10,Net 10,10
INV-001092,2026-05-30,2026-06-23,24,true,3424728.11,USD,SUP-00007,Frontier Polymers Charlotte Inc.,GU-0002,Frontier Polymers Global,31160000,Hardware and fasteners,31000000,Manufacturing Components and Supplies,PLT-HOU,Houston Plant,NAMER,United States,SAP_S4HANA,NET21,Net 21,21
INV-001093,2026-02-03,2026-04-13,69,true,620288.35,USD,SUP-00017,Orion Supply Co Chennai Co. Ltd.,GU-0003,Orion Supply Co International,44120000,Office supplies,44000000,Office Equipment and Accessories and Supplies,PLT-CLT,Charlotte Plant,NAMER,United States,CONCUR,NET45,Net 45,45
INV-001094,2025-10-28,2025-11-12,15,true,950736.37,USD,SUP-00020,Umbra Fasteners Houston Corp.,GU-0004,Umbra Fasteners International,31160000,Hardware and fasteners,31000000,Manufacturing Components and Supplies,PLT-SHA,Shanghai Plant,APAC,China,SAP_S4HANA,NET02,Net 2,2
INV-001095,2025-08-27,2025-08-28,1,true,605642.3,USD,SUP-00124,Monarch Energy Singapore Pte. Ltd.,GU-0030,Monarch Energy International,25170000,Vehicle components and accessories,25000000,Commercial and Private Vehicles and Components,PLT-CHN,Chennai Plant,APAC,India,FIELDGLASS,NET10,Net 10,10
INV-001096,2025-09-13,2025-11-08,56,true,531376.03,USD,SUP-00026,Orion Polymers Monterrey S.A. de C.V.,GU-0006,Orion Polymers Group,90100000,Catering and restaurants,90000000,Travel and Food and Lodging and Entertainment Services,PLT-MTY,Monterrey Plant,LATAM,Mexico,CONCUR,D2N10N30,2% 10 Net 30,30
INV-001097,2025-10-05,2026-02-09,127,true,97922.28,USD,SUP-00039,Sequoia Fasteners Lille Ltd.,GU-0008,Sequoia Fasteners Holdings,90120000,Travel services,90000000,Travel and Food and Lodging and Entertainment Services,PLT-LYO,Lyon Plant,EMEA,France,SAP_S4HANA,NET120,Net 120,120
INV-001098,2026-04-08,2026-04-27,19,true,467627.02,USD,SUP-00024,Apex Supply Co Lyon AG,GU-0005,Apex Supply Co Global,31350000,Machined castings,31000000,Manufacturing Components and Supplies,PLT-SHA,Shanghai Plant,APAC,China,ARIBA,NET14,Net 14,14
INV-001099,2025-10-02,2025-11-11,40,true,209052.54,USD,SUP-00066,Harbor Packaging Campinas S.A.,GU-0016,Harbor Packaging Holdings,,,,,PLT-SAO,Sao Paulo Plant,LATAM,Brazil,SAP_S4HANA,ADV5050,50% advance / 50% Net 30,30
INV-001100,2026-02-02,2026-02-15,13,true,241403.91,USD,SUP-00085,Orion Automation Queretaro S.A. de C.V.,GU-0021,Orion Automation International,,,,,PLT-STU,Stuttgart Plant,EMEA,Germany,ARIBA,NET13,Net 13,13
INV-001101,2026-04-29,2026-05-30,31,true,101653.58,USD,SUP-00047,Halcyon Controls Cleveland Inc.,GU-0011,Halcyon Controls Corporation,90100000,Catering and restaurants,90000000,Travel and Food and Lodging and Entertainment Services,PLT-HOU,Houston Plant,NAMER,United States,CONCUR,MP10,"Monthly, paid 10th",25
INV-001102,2026-03-31,2026-05-15,45,true,481368.76,USD,SUP-00011,Frontier Polymers Montreal Co.,GU-0002,Frontier Polymers Global,44120000,Office supplies,44000000,Office Equipment and Accessories and Supplies,PLT-DET,Detroit Plant,NAMER,United States,SAP_S4HANA,MILESTONE,Milestone based,45
INV-001103,2026-05-11,2026-05-20,9,true,491866.2,USD,SUP-00004,Falcon Systems Chennai Co. Ltd.,GU-0001,Falcon Systems Industries,44100000,Office machines,44000000,Office Equipment and Accessories and Supplies,PLT-HOU,Houston Plant,NAMER,United States,ARIBA,NET05,Net 5,5
INV-001104,2026-06-25,2026-07-11,16,true,794479.3,USD,SUP-00028,Orion Polymers Sao Paulo Ltda.,GU-0006,Orion Polymers Group,,,,,PLT-PUN,Pune Plant,APAC,India,ARIBA,NET05,Net 5,5
INV-001105,2026-01-05,2026-02-18,44,true,421563.54,USD,SUP-00001,Falcon Systems Osaka Pvt. Ltd.,GU-0001,Falcon Systems Industries,44100000,Office machines,44000000,Office Equipment and Accessories and Supplies,PLT-ROT,Rotterdam DC,EMEA,Netherlands,CONCUR,NET45,Net 45,45
INV-001106,2025-08-08,2025-09-21,44,true,726038.2,USD,SUP-00004,Falcon Systems Chennai Co. Ltd.,GU-0001,Falcon Systems Industries,44100000,Office machines,44000000,Office Equipment and Accessories and Supplies,PLT-CHN,Chennai Plant,APAC,India,FIELDGLASS,NET45,Net 45,45
INV-001107,2026-06-28,,,false,62347.66,USD,SUP-00014,Orion Supply Co Osaka Pte. Ltd.,GU-0003,Orion Supply Co International,90120000,Travel services,90000000,Travel and Food and Lodging and Entertainment Services,PLT-CHN,Chennai Plant,APAC,India,CONCUR,NET60,Net 60,60
INV-001108,2025-09-03,2025-10-13,40,true,188241.68,USD,SUP-00079,Everest Cloud Services Manchester S.A.,GU-0019,Everest Cloud Services Industries,47130000,Cleaning supplies,47000000,Cleaning Equipment and Supplies,PLT-LYO,Lyon Plant,EMEA,France,FIELDGLASS,NET50,Net 50,50
INV-001109,2025-09-08,2025-09-09,1,true,9950.1,USD,SUP-00006,Falcon Systems Nagoya Pte. Ltd.,GU-0001,Falcon Systems Industries,44100000,Office machines,44000000,Office Equipment and Accessories and Supplies,PLT-PUN,Pune Plant,APAC,India,SAP_ECC,NET05,Net 5,5
INV-001110,2025-10-02,2025-11-03,32,true,165496.94,USD,SUP-00110,Yellowstone Technologies Montreal Inc.,GU-0027,Yellowstone Technologies Industries,,,,,PLT-MAN,Manchester Plant,EMEA,United Kingdom,SAP_S4HANA,NET30,Net 30,30
INV-001111,2026-04-14,2026-05-18,34,true,956267.74,USD,SUP-00199,Windward Automation Osaka Ltd.,GU-0049,Windward Automation Corporation,76120000,Waste management,76000000,Industrial Cleaning Services,PLT-PUN,Pune Plant,APAC,India,FIELDGLASS,,,
INV-001112,2025-07-23,2025-08-11,19,true,334224.88,USD,SUP-00004,Falcon Systems Chennai Co. Ltd.,GU-0001,Falcon Systems Industries,44100000,Office machines,44000000,Office Equipment and Accessories and Supplies,PLT-PUN,Pune Plant,APAC,India,ARIBA,NET15,Net 15,15
INV-001113,2025-07-08,2025-08-22,45,true,1804497.73,USD,SUP-00005,Falcon Systems Singapore Pte. Ltd.,GU-0001,Falcon Systems Industries,44100000,Office machines,44000000,Office Equipment and Accessories and Supplies,PLT-PUN,Pune Plant,APAC,India,SAP_ECC,NET45,Net 45,45
INV-001114,2025-12-24,2026-02-13,51,true,77459.41,USD,SUP-00006,Falcon Systems Nagoya Pte. Ltd.,GU-0001,Falcon Systems Industries,44100000,Office machines,44000000,Office Equipment and Accessories and Supplies,PLT-SHA,Shanghai Plant,APAC,China,ARIBA,NET45,Net 45,45
INV-001115,2025-12-07,2026-01-22,46,true,557678.52,USD,SUP-00018,Orion Supply Co Shanghai Pte. Ltd.,GU-0003,Orion Supply Co International,90120000,Travel services,90000000,Travel and Food and Lodging and Entertainment Services,PLT-CHN,Chennai Plant,APAC,India,CONCUR,ADV5050,50% advance / 50% Net 30,30
INV-001116,2026-01-01,2026-02-16,46,true,149609.92,USD,SUP-00003,Falcon Systems Osaka Pte. Ltd.,GU-0001,Falcon Systems Industries,44100000,Office machines,44000000,Office Equipment and Accessories and Supplies,PLT-PUN,Pune Plant,APAC,India,SAP_S4HANA,NET45,Net 45,45
INV-001117,2026-02-05,2026-03-09,32,true,542290.7,USD,SUP-00098,Emerald Energy Campinas S.A.,GU-0025,Emerald Energy Industries,78180000,Courier and postal services,78000000,Transportation and Storage and Mail Services,PLT-MTY,Monterrey Plant,LATAM,Mexico,FIELDGLASS,NET30,Net 30,30
INV-001118,2026-05-19,2026-06-02,14,true,1135045.43,USD,SUP-00024,Apex Supply Co Lyon AG,GU-0005,Apex Supply Co Global,31350000,Machined castings,31000000,Manufacturing Components and Supplies,PLT-MAN,Manchester Plant,EMEA,United Kingdom,SAP_ECC,NET14,Net 14,14
INV-001119,2026-05-14,2026-08-27,105,true,137174.23,USD,SUP-00007,Frontier Polymers Charlotte Inc.,GU-0002,Frontier Polymers Global,44120000,Office supplies,44000000,Office Equipment and Accessories and Supplies,PLT-DET,Detroit Plant,NAMER,United States,SAP_ECC,NET100,Net 100,100
INV-001120,2025-12-06,2026-01-25,50,true,656747.14,USD,SUP-00001,Falcon Systems Osaka Pvt. Ltd.,GU-0001,Falcon Systems Industries,44100000,Office machines,44000000,Office Equipment and Accessories and Supplies,PLT-SHA,Shanghai Plant,APAC,China,ARIBA,NET45,Net 45,45
INV-001121,2025-07-10,2025-07-16,6,true,367260.07,USD,SUP-00001,Falcon Systems Osaka Pvt. Ltd.,GU-0001,Falcon Systems Industries,44100000,Office machines,44000000,Office Equipment and Accessories and Supplies,PLT-SNG,Singapore Hub,APAC,Singapore,SAP_ECC,NET05,Net 5,5
INV-001122,2026-06-15,2026-09-26,103,true,642968.03,USD,SUP-00017,Orion Supply Co Chennai Co. Ltd.,GU-0003,Orion Supply Co International,43190000,Communications devices,43000000,Information Technology Broadcasting and Telecommunications,PLT-SNG,Singapore Hub,APAC,Singapore,SAP_ECC,NET90,Net 90,90
INV-001123,2025-12-11,2026-01-15,35,true,155119.87,USD,SUP-00097,Emerald Energy Campinas S.A.,GU-0025,Emerald Energy Industries,,,,,PLT-PUN,Pune Plant,APAC,India,CONCUR,NET30,Net 30,30
INV-001124,2026-02-12,2026-06-21,129,true,3225598.32,USD,SUP-00039,Sequoia Fasteners Lille Ltd.,GU-0008,Sequoia Fasteners Holdings,90120000,Travel services,90000000,Travel and Food and Lodging and Entertainment Services,PLT-HOU,Houston Plant,NAMER,United States,CONCUR,NET120,Net 120,120
INV-001125,2025-07-25,2025-11-04,102,true,123805.98,USD,SUP-00141,Redwood Logistics Stuttgart S.p.A.,GU-0034,Redwood Logistics Global,40140000,Fluid handling pumps,40000000,Distribution and Conditioning Systems and Equipment,PLT-LYO,Lyon Plant,EMEA,France,ARIBA,EOM90,End of month + 90,105
INV-001126,2025-10-18,2025-11-28,41,true,145754.73,USD,SUP-00006,Falcon Systems Nagoya Pte. Ltd.,GU-0001,Falcon Systems Industries,44100000,Office machines,44000000,Office Equipment and Accessories and Supplies,PLT-PUN,Pune Plant,APAC,India,ARIBA,,,
INV-001127,2025-09-28,2025-10-05,7,true,689392.96,USD,SUP-00005,Falcon Systems Singapore Pte. Ltd.,GU-0001,Falcon Systems Industries,44100000,Office machines,44000000,Office Equipment and Accessories and Supplies,PLT-CHN,Chennai Plant,APAC,India,SAP_ECC,NET05,Net 5,5
INV-001128,2026-05-26,2026-06-05,10,true,207596.14,USD,SUP-00003,Falcon Systems Osaka Pte. Ltd.,GU-0001,Falcon Systems Industries,44100000,Office machines,44000000,Office Equipment and Accessories and Supplies,PLT-CHN,Chennai Plant,APAC,India,SAP_S4HANA,NET05,Net 5,5
INV-001129,2025-10-20,2026-01-24,96,true,373600.45,USD,SUP-00012,Frontier Polymers Charlotte LLC,GU-0002,Frontier Polymers Global,44120000,Office supplies,44000000,Office Equipment and Accessories and Supplies,PLT-STU,Stuttgart Plant,EMEA,Germany,SAP_S4HANA,NET100,Net 100,100
INV-001130,2025-10-20,,,false,74133.43,USD,SUP-00001,Falcon Systems Osaka Pvt. Ltd.,GU-0001,Falcon Systems Industries,44100000,Office machines,44000000,Office Equipment and Accessories and Supplies,PLT-PUN,Pune Plant,APAC,India,SAP_ECC,NET15,Net 15,15
INV-001131,2025-08-01,2025-08-24,23,true,672323.47,USD,SUP-00190,Ridgeway Electricals Nagoya Co. Ltd.,GU-0046,Ridgeway Electricals Industries,76120000,Waste management,76000000,Industrial Cleaning Services,PLT-PUN,Pune Plant,APAC,India,SAP_S4HANA,NET15,Net 15,15
INV-001132,2026-02-01,2026-03-02,29,true,53174.63,USD,SUP-00003,Falcon Systems Osaka Pte. Ltd.,GU-0001,Falcon Systems Industries,44100000,Office machines,44000000,Office Equipment and Accessories and Supplies,PLT-SHA,Shanghai Plant,APAC,China,SAP_S4HANA,,,
INV-001133,2026-06-13,2026-06-29,16,true,577059.6,USD,SUP-00001,Falcon Systems Osaka Pvt. Ltd.,GU-0001,Falcon Systems Industries,44100000,Office machines,44000000,Office Equipment and Accessories and Supplies,PLT-PUN,Pune Plant,APAC,India,SAP_ECC,NET15,Net 15,15
INV-001134,2025-12-07,2026-01-02,26,true,554395.62,USD,SUP-00069,Harbor Packaging Queretaro S.A.,GU-0016,Harbor Packaging Holdings,44120000,Office supplies,44000000,Office Equipment and Accessories and Supplies,PLT-MAN,Manchester Plant,EMEA,United Kingdom,ARIBA,NET02,Net 2,2
INV-001135,2026-05-02,2026-06-14,43,true,419244.75,USD,SUP-00003,Falcon Systems Osaka Pte. Ltd.,GU-0001,Falcon Systems Industries,44100000,Office machines,44000000,Office Equipment and Accessories and Supplies,PLT-PUN,Pune Plant,APAC,India,SAP_S4HANA,NET45,Net 45,45
INV-001136,2026-03-26,2026-04-11,16,true,555767.71,USD,SUP-00006,Falcon Systems Nagoya Pte. Ltd.,GU-0001,Falcon Systems Industries,44100000,Office machines,44000000,Office Equipment and Accessories and Supplies,PLT-PUN,Pune Plant,APAC,India,SAP_ECC,NET15,Net 15,15
INV-001137,2025-12-08,2026-02-13,67,true,954527.82,USD,SUP-00013,Orion Supply Co Osaka Pvt. Ltd.,GU-0003,Orion Supply Co International,43190000,Communications devices,43000000,Information Technology Broadcasting and Telecommunications,PLT-SHA,Shanghai Plant,APAC,China,SAP_S4HANA,NET60,Net 60,60
INV-001138,2026-03-03,2026-05-05,63,true,473276.34,USD,SUP-00045,Zenith Bearings Queretaro Ltda.,GU-0010,Zenith Bearings Industries,31160000,Hardware and fasteners,31000000,Manufacturing Components and Supplies,PLT-MTY,Monterrey Plant,LATAM,Mexico,SAP_S4HANA,NET45,Net 45,45
INV-001139,2025-08-19,,,false,1628012.4,USD,SUP-00152,Cobalt Fabrication Queretaro Ltda.,GU-0037,Cobalt Fabrication Holdings,43210000,Computer equipment,43000000,Information Technology Broadcasting and Telecommunications,PLT-MTY,Monterrey Plant,LATAM,Mexico,SAP_S4HANA,NET75,Net 75,75
INV-001140,2025-11-20,2025-12-01,11,true,183359.44,USD,SUP-00003,Falcon Systems Osaka Pte. Ltd.,GU-0001,Falcon Systems Industries,44100000,Office machines,44000000,Office Equipment and Accessories and Supplies,PLT-PUN,Pune Plant,APAC,India,SAP_S4HANA,NET05,Net 5,5
INV-001141,2025-10-09,2025-11-15,37,true,1146631.65,USD,SUP-00055,Apex Chemicals Campinas S.A.,GU-0013,Apex Chemicals Corporation,27140000,Hydraulic machinery,27000000,Tools and General Machinery,PLT-SAO,Sao Paulo Plant,LATAM,Brazil,SAP_ECC,NET35,Net 35,35
INV-001142,2025-12-31,2026-01-02,2,true,936391.9,USD,SUP-00184,Monarch Electricals Nagoya Pvt. Ltd.,GU-0045,Monarch Electricals Inc.,72100000,Facility maintenance,72000000,Building and Facility Maintenance Services,PLT-CHN,Chennai Plant,APAC,India,FIELDGLASS,NET00,Immediate / Due on receipt,0
INV-001143,2026-01-19,2026-02-03,15,true,54388.3,USD,SUP-00047,Halcyon Controls Cleveland Inc.,GU-0011,Halcyon Controls Corporation,90100000,Catering and restaurants,90000000,Travel and Food and Lodging and Entertainment Services,PLT-DET,Detroit Plant,NAMER,United States,CONCUR,MP10,"Monthly, paid 10th",25
INV-001144,2025-08-06,2025-08-15,9,true,1567190.59,USD,SUP-00083,Silverline Fabrication Pune Pte. Ltd.,GU-0020,Silverline Fabrication Industries,25100000,Motor vehicles,25000000,Commercial and Private Vehicles and Components,PLT-PUN,Pune Plant,APAC,India,SAP_S4HANA,EOM15,End of month + 15,30
INV-001145,2026-03-29,2026-06-09,72,true,1176550.19,USD,SUP-00042,Zenith Bearings Monterrey S.A. de C.V.,GU-0010,Zenith Bearings Industries,44120000,Office supplies,44000000,Office Equipment and Accessories and Supplies,PLT-CLT,Charlotte Plant,NAMER,United States,SAP_S4HANA,D2N20N60,2% 20 Net 60,60
INV-001146,2026-01-05,2026-02-19,45,true,807151.06,USD,SUP-00002,Falcon Systems Bengaluru Pte. Ltd.,GU-0001,Falcon Systems Industries,44100000,Office machines,44000000,Office Equipment and Accessories and Supplies,PLT-CHN,Chennai Plant,APAC,India,SAP_S4HANA,NET45,Net 45,45
INV-001147,2026-01-02,2026-01-05,3,true,102876.3,USD,SUP-00159,Willow Transport Osaka Pvt. Ltd.,GU-0039,Willow Transport International,78100000,Freight transport,78000000,Transportation and Storage and Mail Services,PLT-PUN,Pune Plant,APAC,India,FIELDGLASS,CIA,Cash in advance,0
INV-001148,2025-12-24,2026-01-23,30,true,126152.66,USD,SUP-00170,Kestrel Instruments Detroit Inc.,GU-0042,Kestrel Instruments Industries,44120000,Office supplies,44000000,Office Equipment and Accessories and Supplies,PLT-CLT,Charlotte Plant,NAMER,United States,SAP_S4HANA,MILESTONE,Milestone based,45
INV-001149,2025-12-23,2026-01-08,16,true,1126541.68,USD,SUP-00001,Falcon Systems Osaka Pvt. Ltd.,GU-0001,Falcon Systems Industries,44100000,Office machines,44000000,Office Equipment and Accessories and Supplies,PLT-MTY,Monterrey Plant,LATAM,Mexico,SAP_ECC,NET15,Net 15,15
INV-001150,2026-05-15,2026-05-31,16,true,95930.74,USD,SUP-00019,Umbra Fasteners Charlotte Co.,GU-0004,Umbra Fasteners International,44120000,Office supplies,44000000,Office Equipment and Accessories and Supplies,PLT-TOR,Toronto Plant,NAMER,Canada,SAP_S4HANA,NET02,Net 2,2
INV-001151,2025-11-22,2025-12-22,30,true,295447,USD,SUP-00034,Vantage Technologies Milan GmbH,GU-0007,Vantage Technologies Inc.,84120000,Banking and finance services,84000000,Financial and Insurance Services,PLT-STU,Stuttgart Plant,EMEA,Germany,SAP_S4HANA,NET30,Net 30,30
INV-001152,2026-03-13,2026-03-30,17,true,144293.66,USD,SUP-00001,Falcon Systems Osaka Pvt. Ltd.,GU-0001,Falcon Systems Industries,44100000,Office machines,44000000,Office Equipment and Accessories and Supplies,PLT-SHA,Shanghai Plant,APAC,China,SAP_S4HANA,NET15,Net 15,15
INV-001153,2025-11-15,2026-01-06,52,true,584888.18,USD,SUP-00022,Umbra Fasteners Toronto LLC,GU-0004,Umbra Fasteners International,44120000,Office supplies,44000000,Office Equipment and Accessories and Supplies,PLT-CLT,Charlotte Plant,NAMER,United States,SAP_ECC,D2N10N30,2% 10 Net 30,30
INV-001154,2025-08-10,2025-10-12,63,true,402498.94,USD,SUP-00198,Falcon Consulting Charlotte LLC,GU-0048,Falcon Consulting Corporation,80110000,HR services,80000000,Management and Business Professionals and Admin Services,PLT-DET,Detroit Plant,NAMER,United States,SAP_S4HANA,NET60,Net 60,60
INV-001155,2025-09-12,2025-09-24,12,true,237327.61,USD,SUP-00011,Frontier Polymers Montreal Co.,GU-0002,Frontier Polymers Global,44120000,Office supplies,44000000,Office Equipment and Accessories and Supplies,PLT-DET,Detroit Plant,NAMER,United States,SAP_S4HANA,NET07,Net 7,7
INV-001156,2025-09-01,2025-10-19,48,true,564422.82,USD,SUP-00015,Orion Supply Co Osaka Pvt. Ltd.,GU-0003,Orion Supply Co International,44120000,Office supplies,44000000,Office Equipment and Accessories and Supplies,PLT-PUN,Pune Plant,APAC,India,FIELDGLASS,NET21,Net 21,21
INV-001157,2025-12-06,2026-04-07,122,true,655098.74,USD,SUP-00039,Sequoia Fasteners Lille Ltd.,GU-0008,Sequoia Fasteners Holdings,43230000,Software licenses,43000000,Information Technology Broadcasting and Telecommunications,PLT-STU,Stuttgart Plant,EMEA,Germany,FIELDGLASS,NET120,Net 120,120
INV-001158,2025-08-31,2025-09-01,1,true,192471.4,USD,SUP-00123,Monarch Energy Bengaluru Ltd.,GU-0030,Monarch Energy International,25170000,Vehicle components and accessories,25000000,Commercial and Private Vehicles and Components,PLT-PUN,Pune Plant,APAC,India,SAP_S4HANA,NET10,Net 10,10
INV-001159,2026-06-14,2026-06-17,3,true,440071.65,USD,SUP-00006,Falcon Systems Nagoya Pte. Ltd.,GU-0001,Falcon Systems Industries,44100000,Office machines,44000000,Office Equipment and Accessories and Supplies,PLT-SHA,Shanghai Plant,APAC,China,SAP_S4HANA,NET05,Net 5,5
INV-001160,2026-02-13,2026-06-16,123,true,280346.96,USD,SUP-00035,Sequoia Fasteners Manchester AG,GU-0008,Sequoia Fasteners Holdings,90120000,Travel services,90000000,Travel and Food and Lodging and Entertainment Services,PLT-SHA,Shanghai Plant,APAC,China,CONCUR,NET120,Net 120,120
INV-001161,2026-05-19,2026-06-14,26,true,5337661.29,USD,SUP-00014,Orion Supply Co Osaka Pte. Ltd.,GU-0003,Orion Supply Co International,43190000,Communications devices,43000000,Information Technology Broadcasting and Telecommunications,PLT-MTY,Monterrey Plant,LATAM,Mexico,FIELDGLASS,NET08,Net 8,8
INV-001162,2025-09-04,2025-09-15,11,true,220888.63,USD,SUP-00012,Frontier Polymers Charlotte LLC,GU-0002,Frontier Polymers Global,31160000,Hardware and fasteners,31000000,Manufacturing Components and Supplies,PLT-HOU,Houston Plant,NAMER,United States,SAP_S4HANA,D2N10N45,2% 10 Net 45,45
INV-001163,2026-06-21,,,false,1042691.09,USD,SUP-00030,Vantage Technologies Lyon GmbH,GU-0007,Vantage Technologies Inc.,39130000,Electrical hardware,39000000,Electrical Systems and Lighting and Components,PLT-LYO,Lyon Plant,EMEA,France,SAP_ECC,NET30,Net 30,30
INV-001164,2026-04-21,2026-07-30,100,true,3204725.66,USD,SUP-00008,Frontier Polymers Detroit Corp.,GU-0002,Frontier Polymers Global,44120000,Office supplies,44000000,Office Equipment and Accessories and Supplies,PLT-HOU,Houston Plant,NAMER,United States,CONCUR,NET100,Net 100,100
INV-001165,2026-02-12,2026-02-26,14,true,94615.41,USD,SUP-00012,Frontier Polymers Charlotte LLC,GU-0002,Frontier Polymers Global,31160000,Hardware and fasteners,31000000,Manufacturing Components and Supplies,PLT-CLT,Charlotte Plant,NAMER,United States,SAP_ECC,D2N10N45,2% 10 Net 45,45
INV-001166,2025-12-29,2026-01-07,9,true,99870.4,USD,SUP-00003,Falcon Systems Osaka Pte. Ltd.,GU-0001,Falcon Systems Industries,44100000,Office machines,44000000,Office Equipment and Accessories and Supplies,PLT-SHA,Shanghai Plant,APAC,China,SAP_ECC,NET15,Net 15,15
INV-001167,2025-08-31,2025-10-17,47,true,2232385.59,USD,SUP-00001,Falcon Systems Osaka Pvt. Ltd.,GU-0001,Falcon Systems Industries,44100000,Office machines,44000000,Office Equipment and Accessories and Supplies,PLT-SHA,Shanghai Plant,APAC,China,SAP_S4HANA,NET45,Net 45,45
INV-001168,2026-04-10,2026-06-01,52,true,451996.99,USD,SUP-00001,Falcon Systems Osaka Pvt. Ltd.,GU-0001,Falcon Systems Industries,44100000,Office machines,44000000,Office Equipment and Accessories and Supplies,PLT-LYO,Lyon Plant,EMEA,France,SAP_ECC,NET45,Net 45,45
INV-001169,2026-02-12,2026-03-02,18,true,1153051.14,USD,SUP-00085,Orion Automation Queretaro S.A. de C.V.,GU-0021,Orion Automation International,78100000,Freight transport,78000000,Transportation and Storage and Mail Services,PLT-MTY,Monterrey Plant,LATAM,Mexico,SAP_S4HANA,NET13,Net 13,13
INV-001170,2025-11-27,2026-06-06,191,true,201690.38,USD,SUP-00043,Zenith Bearings Monterrey Ltda.,GU-0010,Zenith Bearings Industries,31160000,Hardware and fasteners,31000000,Manufacturing Components and Supplies,PLT-SAO,Sao Paulo Plant,LATAM,Brazil,SAP_S4HANA,NET180,Net 180,180
INV-001171,2025-12-20,2026-02-01,43,true,41673.4,USD,SUP-00078,Everest Cloud Services Rotterdam B.V.,GU-0019,Everest Cloud Services Industries,47130000,Cleaning supplies,47000000,Cleaning Equipment and Supplies,PLT-TOR,Toronto Plant,NAMER,Canada,SAP_S4HANA,NET50,Net 50,50
INV-001172,2026-06-16,2026-07-17,31,true,1255258.93,USD,SUP-00122,Bluepeak Services Pune Co. Ltd.,GU-0029,Bluepeak Services Holdings,25100000,Motor vehicles,25000000,Commercial and Private Vehicles and Components,PLT-PUN,Pune Plant,APAC,India,SAP_S4HANA,NET25,Net 25,25
INV-001173,2025-09-28,2025-10-14,16,true,282139.33,USD,SUP-00024,Apex Supply Co Lyon AG,GU-0005,Apex Supply Co Global,31350000,Machined castings,31000000,Manufacturing Components and Supplies,PLT-LYO,Lyon Plant,EMEA,France,SAP_ECC,NET14,Net 14,14
INV-001174,2026-01-02,2026-02-22,51,true,88669.15,USD,SUP-00006,Falcon Systems Nagoya Pte. Ltd.,GU-0001,Falcon Systems Industries,44100000,Office machines,44000000,Office Equipment and Accessories and Supplies,PLT-CHN,Chennai Plant,APAC,India,SAP_S4HANA,NET45,Net 45,45
INV-001175,2025-07-09,2025-10-20,103,true,1107551.76,USD,SUP-00018,Orion Supply Co Shanghai Pte. Ltd.,GU-0003,Orion Supply Co International,43190000,Communications devices,43000000,Information Technology Broadcasting and Telecommunications,PLT-PUN,Pune Plant,APAC,India,SAP_S4HANA,NET90,Net 90,90
INV-001176,2025-09-09,2025-10-11,32,true,337967.46,USD,SUP-00192,Ridgeway Electricals Singapore Pte. Ltd.,GU-0046,Ridgeway Electricals Industries,76120000,Waste management,76000000,Industrial Cleaning Services,PLT-PUN,Pune Plant,APAC,India,FIELDGLASS,NET15,Net 15,15
INV-001177,2026-03-25,2026-05-12,48,true,180141.93,USD,SUP-00006,Falcon Systems Nagoya Pte. Ltd.,GU-0001,Falcon Systems Industries,44100000,Office machines,44000000,Office Equipment and Accessories and Supplies,PLT-PUN,Pune Plant,APAC,India,ARIBA,NET45,Net 45,45
INV-001178,2025-12-21,2026-01-04,14,true,213267.3,USD,SUP-00005,Falcon Systems Singapore Pte. Ltd.,GU-0001,Falcon Systems Industries,44100000,Office machines,44000000,Office Equipment and Accessories and Supplies,PLT-PUN,Pune Plant,APAC,India,FIELDGLASS,NET15,Net 15,15
INV-001179,2026-03-20,2026-05-14,55,true,803931.47,USD,SUP-00150,Talon Fabrication Lille S.p.A.,GU-0036,Talon Fabrication Inc.,47130000,Cleaning supplies,47000000,Cleaning Equipment and Supplies,PLT-STU,Stuttgart Plant,EMEA,Germany,SAP_S4HANA,NET30,Net 30,30
INV-001180,2025-11-17,2026-01-03,47,true,68971.21,USD,SUP-00001,Falcon Systems Osaka Pvt. Ltd.,GU-0001,Falcon Systems Industries,44100000,Office machines,44000000,Office Equipment and Accessories and Supplies,PLT-SHA,Shanghai Plant,APAC,China,SAP_S4HANA,NET45,Net 45,45
INV-001181,2025-12-06,2025-12-22,16,true,861079.74,USD,SUP-00024,Apex Supply Co Lyon AG,GU-0005,Apex Supply Co Global,31350000,Machined castings,31000000,Manufacturing Components and Supplies,PLT-MAN,Manchester Plant,EMEA,United Kingdom,SAP_ECC,NET14,Net 14,14
INV-001182,2025-07-20,2025-09-03,45,true,491336.22,USD,SUP-00003,Falcon Systems Osaka Pte. Ltd.,GU-0001,Falcon Systems Industries,,,,,PLT-HOU,Houston Plant,NAMER,United States,SAP_ECC,NET45,Net 45,45
INV-001183,2026-06-21,,,false,122485.64,USD,SUP-00006,Falcon Systems Nagoya Pte. Ltd.,GU-0001,Falcon Systems Industries,44100000,Office machines,44000000,Office Equipment and Accessories and Supplies,PLT-PUN,Pune Plant,APAC,India,SAP_S4HANA,NET15,Net 15,15
INV-001184,2025-12-08,2026-01-25,48,true,2196068.79,USD,SUP-00005,Falcon Systems Singapore Pte. Ltd.,GU-0001,Falcon Systems Industries,44100000,Office machines,44000000,Office Equipment and Accessories and Supplies,PLT-PUN,Pune Plant,APAC,India,SAP_ECC,NET45,Net 45,45
INV-001185,2025-12-17,2026-02-13,58,true,1282706.91,USD,SUP-00027,Orion Polymers Queretaro Ltda.,GU-0006,Orion Polymers Group,39120000,Electrical wire and cable,39000000,Electrical Systems and Lighting and Components,PLT-MTY,Monterrey Plant,LATAM,Mexico,ARIBA,D2N15N45,2% 15 Net 45,45
INV-001186,2025-11-10,2025-11-23,13,true,163287.01,USD,SUP-00007,Frontier Polymers Charlotte Inc.,GU-0002,Frontier Polymers Global,31160000,Hardware and fasteners,31000000,Manufacturing Components and Supplies,PLT-MTY,Monterrey Plant,LATAM,Mexico,ARIBA,D2N15N45,2% 15 Net 45,45
INV-001187,2025-10-23,2026-02-19,119,true,112590.9,USD,SUP-00104,Bluepeak Bearing Works Manchester AG,GU-0026,Bluepeak Bearing Works Group,,,,,PLT-CHN,Chennai Plant,APAC,India,FIELDGLASS,NET120,Net 120,120
INV-001188,2026-04-19,2026-05-31,42,true,647903.96,USD,SUP-00197,Bluepeak Manufacturing Toronto Inc.,GU-0047,Bluepeak Manufacturing International,84130000,Insurance,84000000,Financial and Insurance Services,PLT-SAO,Sao Paulo Plant,LATAM,Brazil,ARIBA,NET30,Net 30,30
INV-001189,2026-02-27,2026-03-11,12,true,988401.49,USD,SUP-00059,Sequoia Fluid Systems Campinas S.A.,GU-0014,Sequoia Fluid Systems Global,40170000,Compressors and blowers,40000000,Distribution and Conditioning Systems and Equipment,PLT-DET,Detroit Plant,NAMER,United States,SAP_S4HANA,NET10,Net 10,10
INV-001190,2025-09-11,2025-10-22,41,true,115376.48,USD,SUP-00027,Orion Polymers Queretaro Ltda.,GU-0006,Orion Polymers Group,44120000,Office supplies,44000000,Office Equipment and Accessories and Supplies,PLT-SAO,Sao Paulo Plant,LATAM,Brazil,SAP_ECC,MP10,"Monthly, paid 10th",25
INV-001191,2025-08-10,2025-09-25,46,true,2128090.74,USD,SUP-00015,Orion Supply Co Osaka Pvt. Ltd.,GU-0003,Orion Supply Co International,90120000,Travel services,90000000,Travel and Food and Lodging and Entertainment Services,PLT-SNG,Singapore Hub,APAC,Singapore,CONCUR,ADV5050,50% advance / 50% Net 30,30
INV-001192,2025-10-13,2025-12-02,50,true,120846.14,USD,SUP-00003,Falcon Systems Osaka Pte. Ltd.,GU-0001,Falcon Systems Industries,44100000,Office machines,44000000,Office Equipment and Accessories and Supplies,PLT-PUN,Pune Plant,APAC,India,SAP_S4HANA,NET45,Net 45,45
INV-001193,2025-10-15,2025-10-16,1,true,504104.27,USD,SUP-00040,Frontier Solutions Sao Paulo Ltda.,GU-0009,Frontier Solutions Corporation,,,,,PLT-MTY,Monterrey Plant,LATAM,Mexico,SAP_ECC,NET00,Immediate / Due on receipt,0
INV-001194,2026-05-30,,,false,108086.83,USD,SUP-00045,Zenith Bearings Queretaro Ltda.,GU-0010,Zenith Bearings Industries,76120000,Waste management,76000000,Industrial Cleaning Services,PLT-SAO,Sao Paulo Plant,LATAM,Brazil,SAP_S4HANA,D2N20N60,2% 20 Net 60,60
INV-001195,2026-02-24,2026-04-23,58,true,19975.9,USD,SUP-00025,Orion Polymers Monterrey S.A.,GU-0006,Orion Polymers Group,44120000,Office supplies,44000000,Office Equipment and Accessories and Supplies,PLT-MTY,Monterrey Plant,LATAM,Mexico,SAP_S4HANA,MP25,"Monthly, paid 25th",40
INV-001196,2026-01-17,2026-02-14,28,true,200948.41,USD,SUP-00071,Redwood Controls Chennai Ltd.,GU-0017,Redwood Controls Inc.,31160000,Hardware and fasteners,31000000,Manufacturing Components and Supplies,PLT-PUN,Pune Plant,APAC,India,SAP_S4HANA,NET21,Net 21,21
INV-001197,2025-08-25,2025-09-21,27,true,101442.43,USD,SUP-00005,Falcon Systems Singapore Pte. Ltd.,GU-0001,Falcon Systems Industries,44100000,Office machines,44000000,Office Equipment and Accessories and Supplies,PLT-PUN,Pune Plant,APAC,India,SAP_ECC,,,
INV-001198,2026-02-04,2026-03-23,47,true,54976.98,USD,SUP-00006,Falcon Systems Nagoya Pte. Ltd.,GU-0001,Falcon Systems Industries,44100000,Office machines,44000000,Office Equipment and Accessories and Supplies,PLT-DET,Detroit Plant,NAMER,United States,ARIBA,NET45,Net 45,45
INV-001199,2026-04-24,2026-04-28,4,true,216924.12,USD,SUP-00003,Falcon Systems Osaka Pte. Ltd.,GU-0001,Falcon Systems Industries,44100000,Office machines,44000000,Office Equipment and Accessories and Supplies,PLT-PUN,Pune Plant,APAC,India,SAP_S4HANA,NET05,Net 5,5
INV-001200,2026-04-24,2026-06-11,48,true,171519.93,USD,SUP-00006,Falcon Systems Nagoya Pte. Ltd.,GU-0001,Falcon Systems Industries,44100000,Office machines,44000000,Office Equipment and Accessories and Supplies,PLT-SNG,Singapore Hub,APAC,Singapore,ARIBA,NET45,Net 45,45
INV-001201,2026-03-01,2026-04-15,45,true,433588.6,USD,SUP-00006,Falcon Systems Nagoya Pte. Ltd.,GU-0001,Falcon Systems Industries,44100000,Office machines,44000000,Office Equipment and Accessories and Supplies,PLT-MTY,Monterrey Plant,LATAM,Mexico,SAP_S4HANA,NET45,Net 45,45
INV-001202,2026-04-01,2026-05-16,45,true,628038.07,USD,SUP-00005,Falcon Systems Singapore Pte. Ltd.,GU-0001,Falcon Systems Industries,44100000,Office machines,44000000,Office Equipment and Accessories and Supplies,PLT-CHN,Chennai Plant,APAC,India,SAP_ECC,NET45,Net 45,45
INV-001203,2026-01-18,2026-01-29,11,true,651110.89,USD,SUP-00137,Redwood Logistics Lille AG,GU-0034,Redwood Logistics Global,31160000,Hardware and fasteners,31000000,Manufacturing Components and Supplies,PLT-DET,Detroit Plant,NAMER,United States,SAP_ECC,NET08,Net 8,8
INV-001204,2025-08-21,2025-10-01,41,true,126374.85,USD,SUP-00052,Apex Chemicals Sao Paulo S.A.,GU-0013,Apex Chemicals Corporation,84120000,Banking and finance services,84000000,Financial and Insurance Services,PLT-MAN,Manchester Plant,EMEA,United Kingdom,CONCUR,NET35,Net 35,35
INV-001205,2025-07-19,2025-08-05,17,true,447819.74,USD,SUP-00024,Apex Supply Co Lyon AG,GU-0005,Apex Supply Co Global,31350000,Machined castings,31000000,Manufacturing Components and Supplies,PLT-SNG,Singapore Hub,APAC,Singapore,SAP_ECC,NET14,Net 14,14
INV-001206,2025-09-28,2025-10-15,17,true,53175.86,USD,SUP-00003,Falcon Systems Osaka Pte. Ltd.,GU-0001,Falcon Systems Industries,44100000,Office machines,44000000,Office Equipment and Accessories and Supplies,PLT-PUN,Pune Plant,APAC,India,SAP_S4HANA,NET15,Net 15,15
INV-001207,2025-11-11,2025-12-30,49,true,300925.7,USD,SUP-00003,Falcon Systems Osaka Pte. Ltd.,GU-0001,Falcon Systems Industries,44100000,Office machines,44000000,Office Equipment and Accessories and Supplies,PLT-PUN,Pune Plant,APAC,India,SAP_S4HANA,NET45,Net 45,45
INV-001208,2026-02-12,2026-03-25,41,true,41658.82,USD,SUP-00006,Falcon Systems Nagoya Pte. Ltd.,GU-0001,Falcon Systems Industries,,,,,PLT-SNG,Singapore Hub,APAC,Singapore,SAP_S4HANA,NET45,Net 45,45
INV-001209,2025-08-06,2025-10-03,58,true,1902440.69,USD,SUP-00020,Umbra Fasteners Houston Corp.,GU-0004,Umbra Fasteners International,,,,,PLT-STU,Stuttgart Plant,EMEA,Germany,SAP_ECC,NET50,Net 50,50
INV-001210,2026-05-03,2026-06-21,49,true,714955.31,USD,SUP-00023,Umbra Fasteners Detroit Corp.,GU-0004,Umbra Fasteners International,31160000,Hardware and fasteners,31000000,Manufacturing Components and Supplies,PLT-CHN,Chennai Plant,APAC,India,SAP_S4HANA,MP25,"Monthly, paid 25th",40
INV-001211,2026-05-06,2026-05-24,18,true,28112.47,USD,SUP-00003,Falcon Systems Osaka Pte. Ltd.,GU-0001,Falcon Systems Industries,44100000,Office machines,44000000,Office Equipment and Accessories and Supplies,PLT-PUN,Pune Plant,APAC,India,FIELDGLASS,NET15,Net 15,15
INV-001212,2025-09-16,2025-09-21,5,true,240782.61,USD,SUP-00003,Falcon Systems Osaka Pte. Ltd.,GU-0001,Falcon Systems Industries,44100000,Office machines,44000000,Office Equipment and Accessories and Supplies,PLT-SHA,Shanghai Plant,APAC,China,SAP_S4HANA,NET05,Net 5,5
INV-001213,2025-07-22,2025-07-24,2,true,463702.06,USD,SUP-00040,Frontier Solutions Sao Paulo Ltda.,GU-0009,Frontier Solutions Corporation,40170000,Compressors and blowers,40000000,Distribution and Conditioning Systems and Equipment,PLT-MTY,Monterrey Plant,LATAM,Mexico,SAP_ECC,NET00,Immediate / Due on receipt,0
INV-001214,2025-07-21,2025-08-08,18,true,27491.86,USD,SUP-00006,Falcon Systems Nagoya Pte. Ltd.,GU-0001,Falcon Systems Industries,44100000,Office machines,44000000,Office Equipment and Accessories and Supplies,PLT-CHN,Chennai Plant,APAC,India,SAP_S4HANA,NET15,Net 15,15
INV-001215,2026-03-19,2026-07-26,129,true,9362753.17,USD,SUP-00036,Sequoia Fasteners Munich S.p.A.,GU-0008,Sequoia Fasteners Holdings,43230000,Software licenses,43000000,Information Technology Broadcasting and Telecommunications,PLT-LYO,Lyon Plant,EMEA,France,SAP_ECC,NET120,Net 120,120
INV-001216,2026-04-25,2026-05-10,15,true,66627.32,USD,SUP-00101,Emerald Energy Queretaro S.A. de C.V.,GU-0025,Emerald Energy Industries,44120000,Office supplies,44000000,Office Equipment and Accessories and Supplies,PLT-PUN,Pune Plant,APAC,India,SAP_S4HANA,NET11,Net 11,11
INV-001217,2026-03-12,2026-04-29,48,true,304180.95,USD,SUP-00006,Falcon Systems Nagoya Pte. Ltd.,GU-0001,Falcon Systems Industries,,,,,PLT-MTY,Monterrey Plant,LATAM,Mexico,SAP_S4HANA,NET45,Net 45,45
INV-001218,2025-08-30,2025-09-05,6,true,353867.18,USD,SUP-00012,Frontier Polymers Charlotte LLC,GU-0002,Frontier Polymers Global,44120000,Office supplies,44000000,Office Equipment and Accessories and Supplies,PLT-MAN,Manchester Plant,EMEA,United Kingdom,SAP_S4HANA,NET04,Net 4,4
INV-001219,2026-05-10,2026-07-26,77,true,107220.22,USD,SUP-00137,Redwood Logistics Lille AG,GU-0034,Redwood Logistics Global,47130000,Cleaning supplies,47000000,Cleaning Equipment and Supplies,PLT-STU,Stuttgart Plant,EMEA,Germany,SAP_S4HANA,EOM60,End of month + 60,75
INV-001220,2026-01-25,2026-02-11,17,true,503745.96,USD,SUP-00023,Umbra Fasteners Detroit Corp.,GU-0004,Umbra Fasteners International,31160000,Hardware and fasteners,31000000,Manufacturing Components and Supplies,PLT-CLT,Charlotte Plant,NAMER,United States,SAP_ECC,NET08,Net 8,8
INV-001221,2026-06-18,,,false,1531577.49,USD,SUP-00020,Umbra Fasteners Houston Corp.,GU-0004,Umbra Fasteners International,31160000,Hardware and fasteners,31000000,Manufacturing Components and Supplies,PLT-DET,Detroit Plant,NAMER,United States,SAP_S4HANA,NET30,Net 30,30
INV-001222,2025-07-24,2025-09-07,45,true,129366.93,USD,SUP-00002,Falcon Systems Bengaluru Pte. Ltd.,GU-0001,Falcon Systems Industries,44100000,Office machines,44000000,Office Equipment and Accessories and Supplies,PLT-PUN,Pune Plant,APAC,India,SAP_ECC,NET45,Net 45,45
INV-001223,2026-05-12,2026-05-26,14,true,632669.82,USD,SUP-00006,Falcon Systems Nagoya Pte. Ltd.,GU-0001,Falcon Systems Industries,,,,,PLT-LYO,Lyon Plant,EMEA,France,ARIBA,NET15,Net 15,15
INV-001224,2026-05-09,2026-06-24,46,true,6603238.22,USD,SUP-00057,Sequoia Fluid Systems Queretaro S.A.,GU-0014,Sequoia Fluid Systems Global,43210000,Computer equipment,43000000,Information Technology Broadcasting and Telecommunications,PLT-SAO,Sao Paulo Plant,LATAM,Brazil,SAP_S4HANA,NET45,Net 45,45
INV-001225,2026-01-23,2026-03-12,48,true,65106.27,USD,SUP-00080,Everest Cloud Services Eindhoven Ltd.,GU-0019,Everest Cloud Services Industries,47130000,Cleaning supplies,47000000,Cleaning Equipment and Supplies,PLT-SAO,Sao Paulo Plant,LATAM,Brazil,SAP_S4HANA,NET50,Net 50,50
INV-001226,2026-04-03,2026-04-12,9,true,3532641.37,USD,SUP-00173,Kestrel Controls Singapore Pvt. Ltd.,GU-0043,Kestrel Controls Holdings,76110000,Cleaning services,76000000,Industrial Cleaning Services,PLT-PUN,Pune Plant,APAC,India,SAP_ECC,NET10,Net 10,10
INV-001227,2026-03-04,2026-04-05,32,true,335996.58,USD,SUP-00029,Vantage Technologies Rotterdam Ltd.,GU-0007,Vantage Technologies Inc.,76110000,Cleaning services,76000000,Industrial Cleaning Services,PLT-PUN,Pune Plant,APAC,India,SAP_S4HANA,EOM15,End of month + 15,30
INV-001228,2026-01-26,2026-05-24,118,true,520612.47,USD,SUP-00039,Sequoia Fasteners Lille Ltd.,GU-0008,Sequoia Fasteners Holdings,90120000,Travel services,90000000,Travel and Food and Lodging and Entertainment Services,PLT-MAN,Manchester Plant,EMEA,United Kingdom,CONCUR,NET120,Net 120,120
INV-001229,2025-09-16,2025-10-04,18,true,610016.77,USD,SUP-00024,Apex Supply Co Lyon AG,GU-0005,Apex Supply Co Global,31350000,Machined castings,31000000,Manufacturing Components and Supplies,PLT-PUN,Pune Plant,APAC,India,ARIBA,NET14,Net 14,14
INV-001230,2026-04-16,2026-05-15,29,true,965742.15,USD,SUP-00031,Vantage Technologies Milan S.p.A.,GU-0007,Vantage Technologies Inc.,39130000,Electrical hardware,39000000,Electrical Systems and Lighting and Components,PLT-MAN,Manchester Plant,EMEA,United Kingdom,SAP_ECC,NET30,Net 30,30
INV-001231,2026-05-18,2026-05-21,3,true,438225.29,USD,SUP-00040,Frontier Solutions Sao Paulo Ltda.,GU-0009,Frontier Solutions Corporation,40170000,Compressors and blowers,40000000,Distribution and Conditioning Systems and Equipment,PLT-MTY,Monterrey Plant,LATAM,Mexico,SAP_S4HANA,NET00,Immediate / Due on receipt,0
INV-001232,2026-06-14,2026-07-10,26,true,751053.7,USD,SUP-00017,Orion Supply Co Chennai Co. Ltd.,GU-0003,Orion Supply Co International,43190000,Communications devices,43000000,Information Technology Broadcasting and Telecommunications,PLT-PUN,Pune Plant,APAC,India,ARIBA,NET21,Net 21,21
INV-001233,2026-02-22,2026-03-18,24,true,373692.76,USD,SUP-00009,Frontier Polymers Montreal Inc.,GU-0002,Frontier Polymers Global,31160000,Hardware and fasteners,31000000,Manufacturing Components and Supplies,PLT-PUN,Pune Plant,APAC,India,SAP_ECC,NET21,Net 21,21
INV-001234,2026-06-05,2026-06-06,1,true,695475.65,USD,SUP-00206,Marlin Freight Shenzhen Co. Ltd.,GU-0050,Marlin Freight Holdings,44120000,Office supplies,44000000,Office Equipment and Accessories and Supplies,PLT-CHN,Chennai Plant,APAC,India,SAP_S4HANA,NET07,Net 7,7
INV-001235,2025-08-01,2025-09-19,49,true,15800.54,USD,SUP-00001,Falcon Systems Osaka Pvt. Ltd.,GU-0001,Falcon Systems Industries,44100000,Office machines,44000000,Office Equipment and Accessories and Supplies,PLT-CHN,Chennai Plant,APAC,India,SAP_ECC,NET45,Net 45,45
INV-001236,2026-05-13,2026-05-30,17,true,471629.38,USD,SUP-00024,Apex Supply Co Lyon AG,GU-0005,Apex Supply Co Global,31350000,Machined castings,31000000,Manufacturing Components and Supplies,PLT-CLT,Charlotte Plant,NAMER,United States,SAP_ECC,NET14,Net 14,14
INV-001237,2025-07-25,2025-09-15,52,true,119699.26,USD,SUP-00003,Falcon Systems Osaka Pte. Ltd.,GU-0001,Falcon Systems Industries,44100000,Office machines,44000000,Office Equipment and Accessories and Supplies,PLT-MTY,Monterrey Plant,LATAM,Mexico,ARIBA,,,
INV-001238,2026-04-16,2026-06-22,67,true,140802.99,USD,SUP-00008,Frontier Polymers Detroit Corp.,GU-0002,Frontier Polymers Global,,,,,PLT-HOU,Houston Plant,NAMER,United States,ARIBA,NET60,Net 60,60
INV-001239,2025-08-30,2025-11-02,64,true,808977.73,USD,SUP-00198,Falcon Consulting Charlotte LLC,GU-0048,Falcon Consulting Corporation,43220000,Networking equipment,43000000,Information Technology Broadcasting and Telecommunications,PLT-PUN,Pune Plant,APAC,India,SAP_ECC,NET60,Net 60,60
INV-001240,2025-11-07,2025-12-23,46,true,36713.52,USD,SUP-00003,Falcon Systems Osaka Pte. Ltd.,GU-0001,Falcon Systems Industries,44100000,Office machines,44000000,Office Equipment and Accessories and Supplies,PLT-SNG,Singapore Hub,APAC,Singapore,SAP_ECC,NET45,Net 45,45
INV-001241,2025-09-11,2025-09-12,1,true,958340.86,USD,SUP-00041,Frontier Solutions Monterrey Ltda.,GU-0009,Frontier Solutions Corporation,40170000,Compressors and blowers,40000000,Distribution and Conditioning Systems and Equipment,PLT-MTY,Monterrey Plant,LATAM,Mexico,ARIBA,NET00,Immediate / Due on receipt,0
INV-001242,2025-10-19,2025-12-08,50,true,31731.56,USD,SUP-00004,Falcon Systems Chennai Co. Ltd.,GU-0001,Falcon Systems Industries,44100000,Office machines,44000000,Office Equipment and Accessories and Supplies,PLT-PUN,Pune Plant,APAC,India,SAP_S4HANA,NET45,Net 45,45
INV-001243,2025-10-27,2025-11-24,28,true,662789.84,USD,SUP-00119,Bluepeak Services Shenzhen Ltd.,GU-0029,Bluepeak Services Holdings,25100000,Motor vehicles,25000000,Commercial and Private Vehicles and Components,PLT-PUN,Pune Plant,APAC,India,SAP_S4HANA,NET25,Net 25,25
INV-001244,2025-08-16,2025-09-19,34,true,714938.1,USD,SUP-00007,Frontier Polymers Charlotte Inc.,GU-0002,Frontier Polymers Global,31160000,Hardware and fasteners,31000000,Manufacturing Components and Supplies,PLT-HOU,Houston Plant,NAMER,United States,SAP_ECC,,,
INV-001245,2025-12-25,2026-04-26,122,true,429215.86,USD,SUP-00038,Sequoia Fasteners Leeds Ltd.,GU-0008,Sequoia Fasteners Holdings,90120000,Travel services,90000000,Travel and Food and Lodging and Entertainment Services,PLT-STU,Stuttgart Plant,EMEA,Germany,CONCUR,NET120,Net 120,120
INV-001246,2026-05-11,2026-06-29,49,true,138589.39,USD,SUP-00003,Falcon Systems Osaka Pte. Ltd.,GU-0001,Falcon Systems Industries,44100000,Office machines,44000000,Office Equipment and Accessories and Supplies,PLT-CHN,Chennai Plant,APAC,India,SAP_S4HANA,NET45,Net 45,45
INV-001247,2025-10-18,2025-10-26,8,true,140122.69,USD,SUP-00007,Frontier Polymers Charlotte Inc.,GU-0002,Frontier Polymers Global,44120000,Office supplies,44000000,Office Equipment and Accessories and Supplies,PLT-DET,Detroit Plant,NAMER,United States,SAP_ECC,D2N10N30,2% 10 Net 30,30
INV-001248,2026-05-05,2026-05-11,6,true,84874.73,USD,SUP-00004,Falcon Systems Chennai Co. Ltd.,GU-0001,Falcon Systems Industries,44100000,Office machines,44000000,Office Equipment and Accessories and Supplies,PLT-PUN,Pune Plant,APAC,India,SAP_ECC,NET05,Net 5,5
INV-001249,2026-05-26,2026-06-15,20,true,208252.95,USD,SUP-00001,Falcon Systems Osaka Pvt. Ltd.,GU-0001,Falcon Systems Industries,44100000,Office machines,44000000,Office Equipment and Accessories and Supplies,PLT-SHA,Shanghai Plant,APAC,China,SAP_ECC,NET15,Net 15,15
INV-001250,2026-04-11,,,false,382599.89,USD,SUP-00116,Northwind Fluid Systems Stuttgart B.V.,GU-0028,Northwind Fluid Systems International,72100000,Facility maintenance,72000000,Building and Facility Maintenance Services,PLT-STU,Stuttgart Plant,EMEA,Germany,FIELDGLASS,NET150,Net 150,150
INV-001251,2026-03-20,2026-06-01,73,true,57546.82,USD,SUP-00015,Orion Supply Co Osaka Pvt. Ltd.,GU-0003,Orion Supply Co International,90120000,Travel services,90000000,Travel and Food and Lodging and Entertainment Services,PLT-SHA,Shanghai Plant,APAC,China,CONCUR,NET60,Net 60,60
INV-001252,2025-09-22,2025-11-26,65,true,249571.17,USD,SUP-00043,Zenith Bearings Monterrey Ltda.,GU-0010,Zenith Bearings Industries,44120000,Office supplies,44000000,Office Equipment and Accessories and Supplies,PLT-MTY,Monterrey Plant,LATAM,Mexico,ARIBA,D1N15N45,1% 15 Net 45,45
INV-001253,2026-05-09,,,false,276987.73,USD,SUP-00005,Falcon Systems Singapore Pte. Ltd.,GU-0001,Falcon Systems Industries,44100000,Office machines,44000000,Office Equipment and Accessories and Supplies,PLT-DET,Detroit Plant,NAMER,United States,SAP_S4HANA,NET45,Net 45,45
INV-001254,2026-06-16,2026-08-02,47,true,296820.9,USD,SUP-00005,Falcon Systems Singapore Pte. Ltd.,GU-0001,Falcon Systems Industries,44100000,Office machines,44000000,Office Equipment and Accessories and Supplies,PLT-LYO,Lyon Plant,EMEA,France,SAP_ECC,NET45,Net 45,45
INV-001255,2026-03-22,2026-05-02,41,true,43733.89,USD,SUP-00017,Orion Supply Co Chennai Co. Ltd.,GU-0003,Orion Supply Co International,44120000,Office supplies,44000000,Office Equipment and Accessories and Supplies,PLT-SNG,Singapore Hub,APAC,Singapore,SAP_ECC,D15N10N30,1.5% 10 Net 30,30
INV-001256,2025-12-26,2026-04-03,98,true,319722.63,USD,SUP-00017,Orion Supply Co Chennai Co. Ltd.,GU-0003,Orion Supply Co International,44120000,Office supplies,44000000,Office Equipment and Accessories and Supplies,PLT-SHA,Shanghai Plant,APAC,China,SAP_S4HANA,NET90,Net 90,90
INV-001257,2026-06-05,,,false,775556.61,USD,SUP-00026,Orion Polymers Monterrey S.A. de C.V.,GU-0006,Orion Polymers Group,31200000,Adhesives and sealants,31000000,Manufacturing Components and Supplies,PLT-SAO,Sao Paulo Plant,LATAM,Brazil,SAP_ECC,NET180,Net 180,180
INV-001258,2025-11-12,2025-12-23,41,true,7718185.6,USD,SUP-00126,Monarch Energy Pune Co. Ltd.,GU-0030,Monarch Energy International,25170000,Vehicle components and accessories,25000000,Commercial and Private Vehicles and Components,PLT-HOU,Houston Plant,NAMER,United States,SAP_ECC,,,
INV-001259,2026-02-08,2026-03-10,30,true,1539124.49,USD,SUP-00017,Orion Supply Co Chennai Co. Ltd.,GU-0003,Orion Supply Co International,43190000,Communications devices,43000000,Information Technology Broadcasting and Telecommunications,PLT-CHN,Chennai Plant,APAC,India,SAP_S4HANA,NET14,Net 14,14
INV-001260,2025-07-12,2025-09-05,55,true,1159531.59,USD,SUP-00196,Bluepeak Manufacturing Montreal Co.,GU-0047,Bluepeak Manufacturing International,27140000,Hydraulic machinery,27000000,Tools and General Machinery,PLT-TOR,Toronto Plant,NAMER,Canada,SAP_ECC,NET30,Net 30,30
INV-001261,2026-04-26,2026-06-11,46,true,102668,USD,SUP-00001,Falcon Systems Osaka Pvt. Ltd.,GU-0001,Falcon Systems Industries,44100000,Office machines,44000000,Office Equipment and Accessories and Supplies,PLT-MTY,Monterrey Plant,LATAM,Mexico,SAP_ECC,NET45,Net 45,45
INV-001262,2025-09-03,2025-09-19,16,true,562490.93,USD,SUP-00024,Apex Supply Co Lyon AG,GU-0005,Apex Supply Co Global,31350000,Machined castings,31000000,Manufacturing Components and Supplies,PLT-SNG,Singapore Hub,APAC,Singapore,FIELDGLASS,NET14,Net 14,14
INV-001263,2026-06-19,2026-07-05,16,true,470511.82,USD,SUP-00024,Apex Supply Co Lyon AG,GU-0005,Apex Supply Co Global,31350000,Machined castings,31000000,Manufacturing Components and Supplies,PLT-MAN,Manchester Plant,EMEA,United Kingdom,ARIBA,NET14,Net 14,14
INV-001264,2025-08-05,2025-08-30,25,true,940458.28,USD,SUP-00047,Halcyon Controls Cleveland Inc.,GU-0011,Halcyon Controls Corporation,90100000,Catering and restaurants,90000000,Travel and Food and Lodging and Entertainment Services,PLT-SHA,Shanghai Plant,APAC,China,CONCUR,MP10,"Monthly, paid 10th",25
INV-001265,2026-06-26,,,false,49919.66,USD,SUP-00003,Falcon Systems Osaka Pte. Ltd.,GU-0001,Falcon Systems Industries,44100000,Office machines,44000000,Office Equipment and Accessories and Supplies,PLT-CHN,Chennai Plant,APAC,India,ARIBA,NET45,Net 45,45
INV-001266,2026-01-09,2026-01-19,10,true,212134.16,USD,SUP-00059,Sequoia Fluid Systems Campinas S.A.,GU-0014,Sequoia Fluid Systems Global,40170000,Compressors and blowers,40000000,Distribution and Conditioning Systems and Equipment,PLT-LYO,Lyon Plant,EMEA,France,SAP_S4HANA,NET10,Net 10,10
INV-001267,2026-03-18,2026-04-21,34,true,2151279.71,USD,SUP-00102,Bluepeak Bearing Works Stuttgart Ltd.,GU-0026,Bluepeak Bearing Works Group,40160000,HVAC equipment,40000000,Distribution and Conditioning Systems and Equipment,PLT-STU,Stuttgart Plant,EMEA,Germany,SAP_ECC,D15N10N30,1.5% 10 Net 30,30
INV-001268,2026-01-10,2026-02-09,30,true,398421.73,USD,SUP-00207,Marlin Freight Shanghai Pvt. Ltd.,GU-0050,Marlin Freight Holdings,44120000,Office supplies,44000000,Office Equipment and Accessories and Supplies,PLT-CHN,Chennai Plant,APAC,India,SAP_ECC,MILESTONE,Milestone based,45
INV-001269,2026-05-22,2026-07-16,55,true,679749.2,USD,SUP-00001,Falcon Systems Osaka Pvt. Ltd.,GU-0001,Falcon Systems Industries,44100000,Office machines,44000000,Office Equipment and Accessories and Supplies,PLT-DET,Detroit Plant,NAMER,United States,SAP_S4HANA,NET45,Net 45,45
INV-001270,2025-09-07,2025-10-02,25,true,2601983,USD,SUP-00040,Frontier Solutions Sao Paulo Ltda.,GU-0009,Frontier Solutions Corporation,40170000,Compressors and blowers,40000000,Distribution and Conditioning Systems and Equipment,PLT-MTY,Monterrey Plant,LATAM,Mexico,SAP_ECC,,,
INV-001271,2026-04-21,2026-04-23,2,true,1330856.35,USD,SUP-00041,Frontier Solutions Monterrey Ltda.,GU-0009,Frontier Solutions Corporation,40170000,Compressors and blowers,40000000,Distribution and Conditioning Systems and Equipment,PLT-CLT,Charlotte Plant,NAMER,United States,SAP_ECC,NET00,Immediate / Due on receipt,0
INV-001272,2026-03-18,2026-04-13,26,true,642671.16,USD,SUP-00034,Vantage Technologies Milan GmbH,GU-0007,Vantage Technologies Inc.,84120000,Banking and finance services,84000000,Financial and Insurance Services,PLT-MTY,Monterrey Plant,LATAM,Mexico,CONCUR,NET30,Net 30,30
INV-001273,2026-02-18,2026-03-04,14,true,111983.23,USD,SUP-00006,Falcon Systems Nagoya Pte. Ltd.,GU-0001,Falcon Systems Industries,44100000,Office machines,44000000,Office Equipment and Accessories and Supplies,PLT-CHN,Chennai Plant,APAC,India,SAP_ECC,NET15,Net 15,15
INV-001274,2025-10-15,2025-11-03,19,true,373754.33,USD,SUP-00001,Falcon Systems Osaka Pvt. Ltd.,GU-0001,Falcon Systems Industries,44100000,Office machines,44000000,Office Equipment and Accessories and Supplies,PLT-PUN,Pune Plant,APAC,India,SAP_ECC,NET15,Net 15,15
INV-001275,2026-03-01,2026-04-16,46,true,111062.55,USD,SUP-00004,Falcon Systems Chennai Co. Ltd.,GU-0001,Falcon Systems Industries,44100000,Office machines,44000000,Office Equipment and Accessories and Supplies,PLT-PUN,Pune Plant,APAC,India,SAP_ECC,NET45,Net 45,45
INV-001276,2025-11-13,2025-12-26,43,true,111821.8,USD,SUP-00003,Falcon Systems Osaka Pte. Ltd.,GU-0001,Falcon Systems Industries,44100000,Office machines,44000000,Office Equipment and Accessories and Supplies,PLT-PUN,Pune Plant,APAC,India,SAP_ECC,NET45,Net 45,45
INV-001277,2026-06-19,,,false,661087.8,USD,SUP-00014,Orion Supply Co Osaka Pte. Ltd.,GU-0003,Orion Supply Co International,,,,,PLT-SHA,Shanghai Plant,APAC,China,SAP_S4HANA,NET08,Net 8,8
INV-001278,2026-05-21,2026-05-26,5,true,385338.36,USD,SUP-00008,Frontier Polymers Detroit Corp.,GU-0002,Frontier Polymers Global,31160000,Hardware and fasteners,31000000,Manufacturing Components and Supplies,PLT-SNG,Singapore Hub,APAC,Singapore,SAP_S4HANA,NET02,Net 2,2
INV-001279,2026-06-21,2026-07-15,24,true,264303.44,USD,SUP-00003,Falcon Systems Osaka Pte. Ltd.,GU-0001,Falcon Systems Industries,44100000,Office machines,44000000,Office Equipment and Accessories and Supplies,PLT-PUN,Pune Plant,APAC,India,SAP_S4HANA,NET15,Net 15,15
INV-001280,2025-07-26,2025-08-12,17,true,358959.72,USD,SUP-00082,Silverline Fabrication Shanghai Pvt. Ltd.,GU-0020,Silverline Fabrication Industries,,,,,PLT-PUN,Pune Plant,APAC,India,FIELDGLASS,EOM15,End of month + 15,30
INV-001281,2025-09-08,2025-09-23,15,true,112798.96,USD,SUP-00001,Falcon Systems Osaka Pvt. Ltd.,GU-0001,Falcon Systems Industries,,,,,PLT-SHA,Shanghai Plant,APAC,China,SAP_ECC,NET15,Net 15,15
INV-001282,2026-04-15,2026-06-01,47,true,157977.09,USD,SUP-00003,Falcon Systems Osaka Pte. Ltd.,GU-0001,Falcon Systems Industries,44100000,Office machines,44000000,Office Equipment and Accessories and Supplies,PLT-PUN,Pune Plant,APAC,India,SAP_S4HANA,NET45,Net 45,45
INV-001283,2026-01-16,2026-02-01,16,true,187453.18,USD,SUP-00001,Falcon Systems Osaka Pvt. Ltd.,GU-0001,Falcon Systems Industries,44100000,Office machines,44000000,Office Equipment and Accessories and Supplies,PLT-PUN,Pune Plant,APAC,India,ARIBA,NET15,Net 15,15
INV-001284,2025-08-05,2025-08-16,11,true,180553.84,USD,SUP-00012,Frontier Polymers Charlotte LLC,GU-0002,Frontier Polymers Global,44120000,Office supplies,44000000,Office Equipment and Accessories and Supplies,PLT-DET,Detroit Plant,NAMER,United States,CONCUR,D2N10N30,2% 10 Net 30,30
INV-001285,2025-12-23,2026-01-06,14,true,385559.56,USD,SUP-00083,Silverline Fabrication Pune Pte. Ltd.,GU-0020,Silverline Fabrication Industries,25100000,Motor vehicles,25000000,Commercial and Private Vehicles and Components,PLT-PUN,Pune Plant,APAC,India,FIELDGLASS,EOM15,End of month + 15,30
INV-001286,2026-01-09,2026-01-11,2,true,691655.51,USD,SUP-00040,Frontier Solutions Sao Paulo Ltda.,GU-0009,Frontier Solutions Corporation,40170000,Compressors and blowers,40000000,Distribution and Conditioning Systems and Equipment,PLT-ROT,Rotterdam DC,EMEA,Netherlands,SAP_S4HANA,NET00,Immediate / Due on receipt,0
INV-001287,2026-06-12,,,false,2278668.65,USD,SUP-00135,Titan Industrial Supply Singapore Pte. Ltd.,GU-0033,Titan Industrial Supply International,80100000,Management consulting,80000000,Management and Business Professionals and Admin Services,PLT-SNG,Singapore Hub,APAC,Singapore,FIELDGLASS,NET60,Net 60,60
INV-001288,2025-09-26,2025-10-01,5,true,626727.81,USD,SUP-00001,Falcon Systems Osaka Pvt. Ltd.,GU-0001,Falcon Systems Industries,44100000,Office machines,44000000,Office Equipment and Accessories and Supplies,PLT-SHA,Shanghai Plant,APAC,China,SAP_ECC,NET05,Net 5,5
INV-001289,2026-03-21,2026-04-25,35,true,271285.23,USD,SUP-00011,Frontier Polymers Montreal Co.,GU-0002,Frontier Polymers Global,44120000,Office supplies,44000000,Office Equipment and Accessories and Supplies,PLT-TOR,Toronto Plant,NAMER,Canada,SAP_ECC,NET25,Net 25,25
INV-001290,2026-04-16,2026-05-29,43,true,29584.26,USD,SUP-00010,Frontier Polymers Charlotte LLC,GU-0002,Frontier Polymers Global,31160000,Hardware and fasteners,31000000,Manufacturing Components and Supplies,PLT-DET,Detroit Plant,NAMER,United States,SAP_S4HANA,MP25,"Monthly, paid 25th",40
INV-001291,2025-12-14,2025-12-18,4,true,626966.26,USD,SUP-00004,Falcon Systems Chennai Co. Ltd.,GU-0001,Falcon Systems Industries,44100000,Office machines,44000000,Office Equipment and Accessories and Supplies,PLT-SHA,Shanghai Plant,APAC,China,FIELDGLASS,NET05,Net 5,5
INV-001292,2025-07-05,2025-07-28,23,true,26055.73,USD,SUP-00019,Umbra Fasteners Charlotte Co.,GU-0004,Umbra Fasteners International,44120000,Office supplies,44000000,Office Equipment and Accessories and Supplies,PLT-CLT,Charlotte Plant,NAMER,United States,SAP_ECC,NET04,Net 4,4
INV-001293,2026-04-07,2026-05-13,36,true,396201.31,USD,SUP-00095,Copperfield Fabrication Pune Ltd.,GU-0024,Copperfield Fabrication Holdings,27140000,Hydraulic machinery,27000000,Tools and General Machinery,PLT-PUN,Pune Plant,APAC,India,SAP_S4HANA,NET21,Net 21,21
INV-001294,2025-11-07,2025-11-21,14,true,1055535.95,USD,SUP-00001,Falcon Systems Osaka Pvt. Ltd.,GU-0001,Falcon Systems Industries,,,,,PLT-PUN,Pune Plant,APAC,India,SAP_ECC,NET15,Net 15,15
INV-001295,2026-04-22,2026-06-02,41,true,910770.44,USD,SUP-00078,Everest Cloud Services Rotterdam B.V.,GU-0019,Everest Cloud Services Industries,47130000,Cleaning supplies,47000000,Cleaning Equipment and Supplies,PLT-MAN,Manchester Plant,EMEA,United Kingdom,SAP_ECC,NET50,Net 50,50
INV-001296,2025-07-12,2025-07-28,16,true,1094518.65,USD,SUP-00007,Frontier Polymers Charlotte Inc.,GU-0002,Frontier Polymers Global,44120000,Office supplies,44000000,Office Equipment and Accessories and Supplies,PLT-DET,Detroit Plant,NAMER,United States,SAP_S4HANA,NET11,Net 11,11
INV-001297,2025-12-10,2026-01-25,46,true,29632.17,USD,SUP-00001,Falcon Systems Osaka Pvt. Ltd.,GU-0001,Falcon Systems Industries,44100000,Office machines,44000000,Office Equipment and Accessories and Supplies,PLT-SNG,Singapore Hub,APAC,Singapore,SAP_S4HANA,NET45,Net 45,45
INV-001298,2026-01-02,2026-06-12,161,true,19940.87,USD,SUP-00027,Orion Polymers Queretaro Ltda.,GU-0006,Orion Polymers Group,44120000,Office supplies,44000000,Office Equipment and Accessories and Supplies,PLT-PUN,Pune Plant,APAC,India,SAP_S4HANA,NET150,Net 150,150
INV-001299,2026-01-24,2026-03-14,49,true,262250.54,USD,SUP-00016,Orion Supply Co Nagoya Pvt. Ltd.,GU-0003,Orion Supply Co International,90120000,Travel services,90000000,Travel and Food and Lodging and Entertainment Services,PLT-SHA,Shanghai Plant,APAC,China,SAP_ECC,D15N10N30,1.5% 10 Net 30,30
INV-001300,2025-11-25,2025-12-28,33,true,211590.04,USD,SUP-00076,Everest Bearing Works Sao Paulo Ltda.,GU-0018,Everest Bearing Works Inc.,44110000,Desk accessories,44000000,Office Equipment and Accessories and Supplies,PLT-SAO,Sao Paulo Plant,LATAM,Brazil,SAP_S4HANA,EOM15,End of month + 15,30
INV-001301,2025-10-22,,,false,113252.28,USD,SUP-00008,Frontier Polymers Detroit Corp.,GU-0002,Frontier Polymers Global,44120000,Office supplies,44000000,Office Equipment and Accessories and Supplies,PLT-DET,Detroit Plant,NAMER,United States,SAP_S4HANA,MILESTONE,Milestone based,45
INV-001302,2025-09-29,2025-11-03,35,true,5425376.17,USD,SUP-00033,Vantage Technologies Turin AG,GU-0007,Vantage Technologies Inc.,76110000,Cleaning services,76000000,Industrial Cleaning Services,PLT-STU,Stuttgart Plant,EMEA,Germany,FIELDGLASS,NET30,Net 30,30
INV-001303,2025-07-16,2025-09-02,48,true,473933.37,USD,SUP-00004,Falcon Systems Chennai Co. Ltd.,GU-0001,Falcon Systems Industries,44100000,Office machines,44000000,Office Equipment and Accessories and Supplies,PLT-CHN,Chennai Plant,APAC,India,SAP_ECC,NET45,Net 45,45
INV-001304,2026-01-08,2026-02-27,50,true,636919.27,USD,SUP-00198,Falcon Consulting Charlotte LLC,GU-0048,Falcon Consulting Corporation,43220000,Networking equipment,43000000,Information Technology Broadcasting and Telecommunications,PLT-HOU,Houston Plant,NAMER,United States,CONCUR,NET45,Net 45,45
INV-001305,2025-10-21,2025-11-02,12,true,468325.8,USD,SUP-00004,Falcon Systems Chennai Co. Ltd.,GU-0001,Falcon Systems Industries,44100000,Office machines,44000000,Office Equipment and Accessories and Supplies,PLT-DET,Detroit Plant,NAMER,United States,SAP_S4HANA,NET15,Net 15,15
INV-001306,2025-12-06,2026-01-04,29,true,334855.85,USD,SUP-00031,Vantage Technologies Milan S.p.A.,GU-0007,Vantage Technologies Inc.,76110000,Cleaning services,76000000,Industrial Cleaning Services,PLT-STU,Stuttgart Plant,EMEA,Germany,SAP_S4HANA,EOM15,End of month + 15,30
INV-001307,2025-07-02,2025-07-18,16,true,211447.45,USD,SUP-00003,Falcon Systems Osaka Pte. Ltd.,GU-0001,Falcon Systems Industries,44100000,Office machines,44000000,Office Equipment and Accessories and Supplies,PLT-CHN,Chennai Plant,APAC,India,SAP_S4HANA,NET15,Net 15,15
INV-001308,2026-05-15,2026-05-28,13,true,237276.49,USD,SUP-00012,Frontier Polymers Charlotte LLC,GU-0002,Frontier Polymers Global,31160000,Hardware and fasteners,31000000,Manufacturing Components and Supplies,PLT-MTY,Monterrey Plant,LATAM,Mexico,SAP_S4HANA,D15N10N30,1.5% 10 Net 30,30
INV-001309,2025-08-25,2025-10-31,67,true,752121.17,USD,SUP-00019,Umbra Fasteners Charlotte Co.,GU-0004,Umbra Fasteners International,31160000,Hardware and fasteners,31000000,Manufacturing Components and Supplies,PLT-HOU,Houston Plant,NAMER,United States,CONCUR,NET60,Net 60,60
INV-001310,2026-01-10,2026-01-12,2,true,2719231,USD,SUP-00177,Northwind Electricals Campinas S.A.,GU-0044,Northwind Electricals International,40170000,Compressors and blowers,40000000,Distribution and Conditioning Systems and Equipment,PLT-MTY,Monterrey Plant,LATAM,Mexico,ARIBA,CIA,Cash in advance,0
INV-001311,2025-11-19,2025-12-25,36,true,1554859.38,USD,SUP-00031,Vantage Technologies Milan S.p.A.,GU-0007,Vantage Technologies Inc.,76110000,Cleaning services,76000000,Industrial Cleaning Services,PLT-STU,Stuttgart Plant,EMEA,Germany,FIELDGLASS,NET30,Net 30,30
INV-001312,2025-10-28,2025-10-30,2,true,313389.72,USD,SUP-00041,Frontier Solutions Monterrey Ltda.,GU-0009,Frontier Solutions Corporation,40170000,Compressors and blowers,40000000,Distribution and Conditioning Systems and Equipment,PLT-SAO,Sao Paulo Plant,LATAM,Brazil,SAP_ECC,NET00,Immediate / Due on receipt,0
INV-001313,2025-11-10,2026-01-02,53,true,70252.59,USD,SUP-00001,Falcon Systems Osaka Pvt. Ltd.,GU-0001,Falcon Systems Industries,44100000,Office machines,44000000,Office Equipment and Accessories and Supplies,PLT-PUN,Pune Plant,APAC,India,ARIBA,NET45,Net 45,45
INV-001314,2025-10-31,2025-11-19,19,true,188022.98,USD,SUP-00001,Falcon Systems Osaka Pvt. Ltd.,GU-0001,Falcon Systems Industries,44100000,Office machines,44000000,Office Equipment and Accessories and Supplies,PLT-DET,Detroit Plant,NAMER,United States,CONCUR,NET15,Net 15,15
INV-001315,2025-07-26,2025-09-09,45,true,398003.15,USD,SUP-00001,Falcon Systems Osaka Pvt. Ltd.,GU-0001,Falcon Systems Industries,44100000,Office machines,44000000,Office Equipment and Accessories and Supplies,PLT-TOR,Toronto Plant,NAMER,Canada,SAP_ECC,NET45,Net 45,45
INV-001316,2025-09-18,2025-10-08,20,true,449006.03,USD,SUP-00004,Falcon Systems Chennai Co. Ltd.,GU-0001,Falcon Systems Industries,44100000,Office machines,44000000,Office Equipment and Accessories and Supplies,PLT-MAN,Manchester Plant,EMEA,United Kingdom,SAP_S4HANA,NET15,Net 15,15
INV-001317,2026-02-10,2026-06-14,124,true,196379.12,USD,SUP-00038,Sequoia Fasteners Leeds Ltd.,GU-0008,Sequoia Fasteners Holdings,90120000,Travel services,90000000,Travel and Food and Lodging and Entertainment Services,PLT-STU,Stuttgart Plant,EMEA,Germany,CONCUR,NET120,Net 120,120
INV-001318,2026-05-03,2026-06-12,40,true,982133.24,USD,SUP-00020,Umbra Fasteners Houston Corp.,GU-0004,Umbra Fasteners International,44120000,Office supplies,44000000,Office Equipment and Accessories and Supplies,PLT-CLT,Charlotte Plant,NAMER,United States,SAP_S4HANA,NET21,Net 21,21
INV-001319,2026-04-28,2026-06-07,40,true,279904.01,USD,SUP-00042,Zenith Bearings Monterrey S.A. de C.V.,GU-0010,Zenith Bearings Industries,44120000,Office supplies,44000000,Office Equipment and Accessories and Supplies,PLT-STU,Stuttgart Plant,EMEA,Germany,ARIBA,NET25,Net 25,25
INV-001320,2025-07-04,,,false,152629.64,USD,SUP-00024,Apex Supply Co Lyon AG,GU-0005,Apex Supply Co Global,31350000,Machined castings,31000000,Manufacturing Components and Supplies,PLT-STU,Stuttgart Plant,EMEA,Germany,SAP_ECC,NET14,Net 14,14
INV-001321,2025-10-08,2025-12-11,64,true,634214,USD,SUP-00024,Apex Supply Co Lyon AG,GU-0005,Apex Supply Co Global,31350000,Machined castings,31000000,Manufacturing Components and Supplies,PLT-ROT,Rotterdam DC,EMEA,Netherlands,ARIBA,,,
INV-001322,2025-11-10,2026-02-08,90,true,133826.92,USD,SUP-00013,Orion Supply Co Osaka Pvt. Ltd.,GU-0003,Orion Supply Co International,44120000,Office supplies,44000000,Office Equipment and Accessories and Supplies,PLT-SHA,Shanghai Plant,APAC,China,SAP_S4HANA,NET75,Net 75,75
INV-001323,2026-06-22,2026-08-14,53,true,131655.68,USD,SUP-00042,Zenith Bearings Monterrey S.A. de C.V.,GU-0010,Zenith Bearings Industries,76120000,Waste management,76000000,Industrial Cleaning Services,PLT-MTY,Monterrey Plant,LATAM,Mexico,SAP_S4HANA,NET30,Net 30,30
INV-001324,2025-11-10,2025-11-12,2,true,437936.54,USD,SUP-00001,Falcon Systems Osaka Pvt. Ltd.,GU-0001,Falcon Systems Industries,44100000,Office machines,44000000,Office Equipment and Accessories and Supplies,PLT-HOU,Houston Plant,NAMER,United States,SAP_ECC,NET05,Net 5,5
INV-001325,2025-10-21,2025-10-22,1,true,99738.97,USD,SUP-00046,Zenith Bearings Queretaro S.A. de C.V.,GU-0010,Zenith Bearings Industries,31160000,Hardware and fasteners,31000000,Manufacturing Components and Supplies,PLT-HOU,Houston Plant,NAMER,United States,SAP_S4HANA,NET00,Immediate / Due on receipt,0
INV-001326,2026-04-08,2026-05-27,49,true,81897.66,USD,SUP-00002,Falcon Systems Bengaluru Pte. Ltd.,GU-0001,Falcon Systems Industries,44100000,Office machines,44000000,Office Equipment and Accessories and Supplies,PLT-PUN,Pune Plant,APAC,India,ARIBA,NET45,Net 45,45
INV-001327,2025-11-19,2025-12-23,34,true,1499437.27,USD,SUP-00031,Vantage Technologies Milan S.p.A.,GU-0007,Vantage Technologies Inc.,39130000,Electrical hardware,39000000,Electrical Systems and Lighting and Components,PLT-ROT,Rotterdam DC,EMEA,Netherlands,ARIBA,NET30,Net 30,30
INV-001328,2025-08-26,2025-09-24,29,true,134638,USD,SUP-00066,Harbor Packaging Campinas S.A.,GU-0016,Harbor Packaging Holdings,44120000,Office supplies,44000000,Office Equipment and Accessories and Supplies,PLT-MTY,Monterrey Plant,LATAM,Mexico,SAP_S4HANA,NET07,Net 7,7
INV-001329,2026-05-03,2026-06-24,52,true,381000.46,USD,SUP-00025,Orion Polymers Monterrey S.A.,GU-0006,Orion Polymers Group,39120000,Electrical wire and cable,39000000,Electrical Systems and Lighting and Components,PLT-SAO,Sao Paulo Plant,LATAM,Brazil,SAP_S4HANA,NET30,Net 30,30
INV-001330,2026-02-12,2026-03-20,36,true,50051.26,USD,SUP-00053,Apex Chemicals Sao Paulo S.A. de C.V.,GU-0013,Apex Chemicals Corporation,44120000,Office supplies,44000000,Office Equipment and Accessories and Supplies,PLT-MTY,Monterrey Plant,LATAM,Mexico,SAP_ECC,D2N10N30,2% 10 Net 30,30
INV-001331,2025-08-01,2025-08-18,17,true,69996.59,USD,SUP-00004,Falcon Systems Chennai Co. Ltd.,GU-0001,Falcon Systems Industries,44100000,Office machines,44000000,Office Equipment and Accessories and Supplies,PLT-SHA,Shanghai Plant,APAC,China,SAP_S4HANA,NET15,Net 15,15
INV-001332,2025-09-21,2025-11-22,62,true,358591.13,USD,SUP-00013,Orion Supply Co Osaka Pvt. Ltd.,GU-0003,Orion Supply Co International,90120000,Travel services,90000000,Travel and Food and Lodging and Entertainment Services,PLT-DET,Detroit Plant,NAMER,United States,CONCUR,NET45,Net 45,45
INV-001333,2026-02-05,2026-02-20,15,true,529909.85,USD,SUP-00024,Apex Supply Co Lyon AG,GU-0005,Apex Supply Co Global,31350000,Machined castings,31000000,Manufacturing Components and Supplies,PLT-DET,Detroit Plant,NAMER,United States,ARIBA,NET14,Net 14,14
INV-001334,2026-03-28,2026-04-14,17,true,147456.43,USD,SUP-00003,Falcon Systems Osaka Pte. Ltd.,GU-0001,Falcon Systems Industries,44100000,Office machines,44000000,Office Equipment and Accessories and Supplies,PLT-PUN,Pune Plant,APAC,India,SAP_S4HANA,NET15,Net 15,15
INV-001335,2026-01-06,2026-02-26,51,true,371764.32,USD,SUP-00112,Northwind Fluid Systems Lille GmbH,GU-0028,Northwind Fluid Systems International,44120000,Office supplies,44000000,Office Equipment and Accessories and Supplies,PLT-LYO,Lyon Plant,EMEA,France,ARIBA,MILESTONE,Milestone based,45
INV-001336,2026-02-05,2026-03-25,48,true,185195.62,USD,SUP-00065,Yellowstone Solutions Monterrey Ltda.,GU-0015,Yellowstone Solutions Global,40160000,HVAC equipment,40000000,Distribution and Conditioning Systems and Equipment,PLT-SAO,Sao Paulo Plant,LATAM,Brazil,SAP_S4HANA,MILESTONE,Milestone based,45
INV-001337,2025-08-09,2025-09-25,47,true,590087.38,USD,SUP-00004,Falcon Systems Chennai Co. Ltd.,GU-0001,Falcon Systems Industries,44100000,Office machines,44000000,Office Equipment and Accessories and Supplies,PLT-PUN,Pune Plant,APAC,India,ARIBA,NET45,Net 45,45
INV-001338,2025-09-28,2025-11-23,56,true,581332.67,USD,SUP-00022,Umbra Fasteners Toronto LLC,GU-0004,Umbra Fasteners International,31160000,Hardware and fasteners,31000000,Manufacturing Components and Supplies,PLT-CLT,Charlotte Plant,NAMER,United States,CONCUR,D2N15N45,2% 15 Net 45,45
INV-001339,2026-04-09,2026-04-27,18,true,128582.85,USD,SUP-00002,Falcon Systems Bengaluru Pte. Ltd.,GU-0001,Falcon Systems Industries,44100000,Office machines,44000000,Office Equipment and Accessories and Supplies,PLT-PUN,Pune Plant,APAC,India,SAP_S4HANA,NET15,Net 15,15
INV-001340,2026-04-18,2026-06-01,44,true,294680.53,USD,SUP-00026,Orion Polymers Monterrey S.A. de C.V.,GU-0006,Orion Polymers Group,43210000,Computer equipment,43000000,Information Technology Broadcasting and Telecommunications,PLT-SAO,Sao Paulo Plant,LATAM,Brazil,SAP_S4HANA,NET25,Net 25,25
INV-001341,2025-08-11,2025-11-30,111,true,151392.67,USD,SUP-00013,Orion Supply Co Osaka Pvt. Ltd.,GU-0003,Orion Supply Co International,44120000,Office supplies,44000000,Office Equipment and Accessories and Supplies,PLT-PUN,Pune Plant,APAC,India,SAP_S4HANA,NET90,Net 90,90
INV-001342,2026-04-22,2026-06-09,48,true,108029.03,USD,SUP-00005,Falcon Systems Singapore Pte. Ltd.,GU-0001,Falcon Systems Industries,44100000,Office machines,44000000,Office Equipment and Accessories and Supplies,PLT-PUN,Pune Plant,APAC,India,SAP_S4HANA,NET45,Net 45,45
INV-001343,2025-07-17,2025-08-02,16,true,2028530.07,USD,SUP-00010,Frontier Polymers Charlotte LLC,GU-0002,Frontier Polymers Global,31160000,Hardware and fasteners,31000000,Manufacturing Components and Supplies,PLT-TOR,Toronto Plant,NAMER,Canada,SAP_ECC,NET07,Net 7,7
INV-001344,2026-03-10,2026-04-13,34,true,171671.39,USD,SUP-00033,Vantage Technologies Turin AG,GU-0007,Vantage Technologies Inc.,84120000,Banking and finance services,84000000,Financial and Insurance Services,PLT-STU,Stuttgart Plant,EMEA,Germany,SAP_S4HANA,NET30,Net 30,30
INV-001345,2026-05-27,2026-09-25,121,true,209769.89,USD,SUP-00037,Sequoia Fasteners Turin S.A.,GU-0008,Sequoia Fasteners Holdings,90120000,Travel services,90000000,Travel and Food and Lodging and Entertainment Services,PLT-DET,Detroit Plant,NAMER,United States,SAP_ECC,NET120,Net 120,120
INV-001346,2026-02-08,2026-05-21,102,true,875921.91,USD,SUP-00012,Frontier Polymers Charlotte LLC,GU-0002,Frontier Polymers Global,44120000,Office supplies,44000000,Office Equipment and Accessories and Supplies,PLT-CLT,Charlotte Plant,NAMER,United States,ARIBA,NET100,Net 100,100
INV-001347,2026-04-26,2026-04-27,1,true,432009.67,USD,SUP-00125,Monarch Energy Nagoya Ltd.,GU-0030,Monarch Energy International,25170000,Vehicle components and accessories,25000000,Commercial and Private Vehicles and Components,PLT-SNG,Singapore Hub,APAC,Singapore,SAP_S4HANA,NET10,Net 10,10
INV-001348,2025-10-24,2025-10-31,7,true,1018576.24,USD,SUP-00003,Falcon Systems Osaka Pte. Ltd.,GU-0001,Falcon Systems Industries,44100000,Office machines,44000000,Office Equipment and Accessories and Supplies,PLT-SNG,Singapore Hub,APAC,Singapore,ARIBA,NET05,Net 5,5
INV-001349,2025-11-28,2026-01-12,45,true,2141986.09,USD,SUP-00027,Orion Polymers Queretaro Ltda.,GU-0006,Orion Polymers Group,43210000,Computer equipment,43000000,Information Technology Broadcasting and Telecommunications,PLT-SAO,Sao Paulo Plant,LATAM,Brazil,SAP_ECC,NET30,Net 30,30
INV-001350,2026-04-23,2026-05-04,11,true,718174.32,USD,SUP-00012,Frontier Polymers Charlotte LLC,GU-0002,Frontier Polymers Global,31160000,Hardware and fasteners,31000000,Manufacturing Components and Supplies,PLT-PUN,Pune Plant,APAC,India,SAP_ECC,D15N10N30,1.5% 10 Net 30,30
INV-001351,2026-04-28,2026-05-27,29,true,546249.47,USD,SUP-00029,Vantage Technologies Rotterdam Ltd.,GU-0007,Vantage Technologies Inc.,84120000,Banking and finance services,84000000,Financial and Insurance Services,PLT-MAN,Manchester Plant,EMEA,United Kingdom,ARIBA,NET30,Net 30,30
INV-001352,2026-01-19,2026-05-25,126,true,218718.91,USD,SUP-00039,Sequoia Fasteners Lille Ltd.,GU-0008,Sequoia Fasteners Holdings,90120000,Travel services,90000000,Travel and Food and Lodging and Entertainment Services,PLT-STU,Stuttgart Plant,EMEA,Germany,CONCUR,NET120,Net 120,120
INV-001353,2026-01-21,2026-01-23,2,true,276024.84,USD,SUP-00049,Marlin Controls Shenzhen Co. Ltd.,GU-0012,Marlin Controls Group,72100000,Facility maintenance,72000000,Building and Facility Maintenance Services,PLT-HOU,Houston Plant,NAMER,United States,SAP_S4HANA,NET00,Immediate / Due on receipt,0
INV-001354,2025-12-09,2025-12-12,3,true,954540.04,USD,SUP-00062,Yellowstone Solutions Queretaro Ltda.,GU-0015,Yellowstone Solutions Global,,,,,PLT-ROT,Rotterdam DC,EMEA,Netherlands,SAP_ECC,WEEKLY,Weekly settlement,7
INV-001355,2025-09-10,2025-10-27,47,true,25648.06,USD,SUP-00006,Falcon Systems Nagoya Pte. Ltd.,GU-0001,Falcon Systems Industries,44100000,Office machines,44000000,Office Equipment and Accessories and Supplies,PLT-SHA,Shanghai Plant,APAC,China,ARIBA,NET45,Net 45,45
INV-001356,2025-11-06,2025-11-28,22,true,732785.92,USD,SUP-00023,Umbra Fasteners Detroit Corp.,GU-0004,Umbra Fasteners International,31160000,Hardware and fasteners,31000000,Manufacturing Components and Supplies,PLT-DET,Detroit Plant,NAMER,United States,SAP_ECC,NET08,Net 8,8
INV-001357,2025-07-04,2025-07-16,12,true,156499.77,USD,SUP-00048,Halcyon Controls Charlotte Co.,GU-0011,Halcyon Controls Corporation,31350000,Machined castings,31000000,Manufacturing Components and Supplies,PLT-DET,Detroit Plant,NAMER,United States,ARIBA,MP10,"Monthly, paid 10th",25
INV-001358,2026-05-13,2026-05-22,9,true,166375.87,USD,SUP-00002,Falcon Systems Bengaluru Pte. Ltd.,GU-0001,Falcon Systems Industries,44100000,Office machines,44000000,Office Equipment and Accessories and Supplies,PLT-PUN,Pune Plant,APAC,India,SAP_S4HANA,NET05,Net 5,5
INV-001359,2025-12-12,2026-01-26,45,true,655105.53,USD,SUP-00005,Falcon Systems Singapore Pte. Ltd.,GU-0001,Falcon Systems Industries,44100000,Office machines,44000000,Office Equipment and Accessories and Supplies,PLT-HOU,Houston Plant,NAMER,United States,SAP_ECC,NET45,Net 45,45
INV-001360,2025-12-11,2025-12-28,17,true,542044.68,USD,SUP-00010,Frontier Polymers Charlotte LLC,GU-0002,Frontier Polymers Global,31160000,Hardware and fasteners,31000000,Manufacturing Components and Supplies,PLT-TOR,Toronto Plant,NAMER,Canada,SAP_S4HANA,D2N15N45,2% 15 Net 45,45
INV-001361,2026-05-22,2026-07-04,43,true,94128.19,USD,SUP-00002,Falcon Systems Bengaluru Pte. Ltd.,GU-0001,Falcon Systems Industries,44100000,Office machines,44000000,Office Equipment and Accessories and Supplies,PLT-SHA,Shanghai Plant,APAC,China,SAP_S4HANA,NET45,Net 45,45
INV-001362,2025-08-14,2025-08-27,13,true,308630.06,USD,SUP-00057,Sequoia Fluid Systems Queretaro S.A.,GU-0014,Sequoia Fluid Systems Global,43210000,Computer equipment,43000000,Information Technology Broadcasting and Telecommunications,PLT-SAO,Sao Paulo Plant,LATAM,Brazil,ARIBA,NET10,Net 10,10
INV-001363,2025-11-12,2025-12-12,30,true,928374.62,USD,SUP-00034,Vantage Technologies Milan GmbH,GU-0007,Vantage Technologies Inc.,84120000,Banking and finance services,84000000,Financial and Insurance Services,PLT-STU,Stuttgart Plant,EMEA,Germany,SAP_S4HANA,NET30,Net 30,30
INV-001364,2025-09-29,2025-10-25,26,true,118564.51,USD,SUP-00047,Halcyon Controls Cleveland Inc.,GU-0011,Halcyon Controls Corporation,90100000,Catering and restaurants,90000000,Travel and Food and Lodging and Entertainment Services,PLT-HOU,Houston Plant,NAMER,United States,CONCUR,MP10,"Monthly, paid 10th",25
INV-001365,2026-06-03,,,false,47186.1,USD,SUP-00028,Orion Polymers Sao Paulo Ltda.,GU-0006,Orion Polymers Group,44120000,Office supplies,44000000,Office Equipment and Accessories and Supplies,PLT-MTY,Monterrey Plant,LATAM,Mexico,FIELDGLASS,NET70,Net 70,70
INV-001366,2025-12-29,2026-01-09,11,true,104693.36,USD,SUP-00051,Apex Chemicals Sao Paulo S.A. de C.V.,GU-0013,Apex Chemicals Corporation,44120000,Office supplies,44000000,Office Equipment and Accessories and Supplies,PLT-SAO,Sao Paulo Plant,LATAM,Brazil,SAP_ECC,NET04,Net 4,4
INV-001367,2026-05-13,2026-07-02,50,true,100314.59,USD,SUP-00092,Dynamo Freight Munich B.V.,GU-0023,Dynamo Freight Inc.,72100000,Facility maintenance,72000000,Building and Facility Maintenance Services,PLT-ROT,Rotterdam DC,EMEA,Netherlands,FIELDGLASS,D2N10N45,2% 10 Net 45,45
INV-001368,2025-09-30,2025-11-05,36,true,594627.66,USD,SUP-00148,Talon Fabrication Lyon GmbH,GU-0036,Talon Fabrication Inc.,84120000,Banking and finance services,84000000,Financial and Insurance Services,PLT-CHN,Chennai Plant,APAC,India,ARIBA,NET30,Net 30,30
INV-001369,2025-11-20,2025-12-08,18,true,539710.23,USD,SUP-00059,Sequoia Fluid Systems Campinas S.A.,GU-0014,Sequoia Fluid Systems Global,43210000,Computer equipment,43000000,Information Technology Broadcasting and Telecommunications,PLT-SAO,Sao Paulo Plant,LATAM,Brazil,SAP_ECC,NET10,Net 10,10
INV-001370,2025-07-22,2025-09-05,45,true,497136.29,USD,SUP-00001,Falcon Systems Osaka Pvt. Ltd.,GU-0001,Falcon Systems Industries,44100000,Office machines,44000000,Office Equipment and Accessories and Supplies,PLT-SHA,Shanghai Plant,APAC,China,SAP_S4HANA,NET45,Net 45,45
INV-001371,2025-11-08,,,false,128552.36,USD,SUP-00020,Umbra Fasteners Houston Corp.,GU-0004,Umbra Fasteners International,44120000,Office supplies,44000000,Office Equipment and Accessories and Supplies,PLT-DET,Detroit Plant,NAMER,United States,SAP_S4HANA,MILESTONE,Milestone based,45
INV-001372,2025-11-21,2025-12-05,14,true,513345.19,USD,SUP-00011,Frontier Polymers Montreal Co.,GU-0002,Frontier Polymers Global,31160000,Hardware and fasteners,31000000,Manufacturing Components and Supplies,PLT-HOU,Houston Plant,NAMER,United States,SAP_ECC,D2N10N45,2% 10 Net 45,45
INV-001373,2026-05-17,2026-07-20,64,true,1446126.48,USD,SUP-00012,Frontier Polymers Charlotte LLC,GU-0002,Frontier Polymers Global,,,,,PLT-CLT,Charlotte Plant,NAMER,United States,SAP_S4HANA,NET60,Net 60,60
INV-001374,2026-06-10,2026-06-28,18,true,282244.43,USD,SUP-00011,Frontier Polymers Montreal Co.,GU-0002,Frontier Polymers Global,31160000,Hardware and fasteners,31000000,Manufacturing Components and Supplies,PLT-DET,Detroit Plant,NAMER,United States,SAP_ECC,D2N15N45,2% 15 Net 45,45
INV-001375,2026-01-19,2026-03-01,41,true,1124708.4,USD,SUP-00053,Apex Chemicals Sao Paulo S.A. de C.V.,GU-0013,Apex Chemicals Corporation,84120000,Banking and finance services,84000000,Financial and Insurance Services,PLT-MTY,Monterrey Plant,LATAM,Mexico,SAP_S4HANA,NET35,Net 35,35
INV-001376,2025-08-04,2025-09-21,48,true,539515.99,USD,SUP-00016,Orion Supply Co Nagoya Pvt. Ltd.,GU-0003,Orion Supply Co International,43190000,Communications devices,43000000,Information Technology Broadcasting and Telecommunications,PLT-CHN,Chennai Plant,APAC,India,SAP_ECC,MILESTONE,Milestone based,45
INV-001377,2025-08-26,2025-09-28,33,true,70657,USD,SUP-00081,Everest Cloud Services Eindhoven S.A.,GU-0019,Everest Cloud Services Industries,47130000,Cleaning supplies,47000000,Cleaning Equipment and Supplies,PLT-CLT,Charlotte Plant,NAMER,United States,SAP_S4HANA,NET50,Net 50,50
INV-001378,2025-11-14,2025-11-28,14,true,1182506.97,USD,SUP-00004,Falcon Systems Chennai Co. Ltd.,GU-0001,Falcon Systems Industries,44100000,Office machines,44000000,Office Equipment and Accessories and Supplies,PLT-PUN,Pune Plant,APAC,India,SAP_S4HANA,NET15,Net 15,15
INV-001379,2025-08-31,2025-09-07,7,true,376543.71,USD,SUP-00022,Umbra Fasteners Toronto LLC,GU-0004,Umbra Fasteners International,31160000,Hardware and fasteners,31000000,Manufacturing Components and Supplies,PLT-ROT,Rotterdam DC,EMEA,Netherlands,SAP_ECC,NET02,Net 2,2
INV-001380,2026-02-06,2026-04-29,82,true,163136.95,USD,SUP-00027,Orion Polymers Queretaro Ltda.,GU-0006,Orion Polymers Group,90100000,Catering and restaurants,90000000,Travel and Food and Lodging and Entertainment Services,PLT-SAO,Sao Paulo Plant,LATAM,Brazil,CONCUR,,,
INV-001381,2026-03-21,2026-04-11,21,true,8582536.33,USD,SUP-00083,Silverline Fabrication Pune Pte. Ltd.,GU-0020,Silverline Fabrication Industries,25100000,Motor vehicles,25000000,Commercial and Private Vehicles and Components,PLT-CHN,Chennai Plant,APAC,India,SAP_ECC,EOM15,End of month + 15,30
INV-001382,2025-08-30,2025-10-12,43,true,494305.15,USD,SUP-00012,Frontier Polymers Charlotte LLC,GU-0002,Frontier Polymers Global,31160000,Hardware and fasteners,31000000,Manufacturing Components and Supplies,PLT-DET,Detroit Plant,NAMER,United States,SAP_ECC,MP25,"Monthly, paid 25th",40
INV-001383,2025-08-01,2025-08-17,16,true,1169060.68,USD,SUP-00056,Sequoia Fluid Systems Campinas S.A.,GU-0014,Sequoia Fluid Systems Global,40170000,Compressors and blowers,40000000,Distribution and Conditioning Systems and Equipment,PLT-MTY,Monterrey Plant,LATAM,Mexico,ARIBA,NET10,Net 10,10
INV-001384,2026-03-09,2026-03-29,20,true,151713.53,USD,SUP-00023,Umbra Fasteners Detroit Corp.,GU-0004,Umbra Fasteners International,31160000,Hardware and fasteners,31000000,Manufacturing Components and Supplies,PLT-MTY,Monterrey Plant,LATAM,Mexico,CONCUR,NET08,Net 8,8
INV-001385,2025-12-05,2026-05-07,153,true,674292.64,USD,SUP-00063,Yellowstone Solutions Queretaro Ltda.,GU-0015,Yellowstone Solutions Global,40160000,HVAC equipment,40000000,Distribution and Conditioning Systems and Equipment,PLT-SAO,Sao Paulo Plant,LATAM,Brazil,SAP_ECC,NET150,Net 150,150
INV-001386,2026-05-24,2026-06-11,18,true,410530.57,USD,SUP-00024,Apex Supply Co Lyon AG,GU-0005,Apex Supply Co Global,31350000,Machined castings,31000000,Manufacturing Components and Supplies,PLT-LYO,Lyon Plant,EMEA,France,ARIBA,NET14,Net 14,14
INV-001387,2026-02-10,2026-03-22,40,true,187712.65,USD,SUP-00032,Vantage Technologies Lyon GmbH,GU-0007,Vantage Technologies Inc.,72100000,Facility maintenance,72000000,Building and Facility Maintenance Services,PLT-LYO,Lyon Plant,EMEA,France,FIELDGLASS,D2N10N45,2% 10 Net 45,45
INV-001388,2025-08-08,2025-08-23,15,true,298232.12,USD,SUP-00024,Apex Supply Co Lyon AG,GU-0005,Apex Supply Co Global,31350000,Machined castings,31000000,Manufacturing Components and Supplies,PLT-STU,Stuttgart Plant,EMEA,Germany,SAP_ECC,NET14,Net 14,14
INV-001389,2026-04-23,2026-08-13,112,true,761695.39,USD,SUP-00139,Redwood Logistics Turin S.A.,GU-0034,Redwood Logistics Global,40140000,Fluid handling pumps,40000000,Distribution and Conditioning Systems and Equipment,PLT-MAN,Manchester Plant,EMEA,United Kingdom,FIELDGLASS,EOM90,End of month + 90,105
INV-001390,2026-05-03,,,false,3269686.16,USD,SUP-00035,Sequoia Fasteners Manchester AG,GU-0008,Sequoia Fasteners Holdings,43230000,Software licenses,43000000,Information Technology Broadcasting and Telecommunications,PLT-STU,Stuttgart Plant,EMEA,Germany,SAP_S4HANA,NET120,Net 120,120
INV-001391,2025-09-20,2025-10-05,15,true,130204.47,USD,SUP-00001,Falcon Systems Osaka Pvt. Ltd.,GU-0001,Falcon Systems Industries,44100000,Office machines,44000000,Office Equipment and Accessories and Supplies,PLT-PUN,Pune Plant,APAC,India,SAP_S4HANA,NET15,Net 15,15
INV-001392,2026-03-22,2026-05-04,43,true,195578.95,USD,SUP-00003,Falcon Systems Osaka Pte. Ltd.,GU-0001,Falcon Systems Industries,44100000,Office machines,44000000,Office Equipment and Accessories and Supplies,PLT-HOU,Houston Plant,NAMER,United States,SAP_ECC,NET45,Net 45,45
INV-001393,2026-01-14,2026-01-23,9,true,742945.4,USD,SUP-00007,Frontier Polymers Charlotte Inc.,GU-0002,Frontier Polymers Global,31160000,Hardware and fasteners,31000000,Manufacturing Components and Supplies,PLT-STU,Stuttgart Plant,EMEA,Germany,SAP_S4HANA,NET08,Net 8,8
INV-001394,2025-09-28,2025-11-16,49,true,881532.29,USD,SUP-00001,Falcon Systems Osaka Pvt. Ltd.,GU-0001,Falcon Systems Industries,44100000,Office machines,44000000,Office Equipment and Accessories and Supplies,PLT-SHA,Shanghai Plant,APAC,China,SAP_S4HANA,NET45,Net 45,45
INV-001395,2026-03-06,2026-04-05,30,true,87769.75,USD,SUP-00075,Everest Bearing Works Queretaro Ltda.,GU-0018,Everest Bearing Works Inc.,44110000,Desk accessories,44000000,Office Equipment and Accessories and Supplies,PLT-SAO,Sao Paulo Plant,LATAM,Brazil,SAP_S4HANA,EOM15,End of month + 15,30
INV-001396,2025-11-14,2026-01-13,60,true,935510.46,USD,SUP-00025,Orion Polymers Monterrey S.A.,GU-0006,Orion Polymers Group,43210000,Computer equipment,43000000,Information Technology Broadcasting and Telecommunications,PLT-MTY,Monterrey Plant,LATAM,Mexico,SAP_S4HANA,D2N15N45,2% 15 Net 45,45
INV-001397,2025-12-05,2025-12-15,10,true,147546.26,USD,SUP-00056,Sequoia Fluid Systems Campinas S.A.,GU-0014,Sequoia Fluid Systems Global,40170000,Compressors and blowers,40000000,Distribution and Conditioning Systems and Equipment,PLT-ROT,Rotterdam DC,EMEA,Netherlands,SAP_S4HANA,NET10,Net 10,10
INV-001398,2026-01-21,2026-02-14,24,true,425165.24,USD,SUP-00019,Umbra Fasteners Charlotte Co.,GU-0004,Umbra Fasteners International,44120000,Office supplies,44000000,Office Equipment and Accessories and Supplies,PLT-SAO,Sao Paulo Plant,LATAM,Brazil,SAP_S4HANA,NET11,Net 11,11
INV-001399,2025-10-10,2025-11-04,25,true,75192.13,USD,SUP-00048,Halcyon Controls Charlotte Co.,GU-0011,Halcyon Controls Corporation,90100000,Catering and restaurants,90000000,Travel and Food and Lodging and Entertainment Services,PLT-DET,Detroit Plant,NAMER,United States,CONCUR,MP10,"Monthly, paid 10th",25
INV-001400,2026-06-07,2026-07-11,34,true,63694.54,USD,SUP-00017,Orion Supply Co Chennai Co. Ltd.,GU-0003,Orion Supply Co International,44120000,Office supplies,44000000,Office Equipment and Accessories and Supplies,PLT-SNG,Singapore Hub,APAC,Singapore,SAP_S4HANA,NET21,Net 21,21
INV-001401,2026-01-25,2026-06-27,153,true,635084.42,USD,SUP-00029,Vantage Technologies Rotterdam Ltd.,GU-0007,Vantage Technologies Inc.,72100000,Facility maintenance,72000000,Building and Facility Maintenance Services,PLT-CLT,Charlotte Plant,NAMER,United States,FIELDGLASS,NET150,Net 150,150
INV-001402,2026-02-16,2026-03-06,18,true,468362.23,USD,SUP-00024,Apex Supply Co Lyon AG,GU-0005,Apex Supply Co Global,31350000,Machined castings,31000000,Manufacturing Components and Supplies,PLT-LYO,Lyon Plant,EMEA,France,SAP_S4HANA,NET14,Net 14,14
INV-001403,2026-03-28,2026-04-14,17,true,233984.63,USD,SUP-00005,Falcon Systems Singapore Pte. Ltd.,GU-0001,Falcon Systems Industries,44100000,Office machines,44000000,Office Equipment and Accessories and Supplies,PLT-PUN,Pune Plant,APAC,India,SAP_S4HANA,NET15,Net 15,15
INV-001404,2026-05-12,2026-05-29,17,true,618030.57,USD,SUP-00001,Falcon Systems Osaka Pvt. Ltd.,GU-0001,Falcon Systems Industries,44100000,Office machines,44000000,Office Equipment and Accessories and Supplies,PLT-PUN,Pune Plant,APAC,India,SAP_S4HANA,NET15,Net 15,15
INV-001405,2025-09-16,2025-11-18,63,true,179017.02,USD,SUP-00142,Halcyon Tooling Lyon GmbH,GU-0035,Halcyon Tooling International,44120000,Office supplies,44000000,Office Equipment and Accessories and Supplies,PLT-HOU,Houston Plant,NAMER,United States,SAP_S4HANA,,,
INV-001406,2025-07-06,2025-08-17,42,true,452663.03,USD,SUP-00012,Frontier Polymers Charlotte LLC,GU-0002,Frontier Polymers Global,31160000,Hardware and fasteners,31000000,Manufacturing Components and Supplies,PLT-PUN,Pune Plant,APAC,India,SAP_ECC,MP25,"Monthly, paid 25th",40
INV-001407,2025-09-03,2025-10-23,50,true,1928580.39,USD,SUP-00022,Umbra Fasteners Toronto LLC,GU-0004,Umbra Fasteners International,31160000,Hardware and fasteners,31000000,Manufacturing Components and Supplies,PLT-HOU,Houston Plant,NAMER,United States,ARIBA,D15N10N30,1.5% 10 Net 30,30
INV-001408,2026-01-03,2026-03-02,58,true,776834.57,USD,SUP-00132,Titan Industrial Supply Osaka Pte. Ltd.,GU-0033,Titan Industrial Supply International,80110000,HR services,80000000,Management and Business Professionals and Admin Services,PLT-CHN,Chennai Plant,APAC,India,SAP_S4HANA,NET60,Net 60,60
INV-001409,2026-03-09,2026-03-20,11,true,117108.74,USD,SUP-00061,Sequoia Fluid Systems Sao Paulo S.A.,GU-0014,Sequoia Fluid Systems Global,40170000,Compressors and blowers,40000000,Distribution and Conditioning Systems and Equipment,PLT-SAO,Sao Paulo Plant,LATAM,Brazil,CONCUR,NET10,Net 10,10
INV-001410,2025-10-09,2025-10-11,2,true,698940.66,USD,SUP-00041,Frontier Solutions Monterrey Ltda.,GU-0009,Frontier Solutions Corporation,40170000,Compressors and blowers,40000000,Distribution and Conditioning Systems and Equipment,PLT-MTY,Monterrey Plant,LATAM,Mexico,SAP_S4HANA,NET00,Immediate / Due on receipt,0
INV-001411,2025-08-06,2025-09-24,49,true,1061194.43,USD,SUP-00026,Orion Polymers Monterrey S.A. de C.V.,GU-0006,Orion Polymers Group,43210000,Computer equipment,43000000,Information Technology Broadcasting and Telecommunications,PLT-CLT,Charlotte Plant,NAMER,United States,SAP_S4HANA,NET30,Net 30,30
INV-001412,2026-05-08,2026-06-23,46,true,151491.65,USD,SUP-00006,Falcon Systems Nagoya Pte. Ltd.,GU-0001,Falcon Systems Industries,44100000,Office machines,44000000,Office Equipment and Accessories and Supplies,PLT-SNG,Singapore Hub,APAC,Singapore,SAP_S4HANA,NET45,Net 45,45
INV-001413,2026-02-27,2026-05-01,63,true,4575059.74,USD,SUP-00193,Bluepeak Manufacturing Detroit LLC,GU-0047,Bluepeak Manufacturing International,72100000,Facility maintenance,72000000,Building and Facility Maintenance Services,PLT-TOR,Toronto Plant,NAMER,Canada,FIELDGLASS,D2N10N45,2% 10 Net 45,45
INV-001414,2025-07-19,2025-07-20,1,true,417868.35,USD,SUP-00043,Zenith Bearings Monterrey Ltda.,GU-0010,Zenith Bearings Industries,76120000,Waste management,76000000,Industrial Cleaning Services,PLT-SAO,Sao Paulo Plant,LATAM,Brazil,SAP_S4HANA,NET00,Immediate / Due on receipt,0
INV-001415,2026-01-04,2026-04-16,102,true,48776.2,USD,SUP-00051,Apex Chemicals Sao Paulo S.A. de C.V.,GU-0013,Apex Chemicals Corporation,44120000,Office supplies,44000000,Office Equipment and Accessories and Supplies,PLT-DET,Detroit Plant,NAMER,United States,SAP_S4HANA,NET100,Net 100,100
INV-001416,2025-12-07,2026-03-02,85,true,235681.02,USD,SUP-00022,Umbra Fasteners Toronto LLC,GU-0004,Umbra Fasteners International,,,,,PLT-MAN,Manchester Plant,EMEA,United Kingdom,SAP_S4HANA,NET50,Net 50,50
INV-001417,2025-07-21,2025-07-24,3,true,89443.13,USD,SUP-00133,Titan Industrial Supply Singapore Ltd.,GU-0033,Titan Industrial Supply International,44120000,Office supplies,44000000,Office Equipment and Accessories and Supplies,PLT-SHA,Shanghai Plant,APAC,China,SAP_ECC,NET02,Net 2,2
INV-001418,2026-01-17,2026-04-09,82,true,150131.58,USD,SUP-00044,Zenith Bearings Queretaro S.A. de C.V.,GU-0010,Zenith Bearings Industries,76120000,Waste management,76000000,Industrial Cleaning Services,PLT-MTY,Monterrey Plant,LATAM,Mexico,SAP_ECC,NET60,Net 60,60
INV-001419,2026-02-25,2026-04-12,46,true,17136.25,USD,SUP-00002,Falcon Systems Bengaluru Pte. Ltd.,GU-0001,Falcon Systems Industries,44100000,Office machines,44000000,Office Equipment and Accessories and Supplies,PLT-PUN,Pune Plant,APAC,India,SAP_ECC,NET45,Net 45,45
INV-001420,2025-08-30,2025-10-15,46,true,301525.41,USD,SUP-00004,Falcon Systems Chennai Co. Ltd.,GU-0001,Falcon Systems Industries,44100000,Office machines,44000000,Office Equipment and Accessories and Supplies,PLT-SNG,Singapore Hub,APAC,Singapore,ARIBA,NET45,Net 45,45
INV-001421,2025-08-19,2025-08-27,8,true,226193.81,USD,SUP-00008,Frontier Polymers Detroit Corp.,GU-0002,Frontier Polymers Global,31160000,Hardware and fasteners,31000000,Manufacturing Components and Supplies,PLT-DET,Detroit Plant,NAMER,United States,SAP_S4HANA,D2N10N45,2% 10 Net 45,45
INV-001422,2026-06-16,,,false,273719.86,USD,SUP-00004,Falcon Systems Chennai Co. Ltd.,GU-0001,Falcon Systems Industries,44100000,Office machines,44000000,Office Equipment and Accessories and Supplies,PLT-SNG,Singapore Hub,APAC,Singapore,SAP_S4HANA,NET15,Net 15,15
INV-001423,2025-07-30,2025-07-31,1,true,4655282.1,USD,SUP-00123,Monarch Energy Bengaluru Ltd.,GU-0030,Monarch Energy International,25170000,Vehicle components and accessories,25000000,Commercial and Private Vehicles and Components,PLT-SHA,Shanghai Plant,APAC,China,SAP_S4HANA,NET10,Net 10,10
INV-001424,2025-11-17,2025-12-24,37,true,152752.25,USD,SUP-00013,Orion Supply Co Osaka Pvt. Ltd.,GU-0003,Orion Supply Co International,90120000,Travel services,90000000,Travel and Food and Lodging and Entertainment Services,PLT-PUN,Pune Plant,APAC,India,SAP_S4HANA,NET14,Net 14,14
INV-001425,2026-01-13,,,false,58153.39,USD,SUP-00014,Orion Supply Co Osaka Pte. Ltd.,GU-0003,Orion Supply Co International,90120000,Travel services,90000000,Travel and Food and Lodging and Entertainment Services,PLT-PUN,Pune Plant,APAC,India,CONCUR,NET08,Net 8,8
INV-001426,2025-07-27,2025-08-28,32,true,309817.4,USD,SUP-00075,Everest Bearing Works Queretaro Ltda.,GU-0018,Everest Bearing Works Inc.,,,,,PLT-SAO,Sao Paulo Plant,LATAM,Brazil,SAP_S4HANA,EOM15,End of month + 15,30
INV-001427,2025-07-06,2025-07-18,12,true,2176898.12,USD,SUP-00049,Marlin Controls Shenzhen Co. Ltd.,GU-0012,Marlin Controls Group,72100000,Facility maintenance,72000000,Building and Facility Maintenance Services,PLT-CHN,Chennai Plant,APAC,India,SAP_S4HANA,NET08,Net 8,8
INV-001428,2026-02-21,2026-03-26,33,true,1106479.71,USD,SUP-00051,Apex Chemicals Sao Paulo S.A. de C.V.,GU-0013,Apex Chemicals Corporation,27140000,Hydraulic machinery,27000000,Tools and General Machinery,PLT-MTY,Monterrey Plant,LATAM,Mexico,SAP_ECC,NET35,Net 35,35
INV-001429,2026-03-10,2026-04-03,24,true,332273.37,USD,SUP-00083,Silverline Fabrication Pune Pte. Ltd.,GU-0020,Silverline Fabrication Industries,25100000,Motor vehicles,25000000,Commercial and Private Vehicles and Components,PLT-SNG,Singapore Hub,APAC,Singapore,FIELDGLASS,NET45,Net 45,45
INV-001430,2026-04-12,2026-04-18,6,true,500212.46,USD,SUP-00003,Falcon Systems Osaka Pte. Ltd.,GU-0001,Falcon Systems Industries,44100000,Office machines,44000000,Office Equipment and Accessories and Supplies,PLT-PUN,Pune Plant,APAC,India,ARIBA,NET05,Net 5,5
INV-001431,2025-09-02,2025-10-23,51,true,887163.37,USD,SUP-00088,Anchor Manufacturing Nagoya Co. Ltd.,GU-0022,Anchor Manufacturing Global,80100000,Management consulting,80000000,Management and Business Professionals and Admin Services,PLT-DET,Detroit Plant,NAMER,United States,SAP_S4HANA,NET45,Net 45,45
INV-001432,2025-11-29,2025-12-13,14,true,263784.81,USD,SUP-00175,Kestrel Controls Chennai Ltd.,GU-0043,Kestrel Controls Holdings,76110000,Cleaning services,76000000,Industrial Cleaning Services,PLT-CHN,Chennai Plant,APAC,India,FIELDGLASS,NET10,Net 10,10
INV-001433,2025-08-04,2025-08-12,8,true,136043.76,USD,SUP-00007,Frontier Polymers Charlotte Inc.,GU-0002,Frontier Polymers Global,44120000,Office supplies,44000000,Office Equipment and Accessories and Supplies,PLT-STU,Stuttgart Plant,EMEA,Germany,SAP_S4HANA,NET07,Net 7,7
INV-001434,2025-09-30,2025-10-15,15,true,211700.48,USD,SUP-00019,Umbra Fasteners Charlotte Co.,GU-0004,Umbra Fasteners International,31160000,Hardware and fasteners,31000000,Manufacturing Components and Supplies,PLT-DET,Detroit Plant,NAMER,United States,SAP_S4HANA,NET02,Net 2,2
INV-001435,2026-02-25,2026-04-28,62,true,424983.27,USD,SUP-00048,Halcyon Controls Charlotte Co.,GU-0011,Halcyon Controls Corporation,31350000,Machined castings,31000000,Manufacturing Components and Supplies,PLT-TOR,Toronto Plant,NAMER,Canada,SAP_ECC,NET45,Net 45,45
INV-001436,2026-01-15,2026-02-16,32,true,2150374.03,USD,SUP-00050,Marlin Controls Osaka Pte. Ltd.,GU-0012,Marlin Controls Group,72100000,Facility maintenance,72000000,Building and Facility Maintenance Services,PLT-PUN,Pune Plant,APAC,India,FIELDGLASS,EOM15,End of month + 15,30
INV-001437,2026-06-21,2026-06-26,5,true,491972.65,USD,SUP-00041,Frontier Solutions Monterrey Ltda.,GU-0009,Frontier Solutions Corporation,40170000,Compressors and blowers,40000000,Distribution and Conditioning Systems and Equipment,PLT-SAO,Sao Paulo Plant,LATAM,Brazil,SAP_ECC,NET00,Immediate / Due on receipt,0
INV-001438,2025-11-01,2025-12-19,48,true,21252.44,USD,SUP-00001,Falcon Systems Osaka Pvt. Ltd.,GU-0001,Falcon Systems Industries,44100000,Office machines,44000000,Office Equipment and Accessories and Supplies,PLT-PUN,Pune Plant,APAC,India,SAP_S4HANA,NET45,Net 45,45
INV-001439,2025-09-22,2025-09-26,4,true,709017.8,USD,SUP-00206,Marlin Freight Shenzhen Co. Ltd.,GU-0050,Marlin Freight Holdings,44120000,Office supplies,44000000,Office Equipment and Accessories and Supplies,PLT-SNG,Singapore Hub,APAC,Singapore,SAP_ECC,NET25,Net 25,25
INV-001440,2025-12-21,2026-01-09,19,true,252117.42,USD,SUP-00002,Falcon Systems Bengaluru Pte. Ltd.,GU-0001,Falcon Systems Industries,44100000,Office machines,44000000,Office Equipment and Accessories and Supplies,PLT-CHN,Chennai Plant,APAC,India,SAP_S4HANA,NET15,Net 15,15
INV-001441,2025-10-17,2025-12-10,54,true,3922971.41,USD,SUP-00198,Falcon Consulting Charlotte LLC,GU-0048,Falcon Consulting Corporation,43220000,Networking equipment,43000000,Information Technology Broadcasting and Telecommunications,PLT-DET,Detroit Plant,NAMER,United States,SAP_ECC,NET45,Net 45,45
INV-001442,2025-11-15,2026-01-04,50,true,560276.62,USD,SUP-00005,Falcon Systems Singapore Pte. Ltd.,GU-0001,Falcon Systems Industries,,,,,PLT-PUN,Pune Plant,APAC,India,SAP_S4HANA,NET45,Net 45,45
INV-001443,2025-11-23,2025-12-19,26,true,246263.42,USD,SUP-00046,Zenith Bearings Queretaro S.A. de C.V.,GU-0010,Zenith Bearings Industries,76120000,Waste management,76000000,Industrial Cleaning Services,PLT-SAO,Sao Paulo Plant,LATAM,Brazil,SAP_ECC,NET13,Net 13,13
INV-001444,2026-01-20,2026-02-21,32,true,264753.09,USD,SUP-00020,Umbra Fasteners Houston Corp.,GU-0004,Umbra Fasteners International,31160000,Hardware and fasteners,31000000,Manufacturing Components and Supplies,PLT-TOR,Toronto Plant,NAMER,Canada,SAP_S4HANA,NET10,Net 10,10
INV-001445,2025-12-03,2026-02-03,62,true,135465.76,USD,SUP-00008,Frontier Polymers Detroit Corp.,GU-0002,Frontier Polymers Global,31160000,Hardware and fasteners,31000000,Manufacturing Components and Supplies,PLT-HOU,Houston Plant,NAMER,United States,SAP_S4HANA,NET60,Net 60,60
INV-001446,2026-02-08,2026-03-20,40,true,279038.1,USD,SUP-00021,Umbra Fasteners Montreal Co.,GU-0004,Umbra Fasteners International,31160000,Hardware and fasteners,31000000,Manufacturing Components and Supplies,PLT-HOU,Houston Plant,NAMER,United States,SAP_S4HANA,D15N10N30,1.5% 10 Net 30,30
INV-001447,2026-03-18,2026-05-05,48,true,298254.01,USD,SUP-00135,Titan Industrial Supply Singapore Pte. Ltd.,GU-0033,Titan Industrial Supply International,44120000,Office supplies,44000000,Office Equipment and Accessories and Supplies,PLT-CHN,Chennai Plant,APAC,India,ARIBA,MILESTONE,Milestone based,45
INV-001448,2026-05-27,2026-07-12,46,true,360185.4,USD,SUP-00015,Orion Supply Co Osaka Pvt. Ltd.,GU-0003,Orion Supply Co International,90120000,Travel services,90000000,Travel and Food and Lodging and Entertainment Services,PLT-CHN,Chennai Plant,APAC,India,CONCUR,NET21,Net 21,21
INV-001449,2026-06-27,2026-07-14,17,true,191441.69,USD,SUP-00023,Umbra Fasteners Detroit Corp.,GU-0004,Umbra Fasteners International,44120000,Office supplies,44000000,Office Equipment and Accessories and Supplies,PLT-SHA,Shanghai Plant,APAC,China,ARIBA,NET02,Net 2,2
INV-001450,2025-09-04,2025-10-08,34,true,80659.39,USD,SUP-00077,Everest Cloud Services Milan GmbH,GU-0019,Everest Cloud Services Industries,47130000,Cleaning supplies,47000000,Cleaning Equipment and Supplies,PLT-SNG,Singapore Hub,APAC,Singapore,SAP_S4HANA,NET50,Net 50,50
INV-001451,2025-07-09,2025-07-31,22,true,547438.3,USD,SUP-00047,Halcyon Controls Cleveland Inc.,GU-0011,Halcyon Controls Corporation,90100000,Catering and restaurants,90000000,Travel and Food and Lodging and Entertainment Services,PLT-SHA,Shanghai Plant,APAC,China,SAP_S4HANA,MP10,"Monthly, paid 10th",25
INV-001452,2026-02-22,2026-04-12,49,true,1631919.5,USD,SUP-00127,Westfield Automation Singapore Pte. Ltd.,GU-0031,Westfield Automation Inc.,27110000,Hand tools,27000000,Tools and General Machinery,PLT-PUN,Pune Plant,APAC,India,SAP_S4HANA,NET50,Net 50,50
INV-001453,2025-11-26,2025-12-25,29,true,37056.73,USD,SUP-00169,Kestrel Instruments Houston Corp.,GU-0042,Kestrel Instruments Industries,44120000,Office supplies,44000000,Office Equipment and Accessories and Supplies,PLT-HOU,Houston Plant,NAMER,United States,SAP_S4HANA,D2N10N30,2% 10 Net 30,30
INV-001454,2026-04-01,,,false,205756.78,USD,SUP-00050,Marlin Controls Osaka Pte. Ltd.,GU-0012,Marlin Controls Group,72100000,Facility maintenance,72000000,Building and Facility Maintenance Services,PLT-CLT,Charlotte Plant,NAMER,United States,SAP_S4HANA,NET150,Net 150,150
INV-001455,2025-10-12,2025-10-29,17,true,274841.2,USD,SUP-00010,Frontier Polymers Charlotte LLC,GU-0002,Frontier Polymers Global,31160000,Hardware and fasteners,31000000,Manufacturing Components and Supplies,PLT-DET,Detroit Plant,NAMER,United States,SAP_S4HANA,NET08,Net 8,8
INV-001456,2026-03-17,2026-06-06,81,true,299707.46,USD,SUP-00014,Orion Supply Co Osaka Pte. Ltd.,GU-0003,Orion Supply Co International,,,,,PLT-CHN,Chennai Plant,APAC,India,FIELDGLASS,NET60,Net 60,60
INV-001457,2026-02-26,2026-05-12,75,true,167024.49,USD,SUP-00155,Windward Machinery Shanghai Co. Ltd.,GU-0038,Windward Machinery Group,47130000,Cleaning supplies,47000000,Cleaning Equipment and Supplies,PLT-CHN,Chennai Plant,APAC,India,ARIBA,NET75,Net 75,75
INV-001458,2025-12-14,2026-02-27,75,true,80154.59,USD,SUP-00017,Orion Supply Co Chennai Co. Ltd.,GU-0003,Orion Supply Co International,44120000,Office supplies,44000000,Office Equipment and Accessories and Supplies,PLT-PUN,Pune Plant,APAC,India,SAP_S4HANA,NET60,Net 60,60
INV-001459,2025-10-12,2025-12-03,52,true,345042.34,USD,SUP-00005,Falcon Systems Singapore Pte. Ltd.,GU-0001,Falcon Systems Industries,44100000,Office machines,44000000,Office Equipment and Accessories and Supplies,PLT-LYO,Lyon Plant,EMEA,France,ARIBA,NET45,Net 45,45
INV-001460,2026-05-15,2026-05-30,15,true,85787.47,USD,SUP-00077,Everest Cloud Services Milan GmbH,GU-0019,Everest Cloud Services Industries,47130000,Cleaning supplies,47000000,Cleaning Equipment and Supplies,PLT-STU,Stuttgart Plant,EMEA,Germany,SAP_S4HANA,,,
INV-001461,2025-11-20,2025-12-12,22,true,332821.72,USD,SUP-00006,Falcon Systems Nagoya Pte. Ltd.,GU-0001,Falcon Systems Industries,44100000,Office machines,44000000,Office Equipment and Accessories and Supplies,PLT-SNG,Singapore Hub,APAC,Singapore,SAP_ECC,NET15,Net 15,15
INV-001462,2025-08-26,2025-09-30,35,true,80413.72,USD,SUP-00080,Everest Cloud Services Eindhoven Ltd.,GU-0019,Everest Cloud Services Industries,47130000,Cleaning supplies,47000000,Cleaning Equipment and Supplies,PLT-CLT,Charlotte Plant,NAMER,United States,SAP_S4HANA,NET50,Net 50,50
INV-001463,2026-03-18,2026-03-21,3,true,77585.5,USD,SUP-00007,Frontier Polymers Charlotte Inc.,GU-0002,Frontier Polymers Global,44120000,Office supplies,44000000,Office Equipment and Accessories and Supplies,PLT-HOU,Houston Plant,NAMER,United States,ARIBA,NET04,Net 4,4
INV-001464,2026-05-30,2026-08-10,72,true,194428.57,USD,SUP-00025,Orion Polymers Monterrey S.A.,GU-0006,Orion Polymers Group,31200000,Adhesives and sealants,31000000,Manufacturing Components and Supplies,PLT-MTY,Monterrey Plant,LATAM,Mexico,SAP_S4HANA,,,
INV-001465,2026-02-21,2026-03-03,10,true,304872.08,USD,SUP-00024,Apex Supply Co Lyon AG,GU-0005,Apex Supply Co Global,31350000,Machined castings,31000000,Manufacturing Components and Supplies,PLT-MAN,Manchester Plant,EMEA,United Kingdom,SAP_S4HANA,NET14,Net 14,14
INV-001466,2025-07-02,2025-07-25,23,true,190479.57,USD,SUP-00011,Frontier Polymers Montreal Co.,GU-0002,Frontier Polymers Global,44120000,Office supplies,44000000,Office Equipment and Accessories and Supplies,PLT-DET,Detroit Plant,NAMER,United States,SAP_ECC,MP10,"Monthly, paid 10th",25
INV-001467,2025-10-21,2025-11-09,19,true,360140.93,USD,SUP-00069,Harbor Packaging Queretaro S.A.,GU-0016,Harbor Packaging Holdings,44120000,Office supplies,44000000,Office Equipment and Accessories and Supplies,PLT-SAO,Sao Paulo Plant,LATAM,Brazil,ARIBA,NET04,Net 4,4
INV-001468,2026-04-29,2026-05-26,27,true,37936.79,USD,SUP-00011,Frontier Polymers Montreal Co.,GU-0002,Frontier Polymers Global,44120000,Office supplies,44000000,Office Equipment and Accessories and Supplies,PLT-DET,Detroit Plant,NAMER,United States,ARIBA,NET21,Net 21,21
INV-001469,2026-02-01,2026-02-27,26,true,933742.89,USD,SUP-00110,Yellowstone Technologies Montreal Inc.,GU-0027,Yellowstone Technologies Industries,31160000,Hardware and fasteners,31000000,Manufacturing Components and Supplies,PLT-DET,Detroit Plant,NAMER,United States,SAP_S4HANA,NET21,Net 21,21
INV-001470,2025-07-29,2025-09-02,35,true,866892.75,USD,SUP-00033,Vantage Technologies Turin AG,GU-0007,Vantage Technologies Inc.,,,,,PLT-LYO,Lyon Plant,EMEA,France,ARIBA,NET30,Net 30,30
INV-001471,2025-08-06,2025-10-16,71,true,514771.24,USD,SUP-00048,Halcyon Controls Charlotte Co.,GU-0011,Halcyon Controls Corporation,31350000,Machined castings,31000000,Manufacturing Components and Supplies,PLT-CLT,Charlotte Plant,NAMER,United States,SAP_S4HANA,NET90,Net 90,90
INV-001472,2026-04-25,2026-05-25,30,true,40190.41,USD,SUP-00081,Everest Cloud Services Eindhoven S.A.,GU-0019,Everest Cloud Services Industries,47130000,Cleaning supplies,47000000,Cleaning Equipment and Supplies,PLT-STU,Stuttgart Plant,EMEA,Germany,SAP_ECC,NET50,Net 50,50
INV-001473,2026-03-20,2026-04-17,28,true,166448.69,USD,SUP-00011,Frontier Polymers Montreal Co.,GU-0002,Frontier Polymers Global,44120000,Office supplies,44000000,Office Equipment and Accessories and Supplies,PLT-DET,Detroit Plant,NAMER,United States,SAP_ECC,NET25,Net 25,25
INV-001474,2026-05-20,2026-05-27,7,true,2100122.31,USD,SUP-00002,Falcon Systems Bengaluru Pte. Ltd.,GU-0001,Falcon Systems Industries,44100000,Office machines,44000000,Office Equipment and Accessories and Supplies,PLT-CLT,Charlotte Plant,NAMER,United States,ARIBA,NET05,Net 5,5
INV-001475,2025-07-14,2025-07-27,13,true,319704.21,USD,SUP-00005,Falcon Systems Singapore Pte. Ltd.,GU-0001,Falcon Systems Industries,44100000,Office machines,44000000,Office Equipment and Accessories and Supplies,PLT-SHA,Shanghai Plant,APAC,China,CONCUR,NET15,Net 15,15
INV-001476,2026-04-10,2026-04-30,20,true,243019.73,USD,SUP-00001,Falcon Systems Osaka Pvt. Ltd.,GU-0001,Falcon Systems Industries,44100000,Office machines,44000000,Office Equipment and Accessories and Supplies,PLT-PUN,Pune Plant,APAC,India,SAP_ECC,NET15,Net 15,15
INV-001477,2025-12-15,2025-12-19,4,true,440198.32,USD,SUP-00041,Frontier Solutions Monterrey Ltda.,GU-0009,Frontier Solutions Corporation,40170000,Compressors and blowers,40000000,Distribution and Conditioning Systems and Equipment,PLT-MTY,Monterrey Plant,LATAM,Mexico,CONCUR,NET00,Immediate / Due on receipt,0
INV-001478,2026-06-02,,,false,474313.41,USD,SUP-00003,Falcon Systems Osaka Pte. Ltd.,GU-0001,Falcon Systems Industries,44100000,Office machines,44000000,Office Equipment and Accessories and Supplies,PLT-MAN,Manchester Plant,EMEA,United Kingdom,SAP_S4HANA,NET45,Net 45,45
INV-001479,2026-06-11,2026-06-22,11,true,453604.06,USD,SUP-00003,Falcon Systems Osaka Pte. Ltd.,GU-0001,Falcon Systems Industries,44100000,Office machines,44000000,Office Equipment and Accessories and Supplies,PLT-CHN,Chennai Plant,APAC,India,ARIBA,NET15,Net 15,15
INV-001480,2026-03-05,2026-06-21,108,true,1477679.4,USD,SUP-00009,Frontier Polymers Montreal Inc.,GU-0002,Frontier Polymers Global,31160000,Hardware and fasteners,31000000,Manufacturing Components and Supplies,PLT-DET,Detroit Plant,NAMER,United States,ARIBA,NET100,Net 100,100
INV-001481,2026-05-05,2026-05-21,16,true,1479371.23,USD,SUP-00005,Falcon Systems Singapore Pte. Ltd.,GU-0001,Falcon Systems Industries,44100000,Office machines,44000000,Office Equipment and Accessories and Supplies,PLT-MAN,Manchester Plant,EMEA,United Kingdom,SAP_S4HANA,NET15,Net 15,15
INV-001482,2025-11-12,2025-12-04,22,true,140116.4,USD,SUP-00002,Falcon Systems Bengaluru Pte. Ltd.,GU-0001,Falcon Systems Industries,44100000,Office machines,44000000,Office Equipment and Accessories and Supplies,PLT-CHN,Chennai Plant,APAC,India,SAP_S4HANA,NET15,Net 15,15
INV-001483,2025-10-20,2025-12-02,43,true,874134.67,USD,SUP-00065,Yellowstone Solutions Monterrey Ltda.,GU-0015,Yellowstone Solutions Global,31160000,Hardware and fasteners,31000000,Manufacturing Components and Supplies,PLT-MTY,Monterrey Plant,LATAM,Mexico,SAP_S4HANA,MP25,"Monthly, paid 25th",40
INV-001484,2025-08-23,2025-10-08,46,true,1158903.37,USD,SUP-00028,Orion Polymers Sao Paulo Ltda.,GU-0006,Orion Polymers Group,43210000,Computer equipment,43000000,Information Technology Broadcasting and Telecommunications,PLT-MTY,Monterrey Plant,LATAM,Mexico,SAP_ECC,D2N10N30,2% 10 Net 30,30
INV-001485,2025-08-16,2025-08-24,8,true,113779.89,USD,SUP-00005,Falcon Systems Singapore Pte. Ltd.,GU-0001,Falcon Systems Industries,44100000,Office machines,44000000,Office Equipment and Accessories and Supplies,PLT-PUN,Pune Plant,APAC,India,SAP_S4HANA,NET05,Net 5,5
INV-001486,2026-02-27,2026-03-04,5,true,350450.14,USD,SUP-00004,Falcon Systems Chennai Co. Ltd.,GU-0001,Falcon Systems Industries,44100000,Office machines,44000000,Office Equipment and Accessories and Supplies,PLT-SHA,Shanghai Plant,APAC,China,SAP_S4HANA,NET05,Net 5,5
INV-001487,2025-07-02,2025-07-11,9,true,311226.66,USD,SUP-00007,Frontier Polymers Charlotte Inc.,GU-0002,Frontier Polymers Global,44120000,Office supplies,44000000,Office Equipment and Accessories and Supplies,PLT-DET,Detroit Plant,NAMER,United States,SAP_ECC,NET02,Net 2,2
INV-001488,2025-07-30,2025-09-08,40,true,746220.35,USD,SUP-00152,Cobalt Fabrication Queretaro Ltda.,GU-0037,Cobalt Fabrication Holdings,72100000,Facility maintenance,72000000,Building and Facility Maintenance Services,PLT-SAO,Sao Paulo Plant,LATAM,Brazil,FIELDGLASS,NET40,Net 40,40
INV-001489,2025-11-01,2025-12-03,32,true,1054012.84,USD,SUP-00052,Apex Chemicals Sao Paulo S.A.,GU-0013,Apex Chemicals Corporation,84120000,Banking and finance services,84000000,Financial and Insurance Services,PLT-SAO,Sao Paulo Plant,LATAM,Brazil,ARIBA,NET35,Net 35,35
INV-001490,2026-02-08,2026-03-28,48,true,533316.79,USD,SUP-00002,Falcon Systems Bengaluru Pte. Ltd.,GU-0001,Falcon Systems Industries,44100000,Office machines,44000000,Office Equipment and Accessories and Supplies,PLT-PUN,Pune Plant,APAC,India,ARIBA,NET45,Net 45,45
INV-001491,2025-10-15,2025-11-30,46,true,460330.85,USD,SUP-00006,Falcon Systems Nagoya Pte. Ltd.,GU-0001,Falcon Systems Industries,44100000,Office machines,44000000,Office Equipment and Accessories and Supplies,PLT-SNG,Singapore Hub,APAC,Singapore,SAP_ECC,NET45,Net 45,45
INV-001492,2025-11-18,2025-12-05,17,true,71796.35,USD,SUP-00004,Falcon Systems Chennai Co. Ltd.,GU-0001,Falcon Systems Industries,44100000,Office machines,44000000,Office Equipment and Accessories and Supplies,PLT-PUN,Pune Plant,APAC,India,SAP_S4HANA,NET15,Net 15,15
INV-001493,2026-01-13,2026-05-12,119,true,30074.34,USD,SUP-00093,Dynamo Freight Leeds AG,GU-0023,Dynamo Freight Inc.,44110000,Desk accessories,44000000,Office Equipment and Accessories and Supplies,PLT-PUN,Pune Plant,APAC,India,SAP_S4HANA,NET120,Net 120,120
INV-001494,2026-05-24,2026-07-17,54,true,55413.43,USD,SUP-00027,Orion Polymers Queretaro Ltda.,GU-0006,Orion Polymers Group,31200000,Adhesives and sealants,31000000,Manufacturing Components and Supplies,PLT-SAO,Sao Paulo Plant,LATAM,Brazil,SAP_S4HANA,D2N10N30,2% 10 Net 30,30
INV-001495,2025-08-02,2025-08-30,28,true,106022.32,USD,SUP-00002,Falcon Systems Bengaluru Pte. Ltd.,GU-0001,Falcon Systems Industries,44100000,Office machines,44000000,Office Equipment and Accessories and Supplies,PLT-DET,Detroit Plant,NAMER,United States,ARIBA,,,
INV-001496,2025-10-28,2025-11-16,19,true,67492.6,USD,SUP-00014,Orion Supply Co Osaka Pte. Ltd.,GU-0003,Orion Supply Co International,90120000,Travel services,90000000,Travel and Food and Lodging and Entertainment Services,PLT-PUN,Pune Plant,APAC,India,CONCUR,NET08,Net 8,8
INV-001497,2025-12-10,2026-01-28,49,true,104336.17,USD,SUP-00003,Falcon Systems Osaka Pte. Ltd.,GU-0001,Falcon Systems Industries,44100000,Office machines,44000000,Office Equipment and Accessories and Supplies,PLT-CHN,Chennai Plant,APAC,India,SAP_S4HANA,NET45,Net 45,45
INV-001498,2026-03-28,2026-05-27,60,true,1024674.21,USD,SUP-00027,Orion Polymers Queretaro Ltda.,GU-0006,Orion Polymers Group,31200000,Adhesives and sealants,31000000,Manufacturing Components and Supplies,PLT-MTY,Monterrey Plant,LATAM,Mexico,CONCUR,D2N15N45,2% 15 Net 45,45
INV-001499,2026-01-28,2026-03-12,43,true,97666.39,USD,SUP-00002,Falcon Systems Bengaluru Pte. Ltd.,GU-0001,Falcon Systems Industries,44100000,Office machines,44000000,Office Equipment and Accessories and Supplies,PLT-CHN,Chennai Plant,APAC,India,SAP_ECC,NET45,Net 45,45
INV-001500,2026-02-18,2026-03-07,17,true,953201.77,USD,SUP-00024,Apex Supply Co Lyon AG,GU-0005,Apex Supply Co Global,31350000,Machined castings,31000000,Manufacturing Components and Supplies,PLT-STU,Stuttgart Plant,EMEA,Germany,SAP_S4HANA,NET14,Net 14,14
